Timestamp;angle
0;3.012738
1090;2.978991
2078;3.012738
3079;3.005069
4077;3.035748
5078;3.005069
6093;3.037282
7078;2.975923
8076;3.028078
9077;3.035748
10080;3.025010
11077;3.025010
12080;2.980525
13076;3.021942
14079;2.994331
15080;3.021942
16090;3.026544
17093;3.025010
18076;3.011204
19078;2.991263
20076;3.029612
21091;2.992797
22076;3.029612
23080;3.012738
24081;3.000467
25079;2.994331
26080;3.014272
27078;3.037282
28092;3.009670
29079;2.998933
30080;2.998933
31079;3.014272
32080;2.998933
33078;3.006603
34077;3.035748
35081;3.021942
36076;3.015806
37079;2.994331
38087;3.005069
39090;3.023476
40080;3.029612
41079;3.015806
42079;3.015806
43078;2.994331
44079;3.023476
45079;3.034214
46080;3.011204
47078;3.028078
48079;2.991263
49092;3.025010
50078;3.028078
51077;3.018874
52077;3.028078
53076;2.957515
54078;3.012738
55077;2.989729
56078;3.015806
57076;3.012738
58077;3.029612
59094;3.020408
60077;2.997399
61078;3.037282
62077;3.014272
63078;3.034214
64076;3.021942
65078;2.989729
66077;2.991263
67078;3.021942
68077;3.034214
69092;3.018874
70092;3.021942
71077;2.985127
72080;3.020408
73081;2.985127
74081;3.028078
75076;3.018874
76080;2.985127
77081;3.008137
78079;2.977457
79081;3.061826
80094;3.011204
81079;3.031146
82077;3.005069
83080;3.008137
84078;2.980525
85079;3.028078
86079;3.031146
87079;2.980525
88077;3.017340
89079;2.977457
90092;3.017340
91077;3.028078
92076;3.025010
93078;3.021942
94077;3.011204
95078;3.018874
96077;2.997399
97078;3.035748
98076;3.015806
99077;3.034214
100077;3.005069
101094;3.000467
102080;3.032680
103078;3.015806
104079;3.028078
105079;3.003535
106079;3.018874
107077;2.985127
108078;3.014272
109077;3.040350
110078;3.026544
111077;3.028078
112094;2.988195
113080;3.041884
114079;2.988195
115080;3.031146
116079;3.023476
117079;2.988195
118078;2.988195
119079;3.003535
120079;3.031146
121079;3.014272
122091;3.032680
123081;2.978991
124080;3.026544
125081;2.978991
126081;3.015806
127081;3.023476
128079;2.939107
129081;3.017340
130080;2.982059
131076;3.031146
132091;3.029612
133081;3.028078
134077;3.026544
135081;3.018874
136077;3.000467
137078;3.008137
138079;3.021942
139077;3.005069
140078;3.006603
141077;2.992797
142091;3.012738
143081;3.040350
144079;3.014272
145080;3.032680
146078;2.988195
147079;3.015806
148077;2.991263
149079;3.012738
150077;3.023476
151078;3.031146
152077;3.017340
153093;2.945243
154081;3.015806
155077;3.025010
156081;3.031146
157077;3.012738
158080;2.988195
159081;3.000467
160079;3.009670
161081;3.031146
162078;2.998933
163093;3.028078
164080;2.994331
165081;3.021942
166079;2.991263
167079;3.015806
168077;3.025010
169079;2.965185
170077;3.020408
171079;2.988195
172077;3.031146
173092;3.018874
174077;3.034214
175081;2.998933
176077;3.003535
177080;3.000467
178080;3.018874
179078;3.031146
180079;3.031146
181078;3.034214
182079;2.980525
183090;3.020408
184080;3.023476
185078;3.017340
186079;3.021942
187077;2.982059
188078;3.017340
189077;2.986661
190078;3.031146
191077;3.014272
192078;3.031146
193077;3.009670
194093;3.003535
195078;3.055690
196081;3.008137
197077;3.031146
198080;3.006603
199081;3.002001
200079;2.971321
201081;3.026544
202078;3.032680
203080;3.000467
204077;3.020408
205093;2.989729
206080;3.018874
207080;2.985127
208077;3.029612
209078;3.018874
210076;3.005069
211078;3.014272
212076;3.003535
213077;3.034214
214080;3.021942
215091;3.035748
216078;2.994331
217079;3.018874
218077;2.980525
219079;3.018874
220077;3.031146
221078;2.995865
222076;3.032680
223078;2.985127
224076;3.017340
225077;3.037282
226091;3.025010
227079;3.017340
228080;2.982059
229079;3.021942
230080;2.992797
231078;3.034214
232079;3.018874
233077;3.034214
234078;2.995865
235077;3.034214
236093;3.037282
237081;3.005069
238076;3.035748
239080;3.032680
240080;3.000467
241079;2.931437
242080;3.028078
243078;3.014272
244079;3.003535
245077;3.020408
246094;2.991263
247077;2.998933
248077;3.003535
249076;3.012738
250077;3.017340
251081;2.974389
252076;3.020408
253079;2.991263
254081;3.029612
255079;3.006603
256091;3.032680
257077;2.988195
258080;3.011204
259077;2.995865
260080;3.017340
261081;3.035748
262079;3.002001
263080;3.029612
264079;2.980525
265080;3.015806
266091;3.031146
267077;3.028078
268080;3.017340
269076;2.977457
270080;3.012738
271081;2.986661
272079;3.037282
273080;3.014272
274079;3.031146
275080;3.006603
276078;3.000467
277091;3.029612
278079;3.012738
279080;3.031146
280079;2.991263
281080;3.028078
282078;2.985127
283080;3.086370
284077;3.031146
285079;2.959049
286077;3.025010
287093;2.991263
288079;3.017340
289077;2.985127
290078;3.034214
291077;3.015806
292078;2.991263
293076;3.014272
294077;2.997399
295080;3.031146
296076;3.049554
297079;3.037282
298092;2.968253
299080;3.012738
300081;2.994331
301079;3.017340
302078;3.029612
303079;2.989729
304079;3.031146
305079;2.982059
306078;3.015806
307079;3.034214
308094;3.031146
309077;3.015806
310078;2.977457
311077;3.044952
312078;2.997399
313077;3.021942
314078;3.006603
315077;3.034214
316077;3.008137
317076;3.006603
318077;3.034214
319090;3.025010
320078;3.031146
321080;3.002001
322078;3.017340
323080;2.978991
324079;3.017340
325080;3.035748
326078;2.998933
327079;3.018874
328077;2.988195
329079;3.021942
330090;3.000467
331081;3.032680
332079;3.011204
333081;2.997399
334081;3.011204
335081;2.992797
336081;3.035748
337081;3.008137
338080;3.031146
339081;2.997399
340093;3.014272
341081;2.998933
342077;3.015806
343081;3.031146
344077;2.989729
345081;3.032680
346077;3.002001
347081;3.017340
348077;3.000467
349081;3.009670
350077;3.002001
351092;3.011204
352077;2.992797
353081;3.000467
354077;3.031146
355077;3.012738
356077;3.032680
357081;2.980525
358076;3.015806
359081;3.028078
360077;3.017340
361094;3.026544
362077;2.989729
363078;3.009670
364077;2.985127
365078;3.028078
366077;3.029612
367077;2.980525
368081;3.020408
369077;2.983593
370081;3.025010
371077;2.995865
372090;3.028078
373080;3.021942
374078;2.997399
375080;2.988195
376079;3.012738
377079;3.032680
378078;2.995865
379080;3.028078
380078;2.982059
381079;3.021942
382091;2.977457
383079;3.015806
384080;3.031146
385079;2.991263
386080;3.021942
387079;3.002001
388080;3.028078
389079;3.014272
390081;3.034214
391079;3.017340
392147;2.994331
393081;3.029612
394077;3.011204
395077;3.031146
396080;3.009670
397081;3.034214
398079;2.994331
399079;3.012738
400077;3.031146
401078;3.015806
402077;3.031146
403094;2.985127
404077;3.021942
405078;2.986661
406077;3.009670
407078;3.014272
408077;2.978991
409078;2.997399
410077;2.997399
411078;3.021942
412077;3.020408
413078;3.046486
414095;3.014272
415081;3.009670
416077;3.000467
417080;3.026544
418081;3.035748
419080;3.003535
420080;3.029612
421078;2.994331
422079;3.011204
423078;2.977457
424093;3.021942
425081;3.021942
426077;2.983593
427081;3.017340
428077;2.978991
429081;3.021942
430081;3.018874
431080;3.029612
432080;3.014272
433078;3.002001
434093;3.037282
435081;3.012738
436077;3.028078
437080;3.000467
438081;3.023476
439079;2.994331
440081;3.015806
441079;3.026544
442080;3.018874
443078;3.017340
444131;2.982059
445079;3.017340
446077;2.988195
447078;3.025010
448077;3.025010
449078;2.968253
450077;2.991263
451078;2.994331
452077;3.041884
453078;3.032680
454077;3.017340
455091;3.012738
456079;3.037282
457080;3.015806
458077;3.038816
459079;3.029612
460077;3.006603
461078;3.026544
462077;2.977457
463078;3.017340
464077;2.989729
465093;3.021942
466081;3.028078
467077;2.985127
468081;2.988195
469077;2.986661
470081;3.035748
471081;3.018874
472079;3.034214
473080;3.012738
474078;2.991263
475092;3.031146
476080;3.015806
477080;3.032680
478078;2.989729
479080;3.046486
480078;2.977457
481079;3.015806
482077;3.026544
483079;3.017340
484077;3.018874
485078;2.985127
486090;3.025010
487078;2.988195
488079;3.034214
489077;3.020408
490078;2.980525
491077;3.020408
492078;2.994331
493076;3.034214
494077;3.025010
495080;3.037282
496091;3.008137
497079;3.000467
498080;2.994331
499079;3.014272
500080;3.037282
501078;3.014272
502079;3.025010
503077;2.991263
504078;3.003535
505076;2.951379
506078;3.009670
507094;3.021942
508076;2.985127
509078;3.015806
510076;2.989729
511077;3.031146
512080;3.017340
513076;3.035748
514080;3.005069
515076;3.003535
516091;3.031146
517090;3.014272
518078;3.034214
519079;3.009670
520077;3.002001
521079;2.986661
522077;3.015806
523078;3.018874
524076;3.028078
525077;3.023476
526081;2.991263
527093;3.015806
528079;2.988195
529077;3.031146
530078;3.008137
531077;2.988195
532078;3.011204
533076;3.014272
534077;3.032680
535081;2.995865
536077;3.029612
537092;3.002001
538090;3.005069
539078;2.994331
540079;3.008137
541077;3.034214
542078;2.982059
543076;3.029612
544077;2.974389
545081;3.012738
546077;2.988195
547091;3.028078
548094;3.012738
549077;2.985127
550078;3.015806
551076;3.009670
552078;3.034214
553076;3.015806
554077;3.029612
555081;3.011204
556076;3.018874
557079;3.025010
558090;3.017340
559078;3.008137
560079;3.017340
561078;2.992797
562079;2.972855
563077;3.006603
564081;3.011204
565077;3.009670
566081;3.026544
567077;2.957515
568080;3.017340
569094;3.005069
570079;3.031146
571079;3.020408
572079;2.985127
573077;2.991263
574078;2.995865
575077;3.031146
576078;3.009670
577077;3.032680
578077;3.026544
579090;3.015806
580078;2.994331
581079;3.017340
582077;3.028078
583079;2.994331
584079;3.029612
585080;2.978991
586078;3.012738
587079;2.994331
588078;3.017340
589080;3.017340
590091;2.985127
591081;2.986661
592081;3.009670
593081;3.034214
594081;3.017340
595076;3.046486
596080;3.008137
597081;3.006603
598079;3.034214
599081;3.017340
600092;3.035748
601078;2.982059
602077;3.031146
603078;2.978991
604077;3.017340
605077;3.032680
606077;2.980525
607078;3.017340
608076;2.989729
609078;3.015806
610144;2.989729
611079;3.034214
612081;3.015806
613079;2.939107
614080;2.978991
615079;2.995865
616079;3.031146
617078;3.018874
618078;3.035748
619078;2.992797
620079;3.012738
621091;2.954447
622081;3.012738
623081;3.029612
624081;2.978991
625081;3.028078
626081;2.986661
627080;3.020408
628081;2.985127
629080;3.028078
630081;3.008137
631079;2.986661
632094;3.002001
633079;2.994331
634077;3.028078
635078;3.104777
636077;3.009670
637077;2.988195
638081;3.006603
639077;3.029612
640081;3.009670
641077;3.026544
642088;2.985127
643093;3.028078
644077;2.978991
645076;3.021942
646078;3.023476
647077;3.025010
648077;3.021942
649076;2.985127
650078;3.035748
651077;2.997399
652077;3.043418
653090;3.008137
654080;2.997399
655079;2.977457
656080;3.009670
657079;3.031146
658077;3.020408
659078;3.029612
660077;2.986661
661078;3.012738
662077;2.985127
663092;3.015806
664079;3.018874
665080;2.779573
666078;3.041884
667080;3.034214
668078;3.008137
669080;3.044952
670077;3.014272
671078;3.011204
672077;2.989729
673094;3.014272
674079;3.008137
675077;3.031146
676078;2.997399
677081;3.029612
678077;2.995865
679081;3.012738
680077;3.029612
681081;3.023476
682077;3.029612
683081;2.983593
684090;3.025010
685078;2.988195
686079;3.017340
687077;3.023476
688078;3.031146
689077;3.018874
690078;2.989729
691076;3.028078
692077;3.014272
693081;3.034214
694094;3.014272
695077;2.995865
696078;3.002001
697081;2.994331
698077;3.035748
699081;3.018874
700077;3.029612
701081;2.980525
702077;3.003535
703081;2.982059
704077;3.015806
705094;3.032680
706080;2.983593
707077;3.012738
708078;2.986661
709077;3.028078
710078;2.995865
711077;3.041884
712078;2.995865
713077;2.982059
714078;3.005069
715090;3.012738
716080;3.028078
717077;2.988195
718078;3.032680
719077;2.975923
720078;3.018874
721077;3.032680
722078;2.978991
723077;3.032680
724078;2.978991
725081;3.021942
726094;3.003535
727076;3.028078
728077;3.029612
729081;3.025010
730081;3.023476
731080;2.986661
732080;3.018874
733078;3.000467
734079;3.035748
735077;3.014272
736094;3.005069
737079;2.960583
738077;3.012738
739079;3.032680
740077;3.026544
741078;3.031146
742076;2.983593
743077;3.015806
744081;3.003535
745077;3.012738
746080;3.026544
747094;2.980525
748076;3.014272
749077;2.991263
750080;3.037282
751076;3.015806
752080;3.015806
753081;3.011204
754079;3.000467
755081;3.000467
756079;3.012738
757091;3.034214
758079;2.992797
759080;3.031146
760078;2.995865
761079;3.014272
762078;3.032680
763079;3.021942
764077;3.021942
765078;2.971321
766076;3.023476
767090;2.972855
768081;3.015806
769079;3.017340
770081;3.025010
771078;3.012738
772079;3.008137
773077;3.017340
774078;3.029612
775076;2.986661
776078;3.017340
777092;3.034214
778091;2.977457
779080;3.017340
780081;3.032680
781079;3.015806
782080;3.029612
783078;2.985127
784079;3.015806
785077;2.985127
786079;3.012738
787077;3.023476
788093;2.980525
789077;3.023476
790078;2.991263
791076;3.028078
792077;2.989729
793080;3.034214
794076;3.011204
795080;3.005069
796081;2.992797
797079;3.025010
798090;3.032680
799081;2.977457
800079;3.028078
801080;2.974389
802079;3.017340
803080;3.029612
804078;3.017340
805079;3.032680
806077;2.982059
807078;3.017340
808076;3.002001
809093;3.025010
810079;3.020408
811078;3.034214
812079;3.031146
813077;2.988195
814078;3.034214
815076;3.014272
816078;3.040350
817076;3.006603
818077;2.997399
819081;2.978991
820094;3.011204
821077;3.031146
822078;3.054156
823076;3.002001
824077;2.980525
825081;3.014272
826077;2.985127
827077;3.037282
828081;3.021942
829077;2.980525
830094;3.003535
831077;3.017340
832077;3.031146
833077;3.003535
834078;3.025010
835077;3.000467
836078;2.994331
837077;2.982059
838077;2.983593
839081;3.032680
840077;2.994331
841094;3.032680
842079;2.980525
843079;3.012738
844079;3.032680
845078;3.015806
846079;3.026544
847078;2.986661
848078;3.017340
849077;2.988195
850078;3.028078
851090;3.011204
852081;3.032680
853081;2.985127
854081;3.000467
855080;3.031146
856081;3.015806
857080;3.026544
858080;2.985127
859080;3.003535
860081;2.978991
861094;3.006603
862080;3.034214
863078;3.015806
864079;3.025010
865079;2.991263
866079;3.011204
867077;2.988195
868078;3.020408
869077;3.017340
870078;2.978991
871090;3.011204
872079;3.005069
873080;3.034214
874078;3.014272
875080;3.032680
876079;3.015806
877078;2.992797
878076;3.003535
879078;3.043418
880077;3.002001
881088;2.997399
882093;3.023476
883079;2.995865
884077;3.020408
885078;3.032680
886077;3.017340
887078;3.017340
888076;3.006603
889078;3.012738
890077;2.989729
891077;3.021942
892092;3.020408
893080;3.034214
894081;3.002001
895081;3.006603
896081;3.028078
897080;3.018874
898081;3.040350
899081;3.002001
900081;3.008137
901079;2.982059
902081;3.009670
903094;3.035748
904079;3.015806
905078;3.017340
906079;2.982059
907078;3.018874
908079;2.992797
909079;3.029612
910080;3.017340
911078;2.988195
912079;3.023476
913092;3.017340
914078;3.034214
915077;3.018874
916078;3.032680
917077;3.005069
918077;3.012738
919081;2.975923
920078;3.023476
921079;3.034214
922077;2.972855
923083;3.026544
924094;2.966719
925077;3.012738
926078;3.026544
927081;3.025010
928077;3.026544
929081;2.988195
930077;3.011204
931081;3.003535
932077;3.037282
933081;3.014272
934093;3.034214
935081;3.000467
936077;3.009670
937080;3.041884
938081;3.012738
939079;2.992797
940081;2.982059
941079;3.018874
942080;2.983593
943078;3.017340
944093;3.025010
945081;3.018874
946077;3.018874
947079;2.992797
948081;3.014272
949078;3.003535
950080;3.032680
951077;3.018874
952078;2.980525
953077;3.000467
954090;2.966719
955081;3.029612
956079;3.018874
957079;3.026544
958077;2.978991
959078;3.012738
960077;2.980525
961079;3.015806
962081;3.035748
963077;2.962117
964089;2.998933
965092;2.985127
966079;3.015806
967080;3.028078
968077;3.020408
969079;3.000467
970081;2.992797
971077;3.014272
972081;2.992797
973081;3.025010
974079;3.015806
975090;3.028078
976081;3.000467
977079;3.017340
978079;3.026544
979078;3.015806
980079;3.031146
981078;2.995865
982080;3.026544
983077;3.012738
984078;3.008137
985090;3.043418
986094;3.023476
987081;3.025010
988077;3.009670
989081;3.035748
990077;2.986661
991080;3.031146
992080;3.008137
993078;2.991263
994079;3.008137
995077;3.009670
996077;3.031146
997093;3.026544
998076;3.029612
999077;2.994331
1000081;3.017340
1001077;2.978991
1002080;3.020408
1003076;3.035748
1004080;2.983593
1005081;3.025010
1006079;2.991263
1007080;3.029612
1008090;3.026544
1009078;3.031146
1010079;3.014272
1011077;3.000467
1012078;3.014272
1013076;2.997399
1014078;3.040350
1015076;3.015806
1016077;3.031146
1017080;3.009670
1018091;3.009670
1019080;3.040350
1020081;3.017340
1021079;3.031146
1022080;3.005069
1023078;3.008137
1024079;2.986661
1025078;3.015806
1026079;3.026544
1027077;3.028078
1028093;3.017340
1029079;2.997399
1030077;3.018874
1031079;3.000467
1032077;3.031146
1033078;3.020408
1034076;2.985127
1035078;3.009670
1036076;3.017340
1037077;3.064894
1038124;3.018874
1039079;3.037282
1040077;2.959049
1041078;2.986661
1042076;2.980525
1043077;3.015806
1044080;3.035748
1045076;2.978991
1046080;3.025010
1047080;2.985127
1048078;3.020408
1049091;3.017340
1050078;3.023476
1051080;3.018874
1052078;3.006603
1053079;3.017340
1054077;3.015806
1055078;2.998933
1056077;2.992797
1057078;3.034214
1058081;2.994331
1059093;3.012738
1060080;3.035748
1061076;3.017340
1062080;3.018874
1063081;2.988195
1064079;3.012738
1065080;2.986661
1066079;3.017340
1067080;3.032680
1068078;3.028078
1069092;3.017340
1070078;2.972855
1071076;3.015806
1072078;3.003535
1073076;3.031146
1074077;2.997399
1075076;3.003535
1076077;2.995865
1077080;3.012738
1078081;3.034214
1079133;3.020408
1080077;3.025010
1081081;2.974389
1082076;3.017340
1083080;2.992797
1084081;3.018874
1085079;3.014272
1086080;2.985127
1087078;3.017340
1088079;3.008137
1089079;3.021942
1090090;3.017340
1091078;3.009670
1092077;3.008137
1093078;3.018874
1094077;3.029612
1095078;3.032680
1096076;3.038816
1097077;2.989729
1098081;3.034214
1099078;3.002001
1100090;3.012738
1101081;3.026544
1102080;3.014272
1103081;3.028078
1104081;2.978991
1105081;3.008137
1106080;2.985127
1107081;3.028078
1108080;3.041884
1109081;3.049554
1110081;3.015806
1111092;2.997399
1112080;3.025010
1113081;2.997399
1114080;3.032680
1115077;3.026544
1116081;3.018874
1117081;2.985127
1118079;3.020408
1119081;3.028078
1120080;3.012738
1121158;3.031146
1122077;2.975923
1123078;3.012738
1124077;2.989729
1125077;3.029612
1126077;3.021942
1127078;2.985127
1128076;3.014272
1129078;2.977457
1130077;3.043418
1131079;3.020408
1132090;3.034214
1133081;3.020408
1134079;3.003535
1135081;2.985127
1136079;3.015806
1137080;3.034214
1138078;2.986661
1139079;3.034214
1140079;2.982059
1141079;3.012738
1142090;3.026544
1143081;3.031146
1144079;3.015806
1145080;3.003535
1146079;3.017340
1147079;3.000467
1148078;3.028078
1149080;3.021942
1150078;3.034214
1151080;3.009670
1152078;3.017340
1153094;3.032680
1154080;3.015806
1155079;3.041884
1156081;2.946777
1157079;3.015806
1158081;2.985127
1159080;3.014272
1160081;3.028078
1161080;3.017340
1162081;3.020408
1163094;2.994331
1164079;3.034214
1165078;3.012738
1166078;3.032680
1167076;3.018874
1168077;2.994331
1169081;3.009670
1170077;3.003535
1171081;3.003535
1172077;3.014272
1173086;3.051088
1174092;2.986661
1175077;3.018874
1176081;2.985127
1177076;3.012738
1178081;3.029612
1179076;2.985127
1180080;3.017340
1181081;3.002001
1182081;3.015806
1183079;3.020408
1184094;3.035748
1185077;3.012738
1186078;2.978991
1187081;3.034214
1188077;3.021942
1189081;3.032680
1190077;3.008137
1191081;3.023476
1192077;2.980525
1193081;3.009670
1194094;3.011204
1195081;2.997399
1196081;3.018874
1197079;3.032680
1198079;2.995865
1199077;2.998933
1200078;2.986661
1201077;2.991263
1202078;3.029612
1203077;3.000467
1204093;3.005069
1205078;3.009670
1206077;2.994331
1207077;3.037282
1208080;3.011204
1209081;3.012738
1210079;2.989729
1211081;3.014272
1212079;3.032680
1213079;3.000467
1214078;3.023476
1215093;2.975923
1216081;3.021942
1217076;2.997399
1218079;3.040350
1219081;3.021942
1220079;2.982059
1221080;3.003535
1222077;2.991263
1223078;3.031146
1224077;3.023476
1225078;3.034214
1226093;3.002001
1227081;2.995865
1228077;3.035748
1229081;3.003535
1230081;3.032680
1231079;2.994331
1232081;3.023476
1233079;2.980525
1234080;3.037282
1235078;3.040350
1236094;3.028078
1237081;3.014272
1238077;2.989729
1239081;3.011204
1240077;3.009670
1241080;3.029612
1242080;3.020408
1243078;3.034214
1244080;2.985127
1245077;3.018874
1246093;3.043418
1247080;3.012738
1248081;3.032680
1249079;3.011204
1250080;3.015806
1251078;2.991263
1252079;3.002001
1253077;3.025010
1254079;2.980525
1255081;3.018874
1256091;2.980525
1257081;3.003535
1258080;3.015806
1259081;3.029612
1260079;3.017340
1261080;3.003535
1262079;3.014272
1263080;3.017340
1264078;3.029612
1265079;3.008137
1266077;3.029612
1267093;2.980525
1268076;3.017340
1269078;3.029612
1270076;3.014272
1271077;3.028078
1272080;2.951379
1273076;3.021942
1274080;2.985127
1275081;3.017340
1276079;3.029612
1277091;3.031146
1278077;3.014272
1279080;2.985127
1280076;3.032680
1281080;3.018874
1282081;3.051088
1283079;3.017340
1284080;3.029612
1285079;2.983593
1286080;3.011204
1287089;3.005069
1288093;3.015806
1289076;3.029612
1290077;2.977457
1291076;3.009670
1292077;2.986661
1293080;3.015806
1294076;3.029612
1295079;2.977457
1296081;3.018874
1297078;2.994331
1298089;3.015806
1299081;2.991263
1300079;2.991263
1301080;3.008137
1302078;2.982059
1303077;2.997399
1304080;3.025010
1305076;3.021942
1306079;3.000467
1307080;3.014272
1308078;3.005069
1309090;3.015806
1310078;3.023476
1311079;3.021942
1312077;3.032680
1313079;2.983593
1314077;3.021942
1315078;2.985127
1316076;3.021942
1317077;3.009670
1318081;3.028078
1319092;3.017340
1320078;2.997399
1321076;3.034214
1322077;2.997399
1323081;3.034214
1324076;3.000467
1325079;3.035748
1326080;2.980525
1327078;2.994331
1328079;3.035748
1329078;3.012738
1330090;3.025010
1331079;2.974389
1332079;3.025010
1333078;2.986661
1334079;3.017340
1335077;3.026544
1336078;2.977457
1337076;3.021942
1338077;3.020408
1339081;3.028078
1340084;3.009670
1341093;3.028078
1342081;3.012738
1343077;2.982059
1344080;3.009670
1345081;3.009670
1346079;3.034214
1347080;3.005069
1348079;3.025010
1349080;2.978991
1350078;3.017340
1351090;3.026544
1352081;3.015806
1353080;3.031146
1354081;2.994331
1355081;3.023476
1356081;2.991263
1357080;3.015806
1358080;3.006603
1359080;3.037282
1360081;3.012738
1361092;2.997399
1362080;3.035748
1363076;3.015806
1364080;3.031146
1365081;3.002001
1366079;3.043418
1367081;2.969787
1368079;3.015806
1369080;3.034214
1370079;3.015806
1371081;3.029612
1372092;2.982059
1373077;2.980525
1374081;2.991263
1375077;3.017340
1376081;3.018874
1377081;2.988195
1378079;3.014272
1379081;2.983593
1380080;3.031146
1381081;2.994331
1382093;3.035748
1383080;3.014272
1384081;2.992797
1385080;2.989729
1386081;3.020408
1387080;3.028078
1388081;2.948311
1389081;3.028078
1390081;2.977457
1391080;3.015806
1392081;3.009670
1393094;3.009670
1394079;3.026544
1395078;2.980525
1396080;3.021942
1397078;2.985127
1398079;3.021942
1399078;3.026544
1400080;3.028078
1401079;3.014272
1402080;3.006603
1403093;3.005069
1404078;3.020408
1405076;3.034214
1406077;2.998933
1407077;2.994331
1408078;2.994331
1409077;2.998933
1410078;3.005069
1411077;3.034214
1412078;2.998933
1413077;3.006603
1414094;3.014272
1415079;2.985127
1416077;3.018874
1417078;3.025010
1418077;2.971321
1419078;3.023476
1420076;2.991263
1421078;3.031146
1422077;3.012738
1423078;3.031146
1424090;3.017340
1425079;3.003535
1426079;2.997399
1427077;3.012738
1428078;3.031146
1429077;3.006603
1430077;3.031146
1431077;2.977457
1432078;3.012738
1433077;3.063360
1434112;3.015806
1435080;3.028078
1436081;2.985127
1437080;3.017340
1438081;3.008137
1439079;3.025010
1440080;3.021942
1441078;3.031146
1442080;3.006603
1443079;3.002001
1444081;3.031146
1445090;3.018874
1446078;3.034214
1447079;3.000467
1448077;3.023476
1449078;2.992797
1450077;3.014272
1451079;3.031146
1452077;3.015806
1453078;3.032680
1454077;2.992797
1455078;3.017340
1456112;2.975923
1457081;3.032680
1458079;3.009670
1459080;2.980525
1460077;3.003535
1461078;3.003535
1462077;3.026544
1463078;2.995865
1464077;3.037282
1465078;3.006603
1466077;2.992797
1467090;2.983593
1468078;3.018874
1469079;3.026544
1470078;3.003535
1471079;3.025010
1472078;2.978991
1473080;3.014272
1474077;3.017340
1475079;3.018874
1476077;3.015806
1477078;2.986661
1478094;3.011204
1479077;2.980525
1480078;3.028078
1481077;3.009670
1482078;3.034214
1483077;3.017340
1484078;2.994331
1485077;3.052622
1486078;3.020408
1487081;3.034214
1488090;2.997399
1489078;3.025010
1490079;2.982059
1491077;3.018874
1492078;3.025010
1493077;3.018874
1494078;3.029612
1495077;2.982059
1496078;3.015806
1497081;2.986661
1498090;3.028078
1499077;3.017340
1500078;2.986661
1501077;3.017340
1502078;2.989729
1503077;3.031146
1504079;3.002001
1505081;3.034214
1506077;3.009670
1507081;3.015806
1508081;2.986661
1509080;3.017340
1510091;3.035748
1511081;2.994331
1512080;3.017340
1513080;2.998933
1514078;3.025010
1515080;2.995865
1516077;3.011204
1517078;3.011204
1518079;2.968253
1519079;3.005069
1520078;2.975923
1521093;3.035748
1522078;3.014272
1523077;3.034214
1524078;3.005069
1525076;2.985127
1526078;3.028078
1527081;3.012738
1528076;3.034214
1529080;2.994331
1530076;3.035748
1531080;2.975923
1532091;3.012738
1533079;3.032680
1534080;3.015806
1535078;3.023476
1536079;2.980525
1537077;3.017340
1538078;2.985127
1539077;3.020408
1540078;3.023476
1541076;2.983593
1542093;3.011204
1543076;2.985127
1544077;3.029612
1545080;3.015806
1546076;3.029612
1547079;2.989729
1548080;3.002001
1549079;2.991263
1550080;3.015806
1551078;3.032680
1552092;2.989729
1553090;3.031146
1554078;2.985127
1555079;3.012738
1556077;3.032680
1557078;3.037282
1558076;3.018874
1559077;2.982059
1560076;3.017340
1561077;3.006603
1562080;3.031146
1563093;3.021942
1564081;3.034214
1565077;3.006603
1566080;3.012738
1567081;3.021942
1568079;3.018874
1569080;3.034214
1570078;2.994331
1571080;3.028078
1572078;2.978991
1573094;3.014272
1574077;3.040350
1575078;3.026544
1576076;3.040350
1577077;2.977457
1578080;3.018874
1579076;2.986661
1580080;3.017340
1581081;3.018874
1582079;3.002001
1583093;3.000467
1584078;3.009670
1585077;3.041884
1586078;3.020408
1587076;3.028078
1588078;3.002001
1589076;3.015806
1590077;2.991263
1591081;3.018874
1592077;3.031146
1593080;2.980525
1594094;3.023476
1595077;2.994331
1596078;3.023476
1597076;3.029612
1598077;3.021942
1599080;3.015806
1600076;2.980525
1601080;3.017340
1602081;2.985127
1603079;3.037282
1604092;3.015806
1605080;3.032680
1606076;3.014272
1607079;3.006603
1608080;3.031146
1609078;3.008137
1610079;3.031146
1611078;2.978991
1612079;3.038816
1613079;2.983593
1614078;3.012738
1615092;3.028078
1616077;3.021942
1617081;3.023476
1618081;3.006603
1619081;3.026544
1620081;3.002001
1621079;3.018874
1622081;3.107845
1623079;3.006603
1624080;3.015806
1625090;3.020408
1626078;3.017340
1627079;3.000467
1628078;3.011204
1629080;3.008137
1630078;3.026544
1631080;2.985127
1632079;3.015806
1633079;3.031146
1634078;3.014272
1635124;3.031146
1636081;2.980525
1637081;3.017340
1638080;3.029612
1639081;3.009670
1640080;3.025010
1641081;2.986661
1642080;3.002001
1643076;2.985127
1644080;3.113981
1645081;3.021942
1646090;3.032680
1647079;2.992797
1648078;2.994331
1649080;3.034214
1650078;3.014272
1651080;3.035748
1652078;2.975923
1653079;3.026544
1654079;2.977457
1655079;3.015806
1656092;3.031146
1657076;3.018874
1658080;3.025010
1659077;2.978991
1660080;3.012738
1661081;3.009670
1662080;3.017340
1663081;3.020408
1664081;3.000467
1665081;3.015806
1666094;2.989729
1667077;3.018874
1668078;3.043418
1669077;3.031146
1670077;2.991263
1671077;3.009670
1672078;2.992797
1673077;3.014272
1674078;3.032680
1675077;2.998933
1676083;3.035748
1677091;2.978991
1678081;3.018874
1679081;3.032680
1680081;3.017340
1681081;3.023476
1682081;2.985127
1683081;3.055690
1684081;2.994331
1685079;3.034214
1686081;3.015806
1687093;3.031146
1688077;3.021942
1689077;3.009670
1690078;3.035748
1691077;3.012738
1692078;3.032680
1693076;2.972855
1694077;3.032680
1695081;2.978991
1696077;3.012738
1697092;3.034214
1698080;3.052622
1699076;3.021942
1700080;2.986661
1701081;3.025010
1702081;3.005069
1703081;3.023476
1704081;3.025010
1705081;2.985127
1706081;3.017340
1707084;2.997399
1708095;3.031146
1709077;3.003535
1710078;3.028078
1711077;3.012738
1712078;3.021942
1713077;3.023476
1714078;3.014272
1715077;3.032680
1716078;3.008137
1717081;3.028078
1718077;2.975923
1719094;3.012738
1720080;3.032680
1721077;3.021942
1722078;3.017340
1723077;2.998933
1724078;3.012738
1725080;3.000467
1726080;2.980525
1727077;3.003535
1728078;3.014272
1729091;3.017340
1730081;3.023476
1731079;3.017340
1732080;3.012738
1733077;3.035748
1734078;2.991263
1735077;3.034214
1736078;2.982059
1737081;3.014272
1738077;3.029612
1739081;3.014272
1740094;3.026544
1741081;2.978991
1742077;3.015806
1743081;2.980525
1744077;3.011204
1745081;3.023476
1746076;2.972855
1747079;3.017340
1748080;3.008137
1749078;3.025010
1750092;3.017340
1751079;3.031146
1752081;3.008137
1753079;3.014272
1754080;2.980525
1755078;3.015806
1756080;3.034214
1757077;3.011204
1758078;3.014272
1759077;2.985127
1760093;3.018874
1761078;3.032680
1762077;3.014272
1763079;3.034214
1764077;2.985127
1765078;2.963651
1766077;2.991263
1767078;3.031146
1768077;3.017340
1769078;3.038816
1770082;3.017340
1771094;3.012738
1772077;3.032680
1773078;3.005069
1774077;3.034214
1775078;3.015806
1776077;3.020408
1777078;2.982059
1778077;3.014272
1779079;3.029612
1780077;3.017340
1781090;3.025010
1782078;2.975923
1783079;3.017340
1784077;3.015806
1785078;3.012738
1786076;3.028078
1787077;2.995865
1788080;3.008137
1789076;2.985127
1790080;3.037282
1791081;3.002001
1792090;3.032680
1793078;3.008137
1794079;3.006603
1795077;2.992797
1796078;3.018874
1797076;3.040350
1798077;2.998933
1799081;3.066428
1800077;2.977457
1801080;3.011204
1802093;3.029612
1803079;3.015806
1804077;3.017340
1805078;2.982059
1806076;3.031146
1807077;2.989729
1808080;3.026544
1809077;3.014272
1810080;3.031146
1811076;3.012738
1812079;2.988195
1813091;3.025010
1814079;3.035748
1815080;3.035748
1816078;3.012738
1817079;3.026544
1818077;2.995865
1819079;3.006603
1820077;3.021942
1821078;3.018874
1822076;3.035748
1823078;2.983593
1824094;2.997399
1825077;2.980525
1826078;3.020408
1827076;3.028078
1828078;2.986661
1829076;3.026544
1830077;3.009670
1831081;3.008137
1832077;3.035748
1833080;3.008137
1834091;3.020408
1835080;3.003535
1836080;2.986661
1837078;3.029612
1838079;3.028078
1839078;3.006603
1840079;3.028078
1841077;2.974389
1842078;3.020408
1843077;3.032680
1844093;3.015806
1845078;3.028078
1846077;2.983593
1847078;3.021942
1848081;2.991263
1849077;3.026544
1850081;3.005069
1851077;3.040350
1852080;3.017340
1853076;3.000467
1854079;3.031146
1855091;3.012738
1856079;3.049554
1857080;3.020408
1858078;3.028078
1859080;2.972855
1860078;3.021942
1861079;3.031146
1862077;3.012738
1863078;3.037282
1864076;2.977457
1865094;3.023476
1866077;2.975923
1867078;3.017340
1868076;3.031146
1869078;2.995865
1870076;3.026544
1871077;2.995865
1872081;3.028078
1873077;3.009670
1874080;3.017340
1875079;3.017340
1876092;2.998933
1877076;2.998933
1878081;3.009670
1879081;3.028078
1880080;2.995865
1881081;3.026544
1882080;3.046486
1883076;3.014272
1884081;3.028078
1885081;3.052622
1886080;3.028078
1887094;2.986661
1888077;3.011204
1889078;2.985127
1890077;3.021942
1891078;3.031146
1892077;3.034214
1893078;3.028078
1894077;2.997399
1895078;3.023476
1896076;3.014272
1897090;3.032680
1898079;3.009670
1899080;3.031146
1900078;3.023476
1901080;3.017340
1902078;3.029612
1903080;3.012738
1904079;3.026544
1905079;2.983593
1906078;3.031146
1907088;2.978991
1908094;3.014272
1909079;3.026544
1910079;2.980525
1911079;3.021942
1912079;2.988195
1913080;3.028078
1914078;2.991263
1915080;3.058758
1916079;3.020408
1917079;3.002001
1918094;3.000467
1919079;3.021942
1920078;3.031146
1921079;3.002001
1922078;3.023476
1923079;2.978991
1924078;3.017340
1925079;3.029612
1926078;3.012738
1927079;3.017340
1928091;2.971321
1929079;3.026544
1930081;3.009670
1931080;3.012738
1932081;3.015806
1933079;3.037282
1934080;3.020408
1935079;3.000467
1936080;3.021942
1937079;3.035748
1938080;2.997399
1939094;3.034214
1940079;3.032680
1941078;3.012738
1942078;2.969787
1943077;3.002001
1944078;3.012738
1945077;3.041884
1946078;2.991263
1947077;3.014272
1948078;2.972855
1949090;3.018874
1950081;3.011204
1951081;2.980525
1952081;3.008137
1953080;3.002001
1954081;3.017340
1955080;3.000467
1956081;3.028078
1957080;3.023476
1958080;3.012738
1959094;2.994331
1960077;3.012738
1961078;3.041884
1962077;3.008137
1963078;3.026544
1964077;2.978991
1965077;2.998933
1966076;3.029612
1967077;3.009670
1968076;3.031146
1969136;2.983593
1970078;3.017340
1971076;2.985127
1972077;3.009670
1973081;3.017340
1974081;3.034214
1975079;2.994331
1976080;2.994331
1977077;3.031146
1978078;3.012738
1979077;3.032680
1980093;3.011204
1981079;3.034214
1982081;2.980525
1983077;3.018874
1984081;3.035748
1985077;3.020408
1986081;3.038816
1987077;2.974389
1988080;3.017340
1989081;2.998933
1990090;3.003535
1991092;3.031146
1992079;2.983593
1993081;3.017340
1994079;3.003535
1995080;3.031146
1996078;3.020408
1997079;3.031146
1998077;3.003535
1999079;2.988195
2000077;2.995865
2001092;3.044952
2002080;3.040350
2003081;3.012738
2004079;3.021942
2005080;2.974389
2006077;3.017340
2007078;3.035748
2008077;3.021942
2009078;3.025010
2010077;2.985127
2011128;3.029612
2012081;2.989729
2013079;3.029612
2014080;3.017340
2015078;3.017340
2016080;3.049554
2017077;3.000467
2018078;3.029612
2019077;3.020408
2020078;3.034214
2021077;3.014272
2022092;3.037282
2023079;3.020408
2024081;3.014272
2025079;3.032680
2026080;3.017340
2027078;3.023476
2028079;2.983593
2029077;3.020408
2030078;3.000467
2031077;3.052622
2032090;3.032680
2033077;2.980525
2034078;3.025010
2035077;2.986661
2036078;3.077166
2037077;3.020408
2038078;3.028078
2039077;3.002001
2040078;3.017340
2041077;3.008137
2042092;3.014272
2043080;3.012738
2044080;3.003535
2045078;3.012738
2046080;2.998933
2047077;3.023476
2048078;2.986661
2049077;3.057224
2050078;3.032680
2051077;2.985127
2052077;3.017340
2053091;3.015806
2054077;3.028078
2055080;3.020408
2056076;3.021942
2057080;3.008137
2058080;3.000467
2059079;3.023476
2060080;3.025010
2061078;3.020408
2062079;3.006603
2063078;3.048020
2064079;2.977457
2065091;3.021942
2066079;3.035748
2067080;3.015806
2068079;3.023476
2069080;2.989729
2070078;3.005069
2071079;2.994331
2072077;3.021942
2073079;3.038816
2074077;2.986661
2075132;3.020408
2076077;2.994331
2077080;3.041884
2078081;3.005069
2079079;3.031146
2080080;3.009670
2081078;3.003535
2082079;2.986661
2083078;3.006603
2084079;3.041884
2085077;2.991263
2086093;3.038816
2087076;2.975923
2088077;3.020408
2089080;3.032680
2090076;3.037282
2091080;3.008137
2092076;2.980525
2093079;3.032680
2094080;2.995865
2095079;3.025010
2096092;3.028078
2097080;3.058758
2098081;2.971321
2099080;2.972855
2100080;3.025010
2101079;3.009670
2102080;3.064894
2103078;3.012738
2104079;3.034214
2105077;2.982059
2106093;3.003535
2107079;3.014272
2108077;3.015806
2109078;3.005069
2110077;2.978991
2111078;3.003535
2112076;2.971321
2113077;3.014272
2114081;3.012738
2115077;2.960583
2116080;3.003535
2117091;3.006603
2118079;3.015806
2119080;2.978991
2120078;3.000467
2121080;2.989729
2122078;2.988195
2123079;2.965185
2124077;2.985127
2125078;3.002001
2126076;2.965185
2127092;3.018874
2128080;2.926836
2129077;2.965185
2130080;2.983593
2131076;2.968253
2132079;3.000467
2133080;2.937573
2134079;2.949845
2135080;2.940641
2136078;2.951379
2137091;2.959049
2138079;2.966719
2139081;2.951379
2140079;2.916098
2141081;2.939107
2142079;2.946777
2143080;2.948311
2144079;2.922234
2145081;2.946777
2146079;2.896156
2147094;2.966719
2148077;2.913030
2149078;2.916098
2150077;2.903826
2151078;2.879282
2152077;2.873146
2153078;2.876214
2154077;2.882350
2155078;2.854738
2156077;2.851670
2157077;2.919166
2158090;2.860874
2159081;2.905360
2160081;2.837865
2161081;2.902292
2162080;2.865476
2163076;2.847068
2164080;2.830195
2165081;2.854738
2166079;2.885418
2167081;2.840933
2168092;2.873146
2169077;2.813321
2170081;2.830195
2171078;2.837865
2172076;2.844001
2173077;2.839399
2174081;2.782641
2175077;2.819457
2176081;2.790311
2177077;2.819457
2178094;2.825593
2179078;2.837865
2180078;2.764233
2181077;2.759631
2182078;2.804117
2183077;2.774971
2184078;2.793379
2185077;2.768835
2186078;2.785709
2187076;2.699806
2188077;2.758098
2189090;2.790311
2190081;2.742758
2191080;2.764233
2192081;2.682932
2193080;2.736622
2194081;2.696738
2195080;2.733554
2196081;2.722816
2197080;2.693670
2198081;2.707476
2199093;2.695204
2200078;2.709010
2201077;2.678330
2202077;2.705942
2203077;2.670661
2204078;2.666059
2205077;2.636913
2206078;2.659923
2207076;2.690602
2208077;2.601631
2209081;2.646117
2210092;2.598563
2211077;2.630777
2212081;2.643049
2213081;2.612369
2214079;2.623107
2215081;2.564816
2216079;2.597029
2217080;2.584758
2218078;2.632311
2219080;2.589360
2220092;2.574020
2221077;2.563282
2222081;2.523398
2223077;2.574020
2224081;2.538738
2225077;2.557146
2226081;2.518796
2227081;2.549476
2228081;2.471243
2229076;2.489651
2230093;2.520330
2231078;2.492719
2232077;2.557146
2233078;2.481981
2234077;2.478913
2235078;2.446699
2236077;2.478913
2237077;2.491185
2238081;2.429826
2239077;2.462039
2240152;2.442097
2241079;2.481981
2242077;2.462039
2243079;2.475845
2244077;2.462039
2245078;2.463573
2246081;2.414486
2247077;2.452835
2248080;2.489651
2249081;2.419088
2250079;2.446699
2251093;2.416020
2252080;2.448233
2253081;2.452835
2254079;2.435961
2255080;2.446699
2256078;2.414486
2257079;2.425224
2258077;2.521864
2259078;2.428292
2260077;2.419088
2261093;2.425224
2262081;2.435961
2263081;2.405282
2264080;2.457437
2265080;2.423690
2266078;2.432894
2267080;2.417554
2268078;2.425224
2269079;2.382272
2270078;2.408350
2271094;2.426758
2272079;2.408350
2273077;2.406816
2274078;2.373068
2275077;2.400680
2276078;2.359262
2277081;2.377670
2278077;2.403748
2279081;2.340855
2280081;2.373068
2281090;2.351593
2282081;2.389942
2283079;2.353127
2284080;2.377670
2285077;2.374602
2286078;2.362330
2287076;2.354661
2288077;2.374602
2289081;2.388408
2290077;2.328583
2291081;2.366932
2292090;2.325515
2293077;2.337787
2294078;2.365398
2295077;2.346991
2296078;2.346991
2297081;2.277961
2298077;2.345457
2299081;2.235010
2300077;2.353127
2301081;2.343923
2302090;2.379204
2303078;2.327049
2304079;2.304039
2305077;2.337787
2306078;2.319379
2307076;2.334719
2308077;2.300971
2309080;2.350059
2310076;2.285631
2311080;2.319379
2312088;2.322447
2313091;2.291767
2314079;2.294835
2315080;2.273360
2316078;2.293301
2317079;2.245748
2318077;2.271826
2319078;2.293301
2320076;2.256486
2321077;2.302505
2322080;2.251884
2323092;2.282563
2324077;2.256486
2325081;2.291767
2326077;2.277961
2327080;2.248816
2328081;2.236544
2329079;2.268758
2330080;2.294835
2331079;2.259554
2332080;2.277961
2333078;2.233476
2334090;2.290233
2335078;2.253418
2336079;2.259554
2337077;2.239612
2338078;2.227340
2339076;2.258020
2340077;2.221204
2341081;2.256486
2342077;2.241146
2343080;2.261088
2344081;2.241146
2345094;2.218136
2346076;2.248816
2347078;2.192059
2348076;2.245748
2349078;2.221204
2350081;2.228874
2351077;2.193593
2352080;2.218136
2353076;2.235010
2354079;2.215068
2355090;2.218136
2356078;2.173651
2357079;2.207398
2358077;2.198195
2359078;2.175185
2360077;2.192059
2361077;2.185923
2362080;2.178253
2363076;2.170583
2364079;2.208932
2365080;2.198195
2366094;2.175185
2367077;2.150641
2368078;2.170583
2369076;2.167515
2370077;2.169049
2371080;2.182855
2372076;2.155243
2373080;2.178253
2374081;2.123029
2375079;2.159845
2376094;2.167515
2377093;2.150641
2378080;2.173651
2379077;2.113826
2380080;2.138369
2381081;2.118428
2382079;2.158311
2383080;2.138369
2384079;2.146039
2385080;2.116894
2386078;2.100020
2387089;2.135301
2388077;2.104622
2389079;2.116894
2390077;2.090816
2391078;2.116894
2392076;2.087748
2393078;2.077010
2394076;2.121495
2395077;2.089282
2396080;2.095418
2397092;2.041728
2398080;2.098486
2399079;2.063204
2400080;2.086214
2401079;2.070874
2402079;2.043262
2403079;2.067806
2404081;2.043262
2405079;2.077010
2406080;2.055534
2407079;2.058602
2408092;2.032525
2409077;2.030991
2410081;2.012583
2411077;2.035593
2412081;2.066272
2413077;2.006447
2414081;2.035593
2415077;1.991107
2416081;2.023321
2417076;2.038661
2418094;2.024855
2419079;2.027923
2420078;1.980369
2421079;1.992641
2422078;1.960428
2423080;2.003379
2424079;1.981903
2425079;2.004913
2426078;1.974233
2427079;1.968097
2428090;1.994175
2429078;1.965029
2430079;1.988039
2431077;1.957360
2432079;1.975767
2433079;1.931282
2434080;1.968097
2435079;1.986505
2436080;1.942020
2437077;1.946622
2438090;1.911340
2439094;1.932816
2440079;1.911340
2441078;1.942020
2442079;1.923612
2443078;1.917476
2444079;1.926680
2445078;1.899068
2446078;1.943554
2447076;1.934350
2448077;1.937418
2449094;1.909806
2450079;1.926680
2451079;1.863787
2452079;1.906738
2453078;1.919010
2454079;1.877593
2455078;1.909806
2456079;1.849981
2457078;1.886796
2458078;1.935884
2459092;1.868389
2460077;1.889864
2461081;1.857651
2462081;1.866855
2463080;1.854583
2464081;1.882195
2465081;1.897534
2466081;1.882195
2467080;1.885262
2468081;1.871457
2469113;1.892932
2470081;1.885262
2471081;1.862253
2472081;1.823903
2473081;1.820835
2474081;1.813165
2475077;1.857651
2476080;1.857651
2477081;1.863787
2478080;1.845379
2479081;1.816233
2480092;1.837709
2481080;1.817767
2482081;1.851515
2483081;1.843845
2484081;1.817767
2485080;1.828505
2486081;1.834641
2487080;1.837709
2488081;1.823903
2489080;1.834641
2490094;1.828505
2491077;1.803962
2492078;1.782486
2493080;1.816233
2494078;1.833107
2495079;1.799360
2496078;1.831573
2497079;1.780952
2498077;1.797826
2499078;1.819301
2500083;1.813165
2501093;1.807029
2502081;1.774816
2503077;1.774816
2504081;1.768680
2505081;1.808563
2506080;1.793224
2507081;1.811631
2508079;1.770214
2509081;1.785554
2510079;1.788622
2511092;1.777884
2512081;1.805495
2513079;1.742602
2514081;1.780952
2515079;1.736466
2516079;1.765612
2517077;1.757942
2518078;1.762544
2519081;1.753340
2520077;1.733398
2521081;1.750272
2522091;1.730330
2523077;1.751806
2524081;1.738000
2525077;1.701185
2526079;1.699651
2527080;1.727262
2528077;1.722660
2529079;1.699651
2530077;1.725728
2531079;1.695049
2532083;1.688913
2533094;1.659767
2534081;1.695049
2535077;1.690447
2536081;1.661301
2537077;1.672039
2538080;1.635224
2539081;1.667437
2540079;1.667437
2541080;1.667437
2542078;1.655165
2543092;1.616816
2544080;1.650563
2545080;1.626020
2546078;1.655165
2547079;1.630622
2548077;1.647495
2549079;1.607612
2550077;1.587670
2551078;1.642893
2552077;1.598408
2553092;1.626020
2554077;1.584602
2555081;1.603010
2556077;1.547787
2557080;1.575398
2558081;1.583068
2559079;1.586136
2560081;1.572330
2561079;1.538583
2562080;1.569262
2563090;1.546253
2564081;1.547787
2565079;1.552389
2566080;1.538583
2567077;1.533981
2568078;1.527845
2569076;1.543185
2570077;1.535515
2571076;1.553923
2572077;1.533981
2573080;1.524777
2574092;1.500233
2575080;1.521709
2576081;1.517107
2577079;1.503301
2578080;1.509437
2579079;1.532447
2580079;1.503301
2581078;1.526311
2582079;1.515573
2583077;1.503301
2584089;1.468020
2585077;1.478758
2586079;1.463418
2587077;1.504835
2588078;1.458816
2589076;1.500233
2590078;1.474156
2591076;1.454214
2592077;1.480291
2593080;1.471088
2594093;1.483359
2595076;1.428136
2596077;1.460350
2597080;1.411262
2598081;1.441942
2599079;1.457282
2600080;1.437340
2601079;1.443476
2602080;1.405126
2603078;1.426602
2604090;1.408194
2605081;1.435806
2606079;1.422000
2607080;1.380583
2608078;1.402058
2609079;1.388253
2610077;1.428136
2611079;1.402058
2612077;1.409728
2613078;1.392855
2614076;1.400524
2615093;1.368311
2616081;1.382117
2617077;1.400524
2618080;1.397457
2619076;1.397457
2620080;1.354505
2621081;1.420466
2622079;1.385185
2623080;1.385185
2624078;1.382117
2625090;1.337631
2626080;1.362175
2627079;1.328427
2628080;1.377515
2629078;1.359107
2630079;1.371379
2631078;1.349903
2632079;1.333029
2633077;1.359107
2634078;1.340699
2635077;1.365243
2636093;1.322291
2637080;1.340699
2638076;1.333029
2639080;1.334563
2640081;1.349903
2641079;1.334563
2642080;1.334563
2643079;1.305418
2644080;1.322291
2645078;1.306952
2646079;1.334563
2647091;1.331495
2648078;1.294680
2649080;1.310020
2650078;1.310020
2651079;1.320758
2652077;1.303884
2653078;1.317690
2654076;1.291612
2655077;1.293146
2656081;1.296214
2657084;1.296214
2658093;1.302350
2659076;1.262466
2660077;1.296214
2661080;1.257864
2662079;1.282408
2663079;1.294680
2664078;1.285476
2665080;1.279340
2666078;1.248660
2667079;1.267068
2668092;1.240991
2669077;1.257864
2670081;1.257864
2671076;1.273204
2672080;1.257864
2673081;1.250194
2674081;1.270136
2675077;1.251728
2676080;1.253262
2677081;1.240991
2678093;1.239457
2679081;1.210311
2680077;1.231787
2681081;1.225651
2682077;1.234855
2683076;1.214913
2684077;1.217981
2685081;1.234855
2686077;1.193437
2687081;1.214913
2688094;1.210311
2689077;1.196505
2690078;1.182699
2691077;1.199573
2692078;1.199573
2693077;1.162758
2694078;1.207243
2695077;1.198039
2696078;1.170427
2697076;1.165825
2698092;1.181165
2699081;1.185767
2700081;1.142816
2701081;1.185767
2702081;1.133612
2703081;1.153554
2704081;1.175029
2705079;1.148952
2706081;1.152020
2707079;1.118272
2708081;1.135146
2709090;1.110602
2710078;1.153554
2711080;1.129010
2712078;1.142816
2713080;1.116738
2714079;1.104466
2715080;1.125942
2716079;1.101398
2717079;1.127476
2718078;1.110602
2719144;1.125942
2720079;1.049243
2721080;1.098330
2722078;1.106000
2723080;1.087592
2724079;1.089126
2725079;1.063049
2726077;1.076855
2727079;1.046175
2728077;1.084524
2729078;1.076855
2730090;1.036971
2731081;1.052311
2732080;1.040039
2733081;1.067651
2734080;1.047709
2735081;1.058447
2736081;1.026233
2737081;1.015495
2738079;1.006291
2739081;1.021631
2740092;1.030835
2741080;0.992486
2742081;1.027767
2743080;0.978680
2744081;1.006291
2745080;1.010893
2746081;1.000155
2747079;1.001689
2748080;0.964874
2749079;0.994020
2750094;0.957204
2751077;0.989418
2752077;0.977146
2753081;0.994020
2754077;0.966408
2755078;0.957204
2756077;0.975612
2757078;0.951068
2758076;0.972544
2759079;0.926524
2760077;0.948000
2761092;0.911185
2762078;0.934194
2763080;0.949534
2764077;0.932660
2765078;0.937262
2766077;0.903515
2767077;0.921923
2768080;0.892777
2769081;0.929592
2770079;0.911185
2771094;0.877437
2772081;0.895845
2773077;0.859029
2774081;0.909651
2775077;0.885107
2776081;0.905049
2777076;0.891243
2778079;0.863631
2779081;0.855961
2780079;0.880505
2781095;0.886641
2782080;0.851359
2783078;0.871301
2784079;0.840621
2785078;0.846757
2786079;0.860563
2787077;0.871301
2788078;0.840621
2789077;0.842155
2790078;0.806874
2791077;0.817612
2792094;0.843689
2793077;0.822214
2794078;0.837554
2795077;0.813010
2796078;0.808408
2797081;0.826816
2798077;0.805340
2799081;0.825282
2800081;0.779262
2801080;0.811476
2802094;0.762388
2803077;0.786932
2804078;0.797670
2805077;0.782330
2806078;0.782330
2807081;0.743981
2808077;0.768524
2809081;0.736311
2810077;0.766990
2811081;0.759320
2812090;0.716369
2813090;0.733243
2814078;0.711767
2815079;0.745515
2816077;0.724039
2817078;0.734777
2818077;0.710233
2819079;0.707165
2820077;0.696427
2821079;0.705631
2822081;0.711767
2823094;0.688757
2824077;0.699495
2825078;0.656544
2826077;0.682621
2827078;0.693359
2828077;0.678020
2829079;0.678020
2830077;0.638136
2831078;0.671884
2832076;0.628932
2833094;0.668816
2834077;0.639670
2835078;0.656544
2836076;0.628932
2837077;0.604388
2838081;0.635068
2839077;0.625864
2840080;0.630466
2841076;0.593651
2842079;0.616660
2843092;0.579845
2844077;0.595185
2845081;0.602854
2846077;0.582913
2847080;0.584447
2848081;0.544563
2849079;0.573709
2850080;0.539961
2851079;0.561437
2852079;0.552233
2853078;0.523087
2854090;0.535359
2855078;0.516952
2856079;0.543029
2857077;0.532291
2858078;0.532291
2859077;0.489340
2860078;0.510816
2861076;0.458660
2862077;0.504680
2863081;0.509282
2864092;0.460194
2865080;0.483204
2866076;0.449456
2867079;0.478602
2868080;0.483204
2869079;0.470932
2870080;0.454058
2871078;0.423379
2872079;0.435651
2873077;0.423379
2874090;0.443320
2875078;0.420311
2876079;0.435651
2877077;0.397301
2878078;0.400369
2879076;0.415709
2880078;0.406505
2881076;0.412641
2882077;0.365087
2883080;0.383495
2884089;0.358952
2885094;0.381961
2886076;0.389631
2887077;0.372757
2888080;0.363553
2889076;0.332874
2890080;0.355884
2891080;0.343612
2892078;0.331340
2893078;0.331340
2894076;0.331340
2895094;0.331340
2896081;0.331340
2897076;0.331340
2898080;0.331340
2899076;0.331340
2900079;0.331340
2901080;0.331340
2902079;0.331340
2903080;0.331340
2904078;0.343612
2905090;0.331340
2906078;0.360485
2907079;0.331340
2908077;0.349748
2909079;0.340544
2910077;0.349748
2911078;0.343612
2912076;0.331340
2913077;0.331340
2914081;0.331340
2915077;1.948156
2916093;2.018719
2917081;2.328583
2918077;2.090816
2919080;2.089282
2920076;2.080078
2921079;2.030991
2922080;2.000311
2923079;1.920544
2924081;2.101554
2925081;1.866855
2926094;1.896000
2927077;1.868389
2928077;1.883729
2929077;1.699651
2930078;0.317534
2931077;0.329806
2932078;0.323670
2933077;0.329806
2934078;0.329806
2935076;0.320602
2936140;0.326738
2937080;0.322136
2938081;0.329806
2939081;0.297592
2940081;0.329806
2941080;0.325204
2942081;0.309864
2943081;0.311398
2944081;0.300660
2945079;0.329806
2946081;0.329806
2947079;0.329806
2948090;0.325204
2949080;0.305262
2950079;0.329806
2951080;0.329806
2952078;0.329806
2953080;0.329806
2954078;0.329806
2955080;0.329806
2956078;0.329806
2957079;0.329806
2958122;0.329806
2959078;0.328272
2960080;0.322136
2961078;0.329806
2962080;0.312932
2963078;0.329806
2964079;0.329806
2965077;0.329806
2966079;0.306796
2967078;0.316000
2968079;0.329806
2969077;0.329806
2970094;0.329806
2971079;0.328272
2972079;0.297592
2973080;0.314466
2974078;0.329806
2975080;0.329806
2976079;0.314466
2977079;0.329806
2978078;0.323670
2979080;0.329806
2980079;0.326738
2981079;0.329806
2982090;0.329806
2983081;0.325204
2984081;0.329806
2985081;0.322136
2986080;0.329806
2987081;0.329806
2988080;0.329806
2989081;0.316000
2990081;0.303728
2991081;0.329806
2992094;0.300660
2993079;0.329806
2994077;0.305262
2995079;0.329806
2996078;0.326738
2997078;0.329806
2998077;0.323670
2999078;0.329806
3000077;0.329806
3001078;0.311398
3002090;0.305262
3003081;0.329806
3004080;0.329806
3005081;0.329806
3006081;0.329806
3007081;0.303728
3008080;0.291456
3009081;0.322136
3010080;0.300660
3011076;0.317534
3012090;0.297592
3013079;0.305262
3014080;0.291456
3015078;0.329806
3016079;0.319068
3017079;0.289922
3018077;0.329806
3019079;0.292990
3020077;0.319068
3021078;0.288388
3022094;0.302194
3023094;0.329806
3024077;0.285320
3025078;0.292990
3026077;0.268447
3027078;0.314466
3028077;0.316000
3029078;0.312932
3030077;0.288388
3031078;0.269981
3032077;0.299126
3033095;0.300660
3034077;0.309864
3035078;0.277651
3036077;0.305262
3037077;0.276117
3038081;0.300660
3039077;0.311398
3040081;0.303728
3041077;0.305262
3042081;0.260777
3043090;0.296058
3044079;0.254641
3045078;0.288388
3046079;0.292990
3047077;0.291456
3048078;0.273049
3049081;0.248505
3050077;0.285320
3051081;0.263845
3052076;0.285320
3053079;0.263845
3054091;0.248505
3055079;0.253107
3056080;0.271515
3057077;0.291456
3058078;0.246971
3059077;0.279185
3060078;0.240835
3061077;0.268447
3062078;0.231631
3063077;0.256175
3064090;0.266913
3065077;0.234699
3066078;0.253107
3067077;0.225495
3068078;0.266913
3069077;0.248505
3070078;0.260777
3071077;0.239301
3072078;0.220893
3073077;0.257709
3074090;0.231631
3075081;0.254641
3076079;0.216291
3077079;0.262311
3078077;0.220893
3079079;0.242369
3080077;0.253107
3081077;0.240835
3082081;0.256175
3083077;0.202485
3084081;0.242369
3085091;0.199418
3086078;0.236233
3087079;0.225495
3088077;0.236233
3089078;0.208621
3090077;0.208621
3091078;0.230097
3092081;0.211689
3093077;0.227029
3094080;0.187146
3095093;0.207087
3096081;0.182544
3097077;0.202485
3098080;0.228563
3099076;0.173340
3100079;0.214757
3101080;0.171806
3102079;0.187146
3103080;0.268447
3104078;0.194816
3105079;0.165670
3106089;0.182544
3107080;0.174874
3108077;0.177942
3109078;0.153398
3110076;0.176408
3111078;0.171806
3112076;0.159534
3113077;0.147262
3114080;0.170272
3115077;0.147262
3116080;0.158000
3117092;0.141126
3118080;0.150330
3119081;0.118117
3120079;0.153398
3121080;0.162602
3122078;0.145728
3123080;0.133456
3124078;0.105845
3125079;0.133456
3126077;0.098175
3127082;0.134990
3128092;0.121184
3129080;0.133456
3130076;0.107379
3131080;0.092039
3132081;0.113515
3133079;0.111981
3134080;0.125786
3135079;0.082835
3136080;0.092039
3137078;0.075165
3138094;0.096641
3139077;0.113515
3140078;0.062893
3141076;0.088971
3142077;0.056757
3143080;0.088971
3144076;0.055223
3145080;0.092039
3146081;0.072097
3147079;0.041417
3148091;0.069029
3149077;0.069029
3150080;0.085903
3151081;0.055223
3152079;0.079767
3153080;0.047553
3154079;0.062893
3155080;0.073631
3156078;0.070563
3157079;0.075165
3158077;0.026078
3159094;0.059825
3160076;0.018408
3161077;0.047553
3162080;0.059825
3163077;0.058291
3164080;0.036816
3165081;0.021476
3166079;0.046019
3167080;0.018408
3168078;0.078233
3169089;0.033748
3170080;0.049087
3171079;0.007670
3172079;0.033748
3173078;0.042951
3174079;0.042951
3175077;0.041417
3176078;-0.006136
3177076;0.030680
3178077;0.007670
3179093;0.023010
3180079;0.047553
3181077;-0.010738
3182078;0.016874
3183077;-0.003068
3184078;0.033748
3185076;0.006136
3186078;0.042951
3187079;0.019942
3188078;-0.006136
3189079;0.006136
3190090;0.006136
3191081;0.029146
3192079;0.004602
3193080;0.029146
3194079;-0.010738
3195080;0.010738
3196078;0.033748
3197078;0.015340
3198077;0.026078
3199078;-0.012272
3200091;0.019942
3201081;-0.006136
3202081;0.021476
3203077;0.015340
3204080;0.021476
3205081;-0.001534
3206081;-0.024544
3207081;0.021476
3208080;-0.003068
3209081;0.013806
3210094;0.023010
3211076;0.038350
3212077;-0.004602
3213081;0.013806
3214077;0.050621
3215081;0.010738
3216077;0.016874
3217081;-0.024544
3218076;0.001534
3219081;-0.027612
3220091;0.009204
3221078;0.004602
3222080;-0.036816
3223079;0.007670
3224079;-0.036816
3225078;0.015340
3226079;-0.006136
3227078;-0.006136
3228079;-0.006136
3229079;-0.018408
3230089;-0.029146
3231094;0.000000
3232079;0.003068
3233078;-0.021476
3234079;0.018408
3235078;-0.032214
3236079;0.003068
3237078;0.010738
3238078;0.001534
3239077;0.003068
3240078;-0.041417
3241090;-0.010738
3242081;-0.030680
3243080;0.009204
3244081;0.004602
3245080;-0.012272
3246081;-0.018408
3247080;-0.029146
3248081;0.009204
3249080;-0.001534
3250081;0.006136
3251093;-0.018408
3252078;0.000000
3253077;-0.038350
3254078;-0.007670
3255077;-0.001534
3256078;-0.016874
3257077;0.004602
3258077;-0.049087
3259076;-0.007670
3260077;-0.046019
3261094;-0.012272
3262094;-0.009204
3263079;-0.041417
3264078;-0.021476
3265080;-0.030680
3266078;-0.012272
3267079;-0.027612
3268078;-0.004602
3269080;-0.032214
3270078;-0.029146
3271080;-0.039884
3272092;-0.016874
3273077;-0.013806
3274081;-0.038350
3275078;-0.013806
3276076;-0.062893
3277077;-0.029146
3278081;-0.019942
3279078;-0.027612
3280079;-0.033748
3281077;-0.062893
3282091;-0.027612
3283077;-0.067495
3284081;-0.015340
3285077;-0.039884
3286081;-0.018408
3287081;-0.041417
3288079;-0.035282
3289079;-0.024544
3290078;-0.035282
3291080;-0.019942
3292077;-0.056757
3293091;-0.021476
3294078;-0.069029
3295080;-0.042951
3296078;-0.015340
3297078;-0.033748
3298077;-0.033748
3299078;-0.081301
3300077;-0.032214
3301078;-0.064427
3302077;-0.033748
3303078;-0.027612
3304094;-0.062893
3305077;-0.039884
3306078;-0.065961
3307081;-0.021476
3308077;-0.041417
3309081;-0.024544
3310077;-0.053689
3311081;-0.038350
3312077;-0.064427
3313081;-0.032214
3314094;-0.053689
3315079;-0.062893
3316079;-0.044485
3317081;-0.053689
3318077;-0.059825
3319081;-0.046019
3320077;-0.016874
3321081;-0.050621
3322077;-0.070563
3323081;-0.053689
3324077;-0.075165
3325100;-0.039884
3326080;-0.052155
3327077;-0.029146
3328078;-0.067495
3329077;-0.067495
3330078;-0.032214
3331077;-0.050621
3332078;-0.038350
3333077;-0.067495
3334078;-0.042951
3335081;-0.102777
3336095;-0.055223
3337078;-0.041417
3338077;-0.062893
3339078;-0.053689
3340077;-0.095107
3341078;-0.064427
3342077;-0.081301
3343078;-0.052155
3344077;-0.078233
3345078;-0.098175
3346077;-0.078233
3347093;-0.102777
3348081;-0.058291
3349077;-0.073631
3350081;-0.058291
3351077;-0.093573
3352081;-0.102777
3353077;-0.111981
3354081;-0.067495
3355077;-0.062893
3356080;-0.113515
3357076;-0.072097
3358093;-0.107379
3359081;-0.075165
3360077;-0.069029
3361081;-0.092039
3362077;-0.078233
3363081;-0.125786
3364076;-0.090505
3365080;-0.104311
3366081;-0.076699
3367079;-0.101243
3368080;-0.072097
3369078;-0.099709
3370090;-0.090505
3371076;-0.075165
3372080;-0.088971
3373081;-0.072097
3374079;-0.111981
3375080;-0.072097
3376078;-0.122718
3377079;-0.085903
3378077;-0.076699
3379079;-0.082835
3380077;-0.087437
3381090;-0.105845
3382078;-0.085903
3383079;-0.116583
3384078;-0.075165
3385079;-0.093573
3386077;-0.115049
3387078;-0.115049
3388076;-0.090505
3389078;-0.075165
3390081;-0.090505
3391090;-0.079767
3392078;-0.124252
3393079;-0.090505
3394077;-0.121184
3395078;-0.088971
3396076;-0.076699
3397077;-0.119651
3398080;-0.088971
3399081;-0.122718
3400079;-0.076699
3401094;-0.081301
3402077;-0.085903
3403078;-0.093573
3404076;-0.110447
3405078;-0.108913
3406081;-0.105845
3407077;-0.075165
3408080;-0.096641
3409081;-0.073631
3410079;-0.102777
3411081;-0.098175
3412094;-0.076699
3413080;-0.087437
3414078;-0.075165
3415079;-0.102777
3416077;-0.090505
3417078;-0.122718
3418076;-0.088971
3419077;-0.079767
3420081;-0.082835
3421077;-0.111981
3422080;-0.107379
3423094;-0.093573
3424077;-0.093573
3425078;-0.082835
3426080;-0.116583
3427076;-0.096641
3428080;-0.107379
3429076;-0.101243
3430079;-0.067495
3431080;-0.088971
3432079;-0.072097
3433091;-0.115049
3434077;-0.085903
3435080;-0.116583
3436076;-0.085903
3437079;-0.075165
3438080;-0.110447
3439079;-0.084369
3440080;-0.115049
3441078;-0.093573
3442079;-0.081301
3443078;-0.082835
3444094;-0.088971
3445077;-0.121184
3446078;-0.107379
3447076;-0.119651
3448078;-0.076699
3449080;-0.099709
3450078;-0.076699
3451080;-0.115049
3452078;-0.098175
3453080;-0.092039
3454094;-0.087437
3455077;-0.081301
3456078;-0.108913
3457076;-0.075165
3458077;-0.124252
3459077;-0.095107
3460077;-0.082835
3461077;-0.088971
3462078;-0.092039
3463077;-0.110447
3464089;-0.095107
3465094;-0.101243
3466080;-0.079767
3467079;-0.099709
3468079;-0.127320
3469078;-0.115049
3470079;-0.092039
3471077;-0.138058
3472079;-0.096641
3473079;-0.079767
3474080;-0.127320
3475090;-0.095107
3476081;-0.131922
3477079;-0.102777
3478080;-0.087437
3479079;-0.125786
3480079;-0.095107
3481077;-0.131922
3482079;-0.099709
3483079;-0.099709
3484079;-0.125786
3485090;-0.107379
3486081;-0.131922
3487079;-0.116583
3488080;-0.118117
3489079;-0.092039
3490080;-0.113515
3491079;-0.095107
3492080;-0.121184
3493078;-0.098175
3494079;-0.093573
3495079;-0.102777
3496090;-0.093573
3497080;-0.141126
3498078;-0.101243
3499079;-0.136524
3500079;-0.108913
3501079;-0.113515
3502078;-0.101243
3503079;-0.111981
3504078;-0.144194
3505079;-0.101243
3506079;-0.141126
3507092;-0.095107
3508078;-0.124252
3509077;-0.133456
3510078;-0.122718
3511077;-0.121184
3512078;-0.113515
3513077;-0.119651
3514078;-0.095107
3515077;-0.145728
3516077;-0.116583
3517090;-0.139592
3518080;-0.098175
3519078;-0.107379
3520079;-0.144194
3521079;-0.110447
3522080;-0.156466
3523079;-0.107379
3524080;-0.111981
3525078;-0.095107
3526079;-0.115049
3527150;-0.116583
3528079;-0.127320
3529080;-0.105845
3530079;-0.134990
3531080;-0.113515
3532078;-0.118117
3533080;-0.141126
3534078;-0.110447
3535080;-0.092039
3536078;-0.107379
3537079;-0.078233
3538091;-0.142660
3539079;-0.099709
3540079;-0.138058
3541079;-0.107379
3542078;-0.107379
3543079;-0.088971
3544078;-0.110447
3545080;-0.134990
3546077;-0.092039
3547078;-0.115049
3548090;-0.087437
3549092;-0.105845
3550078;-0.102777
3551080;-0.130388
3552077;-0.116583
3553078;-0.107379
3554077;-0.098175
3555079;-0.087437
3556077;-0.119651
3557077;-0.098175
3558081;-0.128854
3559092;-0.099709
3560078;-0.076699
3561080;-0.124252
3562078;-0.102777
3563079;-0.104311
3564077;-0.087437
3565079;-0.096641
3566081;-0.079767
3567077;-0.101243
3568080;-0.088971
3569094;-0.099709
3570077;-0.098175
3571079;-0.078233
3572077;-0.101243
3573078;-0.082835
3574077;-0.124252
3575078;-0.092039
3576077;-0.076699
3577077;-0.076699
3578080;-0.096641
3579094;-0.125786
3580079;-0.092039
3581077;-0.119651
3582077;-0.079767
3583081;-0.092039
3584077;-0.075165
3585081;-0.081301
3586077;-0.108913
3587081;-0.067495
3588077;-0.075165
3589086;-0.067495
3590092;-0.101243
3591079;-0.090505
3592081;-0.127320
3593079;-0.082835
3594080;-0.064427
3595078;-0.076699
3596079;-0.069029
3597077;-0.111981
3598078;-0.075165
3599081;-0.110447
3600091;-0.067495
3601078;-0.072097
3602080;-0.095107
3603077;-0.078233
3604078;-0.088971
3605077;-0.061359
3606078;-0.081301
3607081;-0.052155
3608077;-0.084369
3609081;-0.078233
3610127;-0.087437
3611081;-0.078233
3612079;-0.049087
3613079;-0.075165
3614078;-0.046019
3615080;-0.101243
3616077;-0.064427
3617078;-0.046019
3618076;-0.055223
3619078;-0.062893
3620076;-0.085903
3621093;-0.064427
3622081;-0.064427
3623077;-0.046019
3624080;-0.070563
3625081;-0.039884
3626079;-0.069029
3627080;-0.067495
3628079;-0.058291
3629080;-0.053689
3630078;-0.038350
3631089;-0.065961
3632077;-0.067495
3633079;-0.081301
3634077;-0.062893
3635078;-0.052155
3636076;-0.036816
3637077;-0.064427
3638081;-0.076699
3639077;-0.052155
3640080;-0.067495
3641107;-0.038350
3642077;-0.053689
3643076;-0.069029
3644077;-0.053689
3645080;-0.070563
3646076;-0.030680
3647079;-0.050621
3648080;-0.029146
3649079;-0.047553
3650080;-0.055223
3651078;-0.078233
3652159;-0.044485
3653077;-0.027612
3654080;-0.065961
3655076;-0.027612
3656079;-0.073631
3657080;-0.027612
3658078;-0.038350
3659080;-0.027612
3660078;-0.036816
3661079;-0.082835
3662077;-0.050621
3663090;-0.055223
3664078;-0.026078
3665079;-0.042951
3666077;-0.015340
3667078;-0.038350
3668077;-0.058291
3669078;-0.021476
3670076;-0.038350
3671077;-0.019942
3672081;-0.065961
3673149;-0.038350
3674078;-0.067495
3675076;-0.033748
3676077;-0.026078
3677080;-0.027612
3678081;-0.027612
3679079;-0.070563
3680080;-0.024544
3681079;-0.052155
3682080;-0.021476
3683078;-0.038350
3684094;-0.052155
3685077;-0.042951
3686078;-0.049087
3687076;-0.021476
3688078;-0.029146
3689081;-0.016874
3690077;-0.067495
3691081;-0.027612
3692076;-0.065961
3693080;-0.029146
3694080;-0.026078
3695092;-0.067495
3696079;-0.033748
3697080;-0.058291
3698078;-0.032214
3699079;-0.021476
3700077;-0.018408
3701079;-0.038350
3702077;-0.050621
3703078;-0.055223
3704076;-0.038350
3705090;-0.003068
3706094;-0.055223
3707077;-0.015340
3708078;-0.058291
3709077;-0.030680
3710079;-0.012272
3711080;-0.023010
3712079;-0.015340
3713081;-0.062893
3714079;-0.023010
3715080;-0.062893
3716092;-0.019942
3717077;-0.019942
3718081;-0.015340
3719076;-0.023010
3720080;-0.058291
3721081;-0.016874
3722081;-0.039884
3723077;-0.018408
3724080;-0.036816
3725081;-0.032214
3726092;-0.056757
3727080;-0.024544
3728081;-0.015340
3729080;-0.069029
3730081;-0.015340
3731080;0.044485
3732081;-0.041417
3733080;-0.053689
3734081;-0.026078
3735080;-0.019942
3736092;-0.058291
3737080;-0.027612
3738081;-0.052155
3739081;0.033748
3740081;-0.035282
3741080;-0.039884
3742081;0.073631
3743081;-0.023010
3744081;0.049087
3745079;-0.027612
3746085;-0.009204
3747094;-0.041417
3748079;-0.012272
3749078;-0.056757
3750079;-0.029146
3751079;-0.012272
3752080;-0.026078
3753078;-0.035282
3754079;-0.055223
3755079;-0.026078
3756079;-0.064427
3757091;-0.039884
3758081;-0.026078
3759081;-0.015340
3760081;-0.029146
3761079;-0.024544
3762081;-0.021476
3763080;-0.042951
3764081;-0.012272
3765081;-0.038350
3766081;-0.044485
3767094;-0.050621
3768079;-0.030680
3769078;-0.007670
3770080;-0.036816
3771079;-0.007670
3772080;-0.062893
3773078;-0.023010
3774080;-0.061359
3775079;-0.021476
3776079;-0.027612
3777092;-0.055223
3778080;-0.026078
3779076;-0.042951
3780080;-0.030680
3781081;-0.035282
3782080;-0.018408
3783081;-0.029146
3784079;-0.042951
3785081;-0.042951
3786079;-0.024544
3787092;0.003068
3788080;-0.053689
3789076;-0.010738
3790080;-0.062893
3791081;-0.024544
3792080;-0.013806
3793081;-0.021476
3794081;-0.030680
3795077;-0.055223
3796080;0.084369
3797081;-0.058291
3798092;-0.009204
3799077;-0.021476
3800081;-0.012272
3801077;-0.035282
3802081;-0.042951
3803077;-0.009204
3804078;-0.024544
3805077;0.010738
3806078;-0.036816
3807081;-0.024544
3808092;-0.049087
3809079;-0.024544
3810079;-0.009204
3811077;-0.049087
3812078;-0.029146
3813077;-0.055223
3814078;-0.018408
3815081;-0.049087
3816077;-0.016874
3817080;-0.019942
3818093;-0.050621
3819081;-0.021476
3820077;-0.018408
3821081;-0.003068
3822076;-0.015340
3823080;-0.001534
3824080;-0.024544
3825078;-0.024544
3826080;-0.049087
3827077;-0.012272
3828094;0.010738
3829080;-0.032214
3830077;0.003068
3831078;-0.056757
3832077;-0.015340
3833078;-0.004602
3834077;-0.003068
3835078;-0.018408
3836081;-0.047553
3837077;-0.004602
3838120;-0.039884
3839078;0.003068
3840077;-0.015340
3841078;-0.012272
3842081;-0.016874
3843078;-0.003068
3844077;0.006136
3845081;-0.024544
3846079;-0.010738
3847080;-0.021476
3848077;-0.013806
3849092;-0.019942
3850078;0.070563
3851080;-0.004602
3852077;-0.036816
3853078;-0.003068
3854077;-0.042951
3855078;0.001534
3856077;-0.027612
3857078;0.006136
3858077;-0.009204
3859092;-0.024544
3860079;-0.006136
3861080;-0.027612
3862078;0.009204
3863079;-0.007670
3864078;0.006136
3865079;-0.016874
3866078;-0.012272
3867080;-0.023010
3868078;-0.004602
3869080;0.003068
3870094;-0.018408
3871077;0.007670
3872078;-0.016874
3873077;-0.006136
3874078;0.009204
3875077;-0.009204
3876078;0.000000
3877081;-0.024544
3878077;0.001534
3879081;-0.021476
3880092;0.006136
3881081;-0.006136
3882077;0.009204
3883080;-0.013806
3884076;-0.015340
3885079;-0.009204
3886081;0.001534
3887079;0.010738
3888079;-0.015340
3889078;-0.004602
3890088;-0.023010
3891092;-0.004602
3892080;0.016874
3893081;-0.024544
3894079;0.015340
3895080;-0.019942
3896078;0.006136
3897079;-0.021476
3898077;0.021476
3899079;0.009204
3900077;-0.015340
3901090;-0.007670
3902078;-0.012272
3903079;0.021476
3904078;0.003068
3905079;0.021476
3906077;-0.012272
3907078;0.003068
3908076;-0.015340
3909078;0.032214
3910081;0.023010
3911088;-0.012272
3912093;0.024544
3913081;-0.009204
3914077;0.019942
3915081;0.029146
3916076;0.027612
3917079;0.021476
3918080;-0.003068
3919079;0.029146
3920080;-0.003068
3921078;0.030680
3922089;0.023010
3923078;0.035282
3924079;0.001534
3925077;0.003068
3926078;0.039884
3927076;0.006136
3928077;0.033748
3929081;0.004602
3930077;0.010738
3931081;0.000000
3932087;0.024544
3933094;0.029146
3934077;-0.004602
3935078;0.036816
3936076;0.003068
3937077;0.039884
3938080;0.003068
3939077;0.036816
3940080;0.052155
3941081;-0.004602
3942079;0.033748
3943092;0.006136
3944079;0.039884
3945080;0.027612
3946079;0.039884
3947080;0.026078
3948078;0.006136
3949079;-0.003068
3950078;0.038350
3951078;0.030680
3952081;0.018408
3953092;0.032214
3954078;-0.019942
3955077;0.041417
3956078;0.023010
3957076;0.041417
3958077;0.046019
3959081;0.012272
3960077;0.032214
3961080;0.009204
3962076;0.036816
3963093;0.039884
3964078;0.047553
3965076;0.026078
3966077;0.015340
3967081;0.052155
3968076;0.023010
3969080;0.049087
3970081;0.030680
3971080;0.024544
3972077;0.032214
3973077;0.033748
3974092;0.058291
3975081;0.019942
3976081;0.047553
3977080;0.012272
3978080;0.044485
3979080;0.000000
3980081;0.039884
3981081;0.039884
3982081;0.009204
3983081;0.035282
3984090;0.006136
3985078;0.052155
3986080;0.041417
3987079;0.052155
3988079;0.030680
3989078;0.010738
3990079;0.019942
3991077;0.042951
3992079;0.058291
3993079;0.035282
3994080;0.056757
3995092;0.019942
3996076;0.039884
3997079;0.050621
3998081;0.047553
3999079;0.047553
4000079;0.000000
4001078;0.032214
4002079;0.000000
4003078;0.035282
4004079;0.023010
4005078;0.036816
4006090;0.015340
4007081;-0.003068
4008079;0.027612
4009081;0.012272
4010079;0.032214
4011081;0.004602
4012080;-0.003068
4013081;-0.013806
4014080;-0.003068
4015081;0.015340
4016091;-0.013806
4017081;0.004602
4018080;-0.035282
4019077;-0.012272
4020080;-0.042951
4021081;-0.003068
4022080;-0.007670
4023081;-0.049087
4024081;-0.026078
4025081;-0.049087
4026091;-0.013806
4027079;-0.029146
4028081;-0.012272
4029079;-0.041417
4030081;-0.042951
4031079;-0.047553
4032080;-0.036816
4033079;-0.019942
4034079;-0.064427
4035079;-0.026078
4036093;-0.072097
4037080;-0.038350
4038081;-0.024544
4039080;-0.038350
4040081;-0.035282
4041079;-0.073631
4042081;-0.029146
4043080;-0.076699
4044081;-0.052155
4045081;-0.047553
4046081;-0.032214
4047090;-0.061359
4048081;-0.055223
4049081;-0.029146
4050081;-0.049087
4051080;-0.026078
4052081;-0.064427
4053081;-0.062893
4054081;-0.072097
4055080;-0.030680
4056081;-0.024544
4057093;-0.047553
4058078;-0.038350
4059077;-0.023010
4060078;-0.039884
4061077;-0.053689
4062078;-0.049087
4063076;-0.033748
4064078;-0.064427
4065077;-0.026078
4066081;-0.053689
4067092;-0.018408
4068081;-0.042951
4069080;-0.010738
4070080;-0.044485
4071078;-0.039884
4072079;-0.059825
4073078;-0.024544
4074079;-0.015340
4075077;-0.065961
4076078;-0.013806
4077081;-0.049087
4078094;-0.013806
4079081;-0.012272
4080077;-0.003068
4081081;-0.019942
4082081;-0.042951
4083080;0.000000
4084081;-0.024544
4085079;0.009204
4086080;-0.012272
4087077;0.010738
4088092;-0.026078
4089078;-0.003068
4090079;0.006136
4091078;0.003068
4092079;0.010738
4093077;-0.007670
4094079;-0.012272
4095081;-0.039884
4096077;0.006136
4097080;0.024544
4098093;-0.019942
4099081;0.001534
4100077;-0.021476
4101081;0.015340
4102081;-0.018408
4103080;0.021476
4104080;-0.006136
4105078;-0.006136
4106080;-0.004602
4107077;0.010738
4108079;0.024544
4109094;0.004602
4110079;0.032214
4111077;-0.023010
4112078;-0.006136
4113077;-0.013806
4114078;0.018408
4115077;0.018408
4116078;-0.016874
4117081;0.019942
4118077;-0.013806
4119081;0.018408
4120092;0.021476
4121079;0.033748
4122080;0.016874
4123078;-0.018408
4124080;0.042951
4125077;0.000000
4126078;0.033748
4127081;0.001534
4128077;0.035282
4129081;0.010738
4130094;0.015340
4131081;0.027612
4132077;0.021476
4133081;0.032214
4134081;-0.007670
4135080;0.027612
4136081;-0.010738
4137079;0.030680
4138079;0.039884
4139078;-0.016874
4140093;0.018408
4141080;-0.007670
4142076;0.030680
4143079;0.010738
4144081;0.030680
4145079;0.012272
4146080;0.006136
4147078;0.001534
4148079;0.006136
4149078;0.036816
4150090;0.010738
4151078;0.038350
4152079;0.004602
4153078;0.030680
4154079;-0.009204
4155077;0.021476
4156078;0.035282
4157076;-0.003068
4158077;0.015340
4159081;-0.004602
4160090;0.033748
4161089;0.024544
4162077;0.009204
4163079;0.024544
4164077;0.046019
4165078;0.039884
4166076;0.018408
4167077;-0.001534
4168081;0.026078
4169077;0.039884
4170080;0.018408
4171148;0.018408
4172077;0.033748
4173080;0.024544
4174076;0.027612
4175080;-0.006136
4176080;0.018408
4177078;-0.003068
4178079;0.024544
4179078;0.029146
4180079;0.000000
4181077;0.012272
4182091;-0.015340
4183079;0.033748
4184080;-0.013806
4185079;0.035282
4186080;0.015340
4187078;-0.009204
4188079;-0.001534
4189078;0.006136
4190079;0.030680
4191077;0.010738
4192089;0.030680
4193080;-0.006136
4194078;-0.001534
4195080;-0.027612
4196078;0.015340
4197079;0.023010
4198077;-0.013806
4199078;0.021476
4200076;-0.015340
4201078;0.023010
4202076;0.027612
4203091;0.033748
4204079;0.018408
4205080;-0.018408
4206078;0.023010
4207079;0.006136
4208077;0.036816
4209078;-0.001534
4210077;0.029146
4211078;-0.010738
4212076;0.007670
4213089;0.027612
4214080;0.010738
4215078;0.018408
4216079;-0.023010
4217077;0.019942
4218078;-0.024544
4219077;0.015340
4220078;0.016874
4221076;-0.029146
4222077;0.012272
4223089;-0.012272
4224093;0.018408
4225081;-0.006136
4226077;0.021476
4227080;-0.004602
4228076;-0.021476
4229080;-0.015340
4230081;0.013806
4231079;0.021476
4232080;-0.012272
4233078;0.016874
4234094;-0.024544
4235079;0.001534
4236078;-0.029146
4237079;-0.001534
4238077;0.003068
4239077;-0.032214
4240076;-0.029146
4241078;-0.032214
4242077;-0.006136
4243079;-0.004602
4244090;-0.003068
4245081;-0.018408
4246081;-0.013806
4247081;0.006136
4248080;0.030680
4249081;0.004602
4250080;-0.019942
4251076;0.001534
4252080;-0.042951
4253081;-0.013806
4254093;0.001534
4255081;-0.009204
4256077;0.001534
4257081;-0.049087
4258076;-0.010738
4259081;-0.030680
4260077;-0.003068
4261081;-0.007670
4262081;-0.035282
4263080;-0.019942
4264094;-0.024544
4265077;0.000000
4266078;0.007670
4267077;-0.018408
4268078;-0.018408
4269077;0.003068
4270077;-0.004602
4271077;0.013806
4272078;-0.021476
4273077;-0.032214
4274078;0.004602
4275091;-0.033748
4276081;-0.003068
4277079;-0.039884
4278081;0.009204
4279080;0.003068
4280081;-0.039884
4281080;-0.012272
4282081;-0.032214
4283080;0.003068
4284081;-0.015340
4285091;0.016874
4286079;-0.004602
4287080;-0.018408
4288079;0.007670
4289080;0.006136
4290078;0.009204
4291080;-0.018408
4292078;0.015340
4293079;-0.035282
4294077;0.001534
4295079;0.000000
4296092;0.003068
4297077;0.006136
4298081;-0.036816
4299076;0.003068
4300080;-0.032214
4301081;0.015340
4302080;-0.009204
4303081;-0.024544
4304081;-0.006136
4305081;-0.015340
4306080;0.021476
4307092;-0.010738
4308078;0.021476
4309077;-0.015340
4310078;-0.006136
4311077;-0.024544
4312078;0.010738
4313076;0.026078
4314078;-0.013806
4315077;0.010738
4316078;-0.021476
4317090;0.007670
4318079;-0.018408
4319079;0.024544
4320078;0.000000
4321079;-0.021476
4322078;-0.001534
4323080;-0.016874
4324078;0.018408
4325080;-0.007670
4326078;0.026078
4327079;-0.004602
4328093;-0.006136
4329078;0.032214
4330077;0.009204
4331079;0.023010
4332077;-0.019942
4333078;0.009204
4334077;-0.024544
4335079;-0.003068
4336081;0.015340
4337077;0.012272
4338092;0.004602
4339094;-0.026078
4340081;0.013806
4341077;-0.016874
4342081;0.021476
4343077;-0.013806
4344081;-0.036816
4345076;-0.023010
4346080;-0.027612
4347080;0.010738
4348077;-0.001534
4349078;0.009204
4350093;-0.006136
4351081;-0.006136
4352077;-0.033748
4353081;0.000000
4354077;0.007670
4355081;-0.038350
4356077;0.003068
4357080;-0.041417
4358077;-0.006136
4359081;-0.042951
4360077;-0.001534
4361090;-0.021476
4362078;-0.042951
4363080;-0.029146
4364077;-0.029146
4365079;-0.010738
4366077;-0.026078
4367078;0.001534
4368077;-0.036816
4369078;-0.018408
4370077;-0.006136
4371091;-0.016874
4372078;-0.019942
4373079;-0.035282
4374081;-0.032214
4375077;-0.021476
4376081;-0.026078
4377081;-0.032214
4378079;-0.009204
4379081;-0.012272
4380078;-0.050621
4381091;-0.024544
4382091;-0.018408
4383078;-0.009204
4384080;-0.012272
4385078;-0.046019
4386079;-0.026078
4387077;-0.029146
4388079;-0.003068
4389077;-0.016874
4390079;0.000000
4391077;-0.041417
4392090;-0.010738
4393080;-0.047553
4394078;-0.010738
4395080;0.001534
4396077;-0.039884
4397078;-0.013806
4398077;-0.049087
4399078;-0.003068
4400077;-0.042951
4401078;-0.003068
4402077;-0.016874
4403094;-0.042951
4404076;-0.035282
4405077;-0.021476
4406080;0.000000
4407076;-0.012272
4408079;0.007670
4409080;-0.030680
4410079;-0.024544
4411080;0.007670
4412078;-0.012272
4413079;0.001534
4414092;-0.039884
4415080;-0.010738
4416081;-0.026078
4417079;0.009204
4418080;0.004602
4419078;0.004602
4420079;-0.016874
4421077;-0.032214
4422078;-0.013806
4423077;-0.033748
4424090;0.009204
4425080;-0.018408
4426079;-0.044485
4427080;-0.016874
4428078;-0.016874
4429079;-0.006136
4430078;-0.012272
4431079;0.004602
4432077;-0.027612
4433078;0.003068
4434104;-0.033748
4435079;0.007670
4436077;0.019942
4437078;-0.024544
4438076;0.012272
4439077;-0.023010
4440081;0.006136
4441077;-0.023010
4442080;0.046019
4443076;-0.009204
4444080;-0.024544
4445091;0.003068
4446079;-0.012272
4447080;0.019942
4448078;-0.004602
4449079;0.032214
4450077;0.012272
4451079;0.000000
4452077;0.006136
4453078;0.009204
4454076;0.018408
4455094;-0.016874
4456079;0.015340
4457078;-0.015340
4458078;0.021476
4459077;0.016874
4460078;0.024544
4461076;0.009204
4462078;-0.015340
4463076;0.029146
4464077;-0.010738
4465093;0.029146
4466079;0.006136
4467077;0.001534
4468078;-0.006136
4469077;0.000000
4470078;0.033748
4471076;0.023010
4472077;0.023010
4473081;0.009204
4474077;0.056757
4475080;-0.021476
4476092;0.036816
4477078;0.039884
4478081;0.016874
4479077;0.050621
4480081;0.018408
4481077;0.016874
4482080;0.009204
4483076;0.039884
4484080;0.015340
4485081;-0.006136
4486092;0.019942
4487077;0.015340
4488080;0.041417
4489076;0.016874
4490079;0.038350
4491080;0.007670
4492078;0.006136
4493079;0.019942
4494078;0.024544
4495079;0.036816
4496077;-0.007670
4497094;0.041417
4498079;-0.015340
4499078;0.026078
4500079;0.036816
4501079;0.033748
4502080;0.035282
4503078;-0.006136
4504079;0.029146
4505079;-0.001534
4506079;0.027612
4507094;0.019942
4508079;-0.007670
4509078;0.004602
4510079;-0.004602
4511079;0.023010
4512080;-0.001534
4513078;0.035282
4514079;0.000000
4515079;0.019942
4516079;-0.003068
4517109;0.018408
4518080;0.035282
4519076;-0.010738
4520080;0.035282
4521081;0.016874
4522080;0.024544
4523076;-0.009204
4524080;0.030680
4525081;0.021476
4526080;-0.007670
4527081;0.016874
4528092;-0.006136
4529081;0.033748
4530081;0.030680
4531080;0.036816
4532081;0.012272
4533080;-0.003068
4534081;0.030680
4535081;0.018408
4536081;0.033748
4537080;-0.004602
4538081;0.039884
4539094;-0.013806
4540079;0.012272
4541079;0.026078
4542080;0.033748
4543078;0.024544
4544079;-0.012272
4545079;0.021476
4546079;-0.015340
4547077;0.027612
4548078;0.021476
4549092;0.004602
4550078;0.013806
4551077;-0.006136
4552078;0.021476
4553077;0.015340
4554078;0.035282
4555077;0.006136
4556077;-0.006136
4557076;-0.012272
4558077;0.013806
4559094;0.039884
4560077;0.007670
4561078;0.047553
4562077;-0.019942
4563078;0.021476
4564077;-0.006136
4565077;0.019942
4566076;0.026078
4567077;-0.021476
4568081;0.019942
4569077;-0.007670
4570094;0.046019
4571079;0.009204
4572077;0.024544
4573078;-0.001534
4574077;0.010738
4575078;0.024544
4576077;0.006136
4577078;0.030680
4578076;-0.001534
4579078;0.019942
4580090;-0.009204
4581080;0.026078
4582078;0.012272
4583080;0.016874
4584079;0.035282
4585080;0.003068
4586078;0.015340
4587079;0.003068
4588078;0.009204
4589079;0.013806
4590092;-0.021476
4591078;0.003068
4592081;-0.026078
4593077;0.010738
4594081;0.010738
4595077;0.015340
4596080;-0.006136
4597081;-0.009204
4598079;-0.029146
4599080;-0.003068
4600090;0.015340
4601092;-0.016874
4602079;0.023010
4603081;-0.029146
4604079;0.010738
4605079;-0.032214
4606078;-0.003068
4607079;0.004602
4608077;-0.039884
4609078;-0.010738
4610077;-0.024544
4611091;0.009204
4612077;0.001534
4613081;0.021476
4614077;-0.009204
4615081;-0.015340
4616077;0.012272
4617080;-0.012272
4618080;0.016874
4619078;-0.001534
4620079;0.013806
4621078;-0.012272
4622090;-0.003068
4623077;0.018408
4624078;0.015340
4625077;0.006136
4626077;-0.036816
4627081;-0.003068
4628077;-0.024544
4629081;0.003068
4630077;-0.001534
4631081;-0.023010
4632095;-0.001534
4633080;-0.021476
4634078;0.033748
4635079;0.007670
4636077;0.023010
4637078;0.003068
4638077;0.001534
4639078;-0.027612
4640077;0.018408
4641078;0.016874
4642083;0.006136
4643090;0.010738
4644077;-0.019942
4645079;0.009204
4646077;-0.024544
4647077;0.021476
4648081;0.021476
4649077;-0.016874
4650081;0.010738
4651077;-0.006136
4652081;0.027612
4653094;0.013806
4654077;0.030680
4655078;0.010738
4656077;-0.012272
4657077;0.032214
4658081;0.018408
4659078;0.038350
4660076;-0.024544
4661078;0.021476
4662081;-0.010738
4663090;0.021476
4664077;0.027612
4665078;0.046019
4666077;0.004602
4667078;-0.013806
4668076;0.027612
4669077;-0.004602
4670081;0.032214
4671077;0.035282
4672080;-0.013806
4673084;-0.004602
4674092;0.001534
4675080;0.033748
4676081;0.001534
4677079;0.036816
4678080;-0.024544
4679078;0.009204
4680079;-0.032214
4681078;0.004602
4682079;0.013806
4683077;-0.010738
4684089;-0.007670
4685077;-0.030680
4686078;0.003068
4687076;0.006136
4688077;-0.003068
4689076;-0.010738
4690077;-0.003068
4691081;-0.006136
4692076;-0.021476
4693080;0.003068
4694092;-0.012272
4695080;0.010738
4696076;-0.024544
4697079;-0.023010
4698080;0.019942
4699079;-0.003068
4700080;0.004602
4701078;-0.036816
4702079;-0.003068
4703077;-0.032214
4704079;0.001534
4705091;0.009204
4706078;0.012272
4707079;-0.003068
4708078;-0.033748
4709079;0.006136
4710077;-0.018408
4711078;0.015340
4712076;-0.006136
4713077;-0.021476
4714081;-0.021476
4715091;-0.027612
4716077;0.015340
4717080;0.010738
4718081;0.023010
4719079;-0.018408
4720080;0.019942
4721079;-0.016874
4722080;0.006136
4723078;0.012272
4724079;-0.021476
4725077;0.015340
4726093;-0.016874
4727076;0.018408
4728077;0.000000
4729080;0.015340
4730076;-0.001534
4731080;-0.003068
4732080;-0.004602
4733079;0.001534
4734080;0.019942
4735078;0.009204
4736089;0.030680
4737080;-0.010738
4738078;0.021476
4739079;0.038350
4740077;0.030680
4741078;0.024544
4742077;-0.006136
4743078;0.015340
4744076;-0.009204
4745078;0.010738
4746076;0.023010
4747093;0.033748
4748076;0.018408
4749077;0.006136
4750081;0.033748
4751077;0.012272
4752080;0.042951
4753076;0.016874
4754079;0.012272
4755081;-0.004602
4756079;0.019942
4757091;0.029146
4758079;0.023010
4759081;0.030680
4760077;-0.004602
4761081;0.021476
4762077;-0.013806
4763077;0.023010
4764077;0.026078
4765081;-0.018408
4766077;-0.009204
4767094;-0.018408
4768078;0.015340
4769077;0.010738
4770078;0.019942
4771077;-0.029146
4772078;-0.006136
4773077;-0.029146
4774078;-0.013806
4775077;0.012272
4776078;-0.018408
4777094;0.007670
4778077;-0.036816
4779079;0.000000
4780077;0.019942
4781078;-0.001534
4782077;-0.012272
4783077;-0.041417
4784077;-0.019942
4785078;-0.036816
4786077;0.007670
4787078;-0.023010
4788090;0.009204
4789081;-0.044485
4790079;-0.023010
4791081;-0.004602
4792081;-0.090505
4793081;-0.010738
4794081;-0.036816
4795077;0.006136
4796080;-0.039884
4797081;-0.007670
4798093;0.003068
4799078;-0.003068
4800077;-0.012272
4801078;-0.044485
4802077;-0.003068
4803078;-0.046019
4804077;-0.001534
4805078;-0.007670
4806077;-0.024544
4807078;-0.023010
4808093;-0.013806
4809081;0.006136
4810077;-0.010738
4811077;0.004602
4812077;-0.033748
4813081;-0.006136
4814077;-0.023010
4815081;0.003068
4816077;0.010738
4817081;-0.013806
4818077;0.010738
4819092;-0.024544
4820080;-0.006136
4821081;0.023010
4822081;0.015340
4823081;0.012272
4824079;-0.024544
4825081;-0.013806
4826079;-0.024544
4827080;0.035282
4828078;-0.001534
4829092;0.027612
4830080;-0.015340
4831081;-0.006136
4832081;0.027612
4833081;0.007670
4834081;0.021476
4835076;-0.019942
4836080;0.016874
4837081;-0.013806
4838079;0.009204
4839091;0.021476
4840092;0.009204
4841077;0.004602
4842081;-0.012272
4843077;0.023010
4844081;0.009204
4845077;0.023010
4846081;0.007670
4847076;-0.006136
4848080;-0.010738
4849081;0.015340
4850092;0.030680
4851081;0.023010
4852078;0.036816
4853079;-0.010738
4854077;0.018408
4855079;-0.013806
4856081;0.019942
4857077;0.030680
4858080;-0.013806
4859081;0.030680
4860079;-0.012272
4861091;0.036816
4862078;0.013806
4863079;0.033748
4864077;0.013806
4865079;-0.012272
4866081;0.001534
4867077;0.018408
4868081;0.030680
4869077;0.013806
4870081;0.023010
4871092;-0.001534
4872079;0.023010
4873080;0.029146
4874078;0.013806
4875080;0.023010
4876077;-0.016874
4877078;0.023010
4878077;-0.012272
4879078;0.003068
4880077;0.035282
4881091;0.035282
4882078;0.001534
4883080;-0.012272
4884077;0.036816
4885079;0.018408
4886077;0.019942
4887078;-0.004602
4888077;-0.006136
4889078;-0.012272
4890077;0.010738
4891091;0.021476
4892081;0.010738
4893079;0.010738
4894081;-0.019942
4895079;0.007670
4896080;-0.007670
4897077;-0.013806
4898077;-0.003068
4899078;0.015340
4900079;-0.012272
4901091;-0.019942
4902077;-0.010738
4903080;-0.010738
4904081;0.012272
4905078;-0.016874
4906080;-0.012272
4907077;-0.016874
4908079;0.000000
4909077;0.010738
4910078;-0.010738
4911132;0.010738
4912080;-0.024544
4913078;-0.013806
4914080;0.009204
4915077;-0.006136
4916078;-0.006136
4917076;-0.046019
4918077;-0.016874
4919081;-0.033748
4920081;0.001534
4921080;-0.009204
4922090;0.006136
4923078;-0.010738
4924079;-0.033748
4925077;0.003068
4926078;-0.016874
4927076;0.003068
4928077;-0.010738
4929081;-0.015340
4930077;-0.027612
4931080;-0.003068
4932094;0.006136
4933077;-0.009204
4934078;0.007670
4935076;-0.030680
4936077;0.000000
4937080;-0.024544
4938081;-0.018408
4939080;0.010738
4940080;-0.032214
4941079;0.004602
4942090;-0.021476
4943081;0.012272
4944079;0.007670
4945080;0.018408
4946078;-0.004602
4947079;-0.024544
4948078;-0.001534
4949079;0.024544
4950077;0.021476
4951078;-0.004602
4952085;0.032214
4953093;-0.016874
4954076;0.016874
4955077;0.036816
4956081;0.021476
4957076;0.035282
4958080;-0.009204
4959081;0.019942
4960079;-0.009204
4961080;0.039884
4962079;0.016874
4963093;0.042951
4964081;0.012272
4965077;0.010738
4966080;0.036816
4967076;-0.006136
4968079;0.029146
4969080;0.019942
4970079;-0.003068
4971080;0.004602
4972078;0.018408
4973092;0.033748
4974080;0.010738
4975081;0.036816
4976079;-0.023010
4977080;0.027612
4978078;-0.019942
4979079;0.015340
4980077;0.013806
4981079;-0.013806
4982077;0.013806
4983084;0.010738
4984090;0.027612
4985078;0.012272
4986079;0.026078
4987078;-0.003068
4988079;-0.003068
4989077;-0.010738
4990078;0.000000
4991076;0.023010
4992077;-0.004602
4993081;0.026078
4994093;-0.010738
4995077;0.010738
4996078;0.023010
4997081;0.023010
4998076;0.015340
4999080;-0.018408
5000081;0.023010
5001079;-0.009204
5002079;-0.024544
5003078;0.001534
5004091;-0.009204
5005076;-0.001534
5006080;-0.003068
5007081;0.007670
5008079;0.006136
5009080;0.021476
5010078;0.001534
5011080;-0.009204
5012078;-0.018408
5013079;0.019942
5014077;0.023010
5015090;0.012272
5016078;0.013806
5017078;-0.024544
5018076;0.015340
5019077;-0.016874
5020081;0.021476
5021077;0.018408
5022077;-0.021476
5023077;0.013806
5024078;-0.024544
5025110;0.019942
5026077;0.007670
5027078;0.015340
5028077;0.001534
5029078;-0.013806
5030077;-0.016874
5031078;0.003068
5032077;0.027612
5033078;-0.004602
5034077;0.016874
5035079;-0.018408
5036090;0.010738
5037080;0.016874
5038079;0.018408
5039081;0.006136
5040079;-0.021476
5041080;0.007670
5042079;-0.021476
5043080;0.021476
5044078;0.009204
5045079;0.018408
5046092;0.007670
5047077;-0.012272
5048080;0.010738
5049081;-0.015340
5050081;0.027612
5051076;-0.019942
5052080;-0.006136
5053081;-0.018408
5054079;0.006136
5055081;0.029146
5056094;0.010738
5057076;0.004602
5058077;-0.015340
5059076;0.016874
5060077;-0.007670
5061081;0.023010
5062077;-0.001534
5063081;-0.015340
5064077;0.004602
5065081;-0.012272
5066092;0.015340
5067080;0.004602
5068081;0.038350
5069080;0.007670
5070081;0.009204
5071081;-0.016874
5072081;0.021476
5073081;0.035282
5074081;-0.006136
5075080;0.029146
5076081;-0.009204
5077092;0.009204
5078077;0.033748
5079081;0.030680
5080077;0.023010
5081081;0.000000
5082077;0.027612
5083077;-0.007670
5084077;0.046019
5085081;0.007670
5086077;0.035282
5087094;-0.010738
5088079;0.006136
5089077;0.036816
5090078;0.019942
5091077;0.029146
5092078;0.013806
5093076;0.007670
5094078;-0.013806
5095077;0.021476
5096078;0.029146
5097090;0.027612
5098078;0.016874
5099080;-0.023010
5100078;0.018408
5101080;-0.003068
5102078;0.010738
5103080;0.000000
5104078;-0.024544
5105080;-0.003068
5106078;-0.001534
5107079;0.010738
5108092;-0.016874
5109081;0.044485
5110081;0.001534
5111081;0.012272
5112081;-0.041417
5113081;-0.001534
5114081;0.004602
5115080;-0.010738
5116080;-0.001534
5117077;-0.033748
5118093;0.003068
5119079;-0.003068
5120077;0.021476
5121078;-0.009204
5122077;-0.038350
5123078;-0.001534
5124077;-0.038350
5125078;0.015340
5126081;-0.015340
5127077;0.007670
5128080;-0.018408
5129094;-0.039884
5130077;0.004602
5131079;-0.024544
5132077;0.004602
5133078;-0.032214
5134081;-0.009204
5135077;-0.036816
5136081;0.000000
5137077;0.010738
5138080;-0.003068
5139094;0.004602
5140094;-0.044485
5141077;-0.003068
5142078;-0.035282
5143077;-0.001534
5144078;-0.010738
5145077;-0.049087
5146078;-0.041417
5147077;-0.030680
5148078;-0.009204
5149077;-0.010738
5150094;0.009204
5151077;-0.036816
5152078;-0.001534
5153077;-0.032214
5154078;0.001534
5155077;0.006136
5156078;-0.023010
5157081;0.003068
5158077;-0.024544
5159081;0.007670
5160095;0.004602
5161079;0.015340
5162078;0.018408
5163079;-0.027612
5164077;0.018408
5165079;-0.021476
5166077;0.021476
5167078;-0.001534
5168077;0.016874
5169078;0.001534
5170148;0.006136
5171079;0.030680
5172077;0.018408
5173078;0.026078
5174077;-0.007670
5175078;0.010738
5176081;-0.015340
5177077;0.023010
5178080;0.023010
5179081;0.021476
5180079;0.006136
5181094;-0.007670
5182077;0.023010
5183078;0.007670
5184077;0.033748
5185078;0.010738
5186077;0.018408
5187078;0.000000
5188077;0.024544
5189078;0.016874
5190077;0.013806
5191092;0.036816
5192080;-0.018408
5193076;0.024544
5194080;-0.012272
5195080;0.015340
5196079;0.029146
5197079;-0.010738
5198077;0.030680
5199079;-0.019942
5200077;0.016874
5201090;0.026078
5202076;0.024544
5203080;0.010738
5204081;0.000000
5205079;0.021476
5206080;-0.030680
5207078;0.021476
5208079;-0.001534
5209077;0.029146
5210078;-0.026078
5211077;0.019942
5212090;-0.015340
5213078;0.006136
5214079;0.013806
5215078;-0.102777
5216079;0.026078
5217077;-0.032214
5218077;-0.006136
5219076;0.004602
5220077;0.003068
5221080;-0.003068
5222093;-0.049087
5223079;-0.001534
5224077;-0.030680
5225078;0.000000
5226076;-0.041417
5227078;-0.039884
5228076;-0.016874
5229078;-0.009204
5230076;0.000000
5231077;-0.035282
5232089;-0.009204
5233080;-0.049087
5234079;-0.007670
5235080;-0.049087
5236078;-0.013806
5237079;0.003068
5238077;-0.049087
5239078;-0.019942
5240076;-0.052155
5241077;-0.026078
5242080;-0.019942
5243093;-0.003068
5244079;-0.023010
5245077;-0.030680
5246078;-0.009204
5247076;-0.042951
5248077;0.003068
5249081;-0.026078
5250077;0.004602
5251081;-0.053689
5252076;-0.019942
5253080;0.003068
5254091;-0.012272
5255079;0.012272
5256080;-0.041417
5257078;-0.032214
5258079;-0.033748
5259078;-0.003068
5260079;-0.001534
5261077;-0.003068
5262078;-0.015340
5263077;-0.033748
5264094;0.003068
5265077;-0.030680
5266078;0.010738
5267076;-0.013806
5268078;-0.016874
5269076;-0.010738
5270077;-0.006136
5271081;0.026078
5272077;-0.016874
5273080;0.021476
5274092;-0.026078
5275078;0.010738
5276081;-0.021476
5277076;0.015340
5278080;0.010738
5279081;-0.016874
5280079;0.006136
5281080;-0.010738
5282079;0.019942
5283081;0.010738
5284077;0.030680
5285094;0.024544
5286079;-0.010738
5287077;0.032214
5288078;-0.003068
5289077;0.035282
5290077;0.003068
5291077;0.035282
5292078;-0.010738
5293077;0.024544
5294078;0.039884
5295094;0.021476
5296080;0.038350
5297078;-0.019942
5298079;0.024544
5299079;-0.009204
5300079;0.027612
5301078;0.035282
5302079;0.030680
5303078;0.019942
5304080;-0.018408
5305098;0.030680
5306081;0.013806
5307077;0.003068
5308080;0.006136
5309081;0.010738
5310080;0.004602
5311081;0.009204
5312081;0.027612
5313081;-0.013806
5314081;0.021476
5315076;-0.003068
5316090;0.013806
5317078;-0.027612
5318079;0.003068
5319077;0.009204
5320078;-0.007670
5321076;-0.007670
5322078;-0.027612
5323077;0.042951
5324078;0.004602
5325077;0.009204
5326078;-0.007670
5327090;-0.039884
5328080;0.006136
5329079;-0.012272
5330079;0.004602
5331079;-0.033748
5332079;-0.001534
5333078;-0.042951
5334079;-0.012272
5335078;0.004602
5336080;-0.003068
5337078;-0.006136
5338090;-0.041417
5339076;-0.006136
5340080;-0.044485
5341081;-0.009204
5342079;-0.012272
5343081;-0.009204
5344080;-0.023010
5345081;-0.042951
5346080;-0.001534
5347081;-0.012272
5348080;-0.016874
5349092;-0.027612
5350076;-0.009204
5351081;-0.033748
5352081;0.001534
5353080;0.010738
5354081;-0.013806
5355080;0.010738
5356081;-0.029146
5357080;0.023010
5358080;-0.018408
5359093;0.027612
5360080;0.009204
5361081;-0.026078
5362081;-0.001534
5363077;-0.004602
5364080;0.015340
5365081;0.015340
5366079;0.033748
5367080;0.012272
5368078;-0.001534
5369080;0.035282
5370078;0.018408
5371091;0.041417
5372081;-0.004602
5373079;0.033748
5374081;-0.001534
5375079;0.033748
5376081;0.044485
5377077;0.041417
5378080;0.035282
5379081;0.003068
5380079;0.035282
5381092;0.004602
5382080;0.049087
5383080;0.035282
5384078;0.042951
5385079;0.021476
5386077;0.006136
5387078;0.047553
5388077;0.035282
5389078;0.038350
5390077;0.019942
5391093;0.018408
5392080;0.013806
5393081;0.030680
5394079;0.038350
5395081;0.013806
5396079;0.033748
5397079;0.000000
5398077;0.033748
5399078;-0.004602
5400077;0.042951
5401093;0.013806
5402078;-0.010738
5403077;0.009204
5404078;-0.012272
5405081;0.036816
5406077;0.010738
5407080;0.016874
5408081;0.001534
5409079;0.021476
5410080;0.023010
5411078;0.010738
5412092;0.015340
5413080;-0.033748
5414080;0.023010
5415078;-0.030680
5416079;0.003068
5417077;0.009204
5418078;0.010738
5419077;-0.003068
5420077;-0.039884
5421081;-0.016874
5422101;-0.050621
5423081;-0.021476
5424078;-0.009204
5425080;-0.042951
5426077;-0.026078
5427078;-0.033748
5428077;0.000000
5429079;-0.016874
5430077;0.000000
5431078;-0.038350
5432077;-0.023010
5433093;-0.046019
5434081;-0.023010
5435077;-0.007670
5436081;-0.065961
5437077;-0.013806
5438080;-0.055223
5439081;-0.018408
5440079;-0.038350
5441080;-0.006136
5442078;-0.027612
5443080;-0.056757
5444092;-0.015340
5445078;-0.042951
5446080;-0.006136
5447077;-0.016874
5448078;0.000000
5449077;-0.026078
5450078;-0.032214
5451077;0.003068
5452078;-0.004602
5453076;0.007670
5454093;-0.047553
5455081;0.009204
5456077;-0.049087
5457080;-0.001534
5458081;0.029146
5459080;0.010738
5460080;0.007670
5461079;-0.021476
5462080;0.012272
5463078;-0.015340
5464090;0.023010
5465078;0.006136
5466079;0.029146
5467077;0.004602
5468078;-0.006136
5469077;0.047553
5470078;0.010738
5471076;0.023010
5472078;0.016874
5473081;0.009204
5474166;-0.012272
5475079;0.023010
5476077;0.036816
5477078;0.001534
5478076;0.035282
5479078;-0.016874
5480076;0.030680
5481077;-0.013806
5482081;0.029146
5483077;0.029146
5484080;-0.012272
5485093;0.004602
5486081;0.006136
5487077;0.021476
5488080;0.012272
5489076;0.035282
5490079;0.003068
5491081;0.009204
5492079;0.030680
5493080;0.024544
5494078;0.036816
5495120;-0.013806
5496080;0.032214
5497078;-0.010738
5498079;0.019942
5499078;0.041417
5500079;0.030680
5501077;0.019942
5502078;-0.016874
5503076;0.015340
5504077;-0.015340
5505081;0.021476
5506093;0.023010
5507076;0.030680
5508078;0.006136
5509076;-0.003068
5510077;0.024544
5511081;0.006136
5512077;0.035282
5513080;-0.016874
5514076;-0.012272
5515080;-0.021476
5516081;-0.001534
5517091;0.023010
5518079;-0.013806
5519080;0.003068
5520079;-0.024544
5521080;-0.001534
5522078;-0.024544
5523079;0.015340
5524077;-0.006136
5525079;-0.035282
5526077;-0.021476
5527093;-0.015340
5528080;-0.013806
5529077;-0.033748
5530080;-0.029146
5531076;-0.041417
5532080;-0.001534
5533081;0.012272
5534079;-0.015340
5535080;0.003068
5536078;-0.023010
5537089;0.001534
5538080;-0.047553
5539079;-0.015340
5540080;-0.003068
5541078;-0.013806
5542079;-0.001534
5543077;-0.046019
5544079;-0.009204
5545078;-0.052155
5546077;-0.006136
5547091;-0.016874
5548078;-0.003068
5549080;-0.026078
5550078;-0.038350
5551080;-0.003068
5552079;-0.012272
5553080;0.010738
5554078;-0.016874
5555080;-0.012272
5556079;-0.032214
5557079;-0.012272
5558091;0.009204
5559079;-0.023010
5560081;0.004602
5561079;-0.033748
5562080;0.000000
5563080;-0.023010
5564080;0.010738
5565079;0.003068
5566080;-0.021476
5567079;0.007670
5568094;-0.013806
5569077;0.030680
5570078;0.024544
5571077;0.036816
5572078;-0.004602
5573076;-0.001534
5574077;0.039884
5575081;0.018408
5576077;0.044485
5577081;0.032214
5578076;0.046019
5579094;0.001534
5580079;0.038350
5581077;0.046019
5582079;0.047553
5583079;0.044485
5584080;0.007670
5585078;0.041417
5586079;0.021476
5587078;0.030680
5588079;0.041417
5589090;0.052155
5590081;0.023010
5591081;0.004602
5592081;0.049087
5593081;0.033748
5594081;0.053689
5595080;0.006136
5596081;0.009204
5597080;0.039884
5598081;0.038350
5599090;0.046019
5600077;0.013806
5601078;0.039884
5602077;0.006136
5603078;0.032214
5604077;-0.004602
5605078;0.030680
5606077;0.019942
5607077;-0.013806
5608081;0.012272
5609077;-0.015340
5610092;0.027612
5611081;0.004602
5612077;0.018408
5613080;0.015340
5614081;-0.001534
5615079;0.013806
5616081;0.009204
5617080;0.021476
5618081;-0.007670
5619081;0.015340
5620087;-0.023010
5621090;-0.015340
5622081;0.010738
5623080;-0.003068
5624081;0.010738
5625080;-0.044485
5626081;-0.006136
5627080;-0.049087
5628081;-0.003068
5629080;-0.010738
5630081;0.000000
5631090;-0.015340
5632081;0.003068
5633080;-0.041417
5634081;-0.026078
5635080;-0.016874
5636081;-0.035282
5637080;-0.027612
5638077;-0.041417
5639078;-0.027612
5640077;-0.003068
5641093;-0.035282
5642080;-0.006136
5643081;-0.046019
5644079;-0.018408
5645081;-0.049087
5646079;-0.013806
5647079;-0.003068
5648077;-0.039884
5649079;-0.041417
5650077;-0.021476
5651092;-0.009204
5652081;0.000000
5653079;0.006136
5654080;-0.015340
5655078;-0.027612
5656080;0.004602
5657077;-0.006136
5658078;0.012272
5659077;-0.024544
5660078;0.033748
5661077;-0.018408
5662092;-0.001534
5663079;0.027612
5664080;0.004602
5665077;0.027612
5666078;-0.023010
5667077;0.021476
5668078;-0.015340
5669077;0.023010
5670078;0.023010
5671077;0.032214
5672092;0.010738
5673078;-0.015340
5674079;0.033748
5675078;0.018408
5676079;0.042951
5677081;0.013806
5678077;0.009204
5679081;0.000000
5680081;0.021476
5681079;0.046019
5682093;0.001534
5683081;0.047553
5684077;0.003068
5685081;0.030680
5686077;0.006136
5687080;0.029146
5688081;0.027612
5689079;-0.004602
5690081;0.006136
5691080;-0.003068
5692095;0.027612
5693079;0.023010
5694077;0.027612
5695078;0.001534
5696077;-0.013806
5697078;0.026078
5698077;0.013806
5699078;0.030680
5700081;-0.004602
5701077;0.027612
5702081;-0.018408
5703090;0.024544
5704078;0.018408
5705079;0.004602
5706078;0.013806
5707080;-0.035282
5708078;0.000000
5709080;-0.029146
5710077;0.006136
5711078;0.003068
5712077;0.006136
5713091;-0.018408
5714093;-0.041417
5715076;-0.009204
5716077;-0.033748
5717080;-0.003068
5718076;-0.026078
5719080;-0.041417
5720081;-0.029146
5721079;-0.018408
5722080;-0.006136
5723079;-0.035282
5724093;0.000000
5725081;-0.053689
5726077;-0.018408
5727080;-0.049087
5728081;-0.013806
5729079;-0.009204
5730080;-0.049087
5731079;-0.019942
5732079;-0.039884
5733078;-0.015340
5734092;-0.019942
5735078;-0.003068
5736076;-0.026078
5737077;-0.026078
5738080;-0.013806
5739077;-0.018408
5740080;0.012272
5741081;0.009204
5742079;-0.001534
5743080;-0.029146
5744079;0.006136
5745090;0.015340
5746078;0.012272
5747079;0.016874
5748077;-0.016874
5749079;0.018408
5750077;-0.013806
5751078;0.019942
5752076;0.027612
5753077;0.036816
5754081;0.006136
5755093;-0.010738
5756079;0.042951
5757077;0.006136
5758077;0.047553
5759076;0.018408
5760078;0.009204
5761081;0.010738
5762077;0.042951
5763081;0.047553
5764076;0.013806
5765132;0.050621
5766077;0.019942
5767080;0.030680
5768081;0.009204
5769079;0.046019
5770080;0.039884
5771079;0.010738
5772080;0.036816
5773078;0.006136
5774079;0.047553
5775077;0.039884
5776091;0.052155
5777079;0.030680
5778080;0.006136
5779079;0.050621
5780080;0.021476
5781078;0.058291
5782079;0.016874
5783077;0.050621
5784078;-0.001534
5785076;0.033748
5786092;0.041417
5787078;0.006136
5788076;0.032214
5789077;-0.010738
5790081;0.016874
5791077;-0.024544
5792080;0.033748
5793076;0.013806
5794079;0.018408
5795081;0.000000
5796092;-0.006136
5797077;0.012272
5798081;-0.012272
5799077;0.009204
5800080;-0.021476
5801076;-0.030680
5802079;-0.023010
5803081;-0.018408
5804079;-0.003068
5805080;-0.026078
5806078;-0.006136
5807091;-0.053689
5808081;-0.030680
5809081;-0.065961
5810081;-0.030680
5811081;-0.019942
5812081;-0.065961
5813079;-0.041417
5814081;-0.069029
5815079;-0.038350
5816080;-0.046019
5817151;-0.033748
5818081;-0.056757
5819076;-0.067495
5820080;-0.041417
5821081;-0.039884
5822079;-0.039884
5823081;-0.053689
5824080;-0.038350
5825081;-0.082835
5826080;-0.049087
5827081;-0.030680
5828090;-0.046019
5829081;-0.030680
5830080;-0.085903
5831081;-0.042951
5832080;-0.079767
5833081;-0.039884
5834080;-0.039884
5835081;-0.058291
5836080;-0.042951
5837081;-0.072097
5838092;-0.024544
5839080;-0.052155
5840081;-0.023010
5841080;-0.042951
5842081;-0.042951
5843080;-0.035282
5844081;-0.035282
5845080;-0.210155
5846081;-0.047553
5847080;-0.015340
5848092;-0.042951
5849080;-0.004602
5850081;-0.038350
5851080;0.001534
5852081;0.035282
5853080;-0.029146
5854081;0.006136
5855081;-0.019942
5856081;0.047553
5857080;0.019942
5858080;0.021476
5859090;0.015340
5860080;0.009204
5861079;0.033748
5862080;0.019942
5863079;0.055223
5864080;0.023010
5865079;0.053689
5866081;0.007670
5867079;0.036816
5868080;0.055223
5869092;0.044485
5870078;0.053689
5871077;0.007670
5872077;0.047553
5873077;0.015340
5874078;0.058291
5875077;0.035282
5876078;0.070563
5877077;0.047553
5878077;0.018408
5879092;0.067495
5880080;0.046019
5881081;0.069029
5882081;0.044485
5883076;0.042951
5884080;0.032214
5885081;0.046019
5886081;0.069029
5887081;0.032214
5888080;0.065961
5889115;0.023010
5890077;0.049087
5891078;0.016874
5892077;0.055223
5893078;0.053689
5894077;0.009204
5895078;0.027612
5896077;0.018408
5897078;0.044485
5898076;0.033748
5899135;0.058291
5900079;0.027612
5901078;-0.003068
5902079;0.021476
5903078;-0.003068
5904080;0.044485
5905077;0.007670
5906078;0.033748
5907077;-0.012272
5908078;0.013806
5909081;0.029146
5910094;0.019942
5911079;0.027612
5912077;-0.016874
5913078;0.007670
5914077;-0.012272
5915079;0.000000
5916077;0.004602
5917077;0.012272
5918081;0.001534
5919077;-0.030680
5920081;0.015340
5921091;-0.006136
5922078;0.007670
5923079;-0.016874
5924077;-0.016874
5925079;-0.018408
5926077;0.000000
5927077;0.007670
5928081;-0.023010
5929077;0.001534
5930080;-0.044485
5931094;-0.010738
5932081;-0.044485
5933077;-0.018408
5934081;-0.015340
5935077;-0.042951
5936081;-0.016874
5937081;-0.039884
5938079;-0.003068
5939081;-0.007670
5940078;0.009204
5941093;-0.021476
5942078;-0.049087
5943081;0.007670
5944077;-0.006136
5945081;0.009204
5946076;-0.023010
5947079;0.009204
5948080;-0.024544
5949078;0.010738
5950079;-0.032214
5951078;0.016874
5952093;0.007670
5953081;-0.029146
5954077;-0.001534
5955081;-0.024544
5956077;0.023010
5957080;0.021476
5958081;0.030680
5959080;0.024544
5960080;-0.009204
5961078;0.027612
5962147;0.001534
5963079;0.027612
5964077;-0.004602
5965078;-0.006136
5966077;-0.006136
5967078;0.024544
5968077;0.039884
5969078;-0.010738
5970077;0.041417
5971079;-0.006136
5972091;0.030680
5973081;-0.006136
5974079;0.030680
5975080;0.023010
5976078;0.004602
5977079;0.023010
5978077;0.000000
5979079;0.049087
5980077;0.015340
5981078;0.046019
5982076;0.013806
5983090;-0.006136
5984078;0.035282
5985079;0.019942
5986078;0.035282
5987079;0.003068
5988077;0.035282
5989078;-0.007670
5990076;-0.003068
5991078;0.035282
5992076;0.018408
5993092;0.039884
5994078;-0.018408
5995077;0.024544
5996078;-0.021476
5997081;0.023010
5998077;0.012272
5999080;0.021476
6000076;0.001534
6001079;-0.021476
6002080;0.018408
6003079;0.003068
6004092;0.018408
6005079;-0.012272
6006080;-0.006136
6007078;-0.019942
6008079;-0.004602
6009078;0.003068
6010079;-0.035282
6011077;0.010738
6012078;-0.035282
6013076;0.003068
6014093;-0.042951
6015078;0.009204
6016076;-0.001534
6017077;-0.036816
6018080;-0.019942
6019076;-0.039884
6020080;0.006136
6021081;0.006136
6022079;0.006136
6023080;-0.001534
6024078;-0.024544
6025093;0.006136
6026076;0.003068
6027077;0.010738
6028080;-0.047553
6029076;0.015340
6030080;-0.032214
6031081;-0.012272
6032079;0.010738
6033080;0.009204
6034079;0.010738
6035094;-0.016874
6036076;0.006136
6037077;-0.024544
6038080;0.024544
6039076;0.007670
6040080;0.016874
6041081;0.012272
6042079;-0.018408
6043081;0.027612
6044079;0.000000
6045094;0.024544
6046076;0.009204
6047077;0.001534
6048081;-0.007670
6049077;0.038350
6050080;0.036816
6051076;0.010738
6052080;0.047553
6053081;0.013806
6054079;0.000000
6055093;0.012272
6056078;0.035282
6057076;0.024544
6058078;-0.007670
6059076;0.023010
6060077;0.019942
6061081;0.046019
6062077;0.036816
6063080;0.047553
6064076;0.007670
6065079;0.033748
6066091;0.046019
6067078;0.026078
6068079;0.046019
6069080;0.023010
6070078;0.047553
6071080;0.012272
6072078;0.032214
6073080;0.035282
6074078;0.033748
6075080;0.035282
6076094;-0.010738
6077079;0.023010
6078077;-0.010738
6079078;0.024544
6080077;0.012272
6081078;0.023010
6082077;0.000000
6083077;-0.006136
6084077;0.021476
6085078;0.001534
6086091;0.018408
6087079;-0.021476
6088081;-0.006136
6089079;-0.035282
6090081;-0.009204
6091080;0.113515
6092081;-0.041417
6093079;0.000000
6094080;-0.046019
6095079;-0.013806
6096093;-0.046019
6097081;-0.018408
6098077;-0.007670
6099081;-0.053689
6100077;-0.027612
6101080;-0.056757
6102081;-0.027612
6103080;-0.035282
6104081;-0.012272
6105080;-0.035282
6106081;-0.036816
6107090;-0.016874
6108078;-0.030680
6109079;-0.012272
6110077;-0.042951
6111079;-0.019942
6112079;-0.058291
6113080;-0.024544
6114078;-0.016874
6115080;-0.027612
6116079;-0.027612
6117079;-0.056757
6118092;-0.024544
6119077;-0.039884
6120081;-0.018408
6121076;-0.026078
6122080;-0.003068
6123077;-0.026078
6124080;-0.033748
6125081;0.003068
6126079;-0.024544
6127080;0.010738
6128092;-0.016874
6129081;-0.013806
6130081;-0.029146
6131081;0.003068
6132081;0.021476
6133080;-0.029146
6134081;0.010738
6135081;-0.010738
6136081;0.009204
6137080;-0.013806
6138091;0.027612
6139079;0.035282
6140081;-0.019942
6141079;0.027612
6142080;-0.007670
6143079;0.046019
6144080;0.035282
6145079;0.052155
6146079;0.033748
6147078;0.030680
6148079;0.058291
6149090;0.049087
6150081;0.056757
6151080;0.038350
6152081;0.072097
6153081;0.019942
6154081;0.052155
6155080;0.072097
6156081;0.038350
6157080;0.035282
6158081;0.084369
6159094;0.047553
6160079;0.016874
6161078;0.039884
6162080;0.038350
6163081;0.058291
6164079;0.061359
6165080;0.021476
6166078;0.058291
6167079;0.035282
6168077;0.058291
6169093;0.026078
6170078;0.030680
6171077;0.026078
6172078;0.026078
6173077;0.036816
6174078;0.024544
6175077;0.036816
6176078;-0.010738
6177081;0.007670
6178077;-0.024544
6179081;0.023010
6180094;0.013806
6181077;-0.036816
6182078;-0.004602
6183077;-0.047553
6184078;0.015340
6185077;-0.001534
6186078;-0.006136
6187077;-0.041417
6188078;-0.042951
6189077;-0.021476
6190093;-0.058291
6191081;-0.035282
6192077;-0.062893
6193081;-0.032214
6194076;-0.087437
6195080;-0.059825
6196080;-0.056757
6197077;-0.067495
6198078;-0.075165
6199077;-0.107379
6200090;-0.081301
6201081;-0.111981
6202079;-0.082835
6203081;-0.079767
6204079;-0.070563
6205079;-0.110447
6206078;-0.119651
6207079;-0.085903
6208077;-0.116583
6209078;-0.092039
6210077;-0.133456
6211090;-0.122718
6212078;-0.142660
6213080;-0.113515
6214077;-0.101243
6215078;-0.133456
6216077;-0.102777
6217078;-0.141126
6218077;-0.104311
6219078;-0.139592
6220077;-0.104311
6221091;-0.092039
6222093;-0.138058
6223081;-0.099709
6224081;-0.131922
6225080;-0.096641
6226081;-0.101243
6227079;-0.107379
6228080;-0.105845
6229078;-0.128854
6230080;-0.087437
6231078;-0.092039
6232079;-0.069029
6233095;-0.096641
6234081;-0.062893
6235078;-0.107379
6236076;-0.075165
6237078;-0.050621
6238077;-0.062893
6239078;-0.052155
6240076;-0.087437
6241077;-0.062893
6242081;-0.058291
6243092;-0.033748
6244080;-0.052155
6245076;-0.019942
6246079;-0.053689
6247080;-0.033748
6248078;-0.003068
6249079;-0.018408
6250078;0.000000
6251079;-0.047553
6252077;-0.018408
6253089;-0.033748
6254080;0.003068
6255079;0.016874
6256080;-0.010738
6257078;0.015340
6258079;-0.016874
6259077;0.023010
6260078;0.000000
6261076;0.039884
6262078;0.001534
6263138;0.030680
6264077;0.023010
6265080;0.059825
6266076;0.056757
6267080;0.036816
6268081;0.062893
6269079;0.033748
6270080;0.042951
6271079;0.052155
6272080;0.056757
6273078;0.072097
6274092;0.036816
6275080;0.081301
6276076;0.041417
6277079;0.072097
6278080;0.096641
6279078;0.088971
6280079;0.072097
6281078;0.046019
6282079;0.084369
6283077;0.055223
6284093;0.098175
6285076;0.072097
6286077;0.098175
6287080;0.073631
6288076;0.073631
6289080;0.095107
6290081;0.084369
6291079;0.099709
6292080;0.058291
6293078;0.081301
6294080;0.041417
6295091;0.067495
6296079;0.078233
6297080;0.050621
6298078;0.085903
6299079;0.046019
6300077;0.070563
6301078;0.046019
6302076;0.095107
6303077;0.065961
6304081;0.041417
6305093;0.055223
6306081;0.067495
6307077;0.079767
6308080;0.042951
6309076;0.078233
6310080;0.023010
6311081;0.056757
6312079;0.075165
6313080;0.056757
6314079;0.061359
6315090;0.016874
6316081;0.046019
6317079;0.013806
6318079;0.046019
6319078;0.039884
6320079;0.047553
6321077;0.018408
6322078;0.000000
6323077;0.030680
6324078;-0.003068
6325076;0.039884
6326094;0.010738
6327077;0.029146
6328077;0.000000
6329081;0.012272
6330077;0.027612
6331081;0.009204
6332079;0.016874
6333080;-0.029146
6334079;0.001534
6335081;-0.027612
6336079;0.006136
6337093;0.003068
6338078;-0.047553
6339077;-0.001534
6340078;-0.030680
6341077;0.003068
6342078;-0.023010
6343076;0.000000
6344078;-0.012272
6345077;-0.012272
6346078;-0.027612
6347090;-0.006136
6348081;0.003068
6349081;-0.033748
6350081;-0.013806
6351081;-0.036816
6352081;-0.003068
6353081;0.013806
6354081;-0.003068
6355080;0.021476
6356081;-0.023010
6357080;-0.018408
6358092;-0.027612
6359077;0.018408
6360081;0.012272
6361077;0.035282
6362081;0.004602
6363078;-0.003068
6364076;0.036816
6365077;0.036816
6366081;0.016874
6367076;0.007670
6368094;0.029146
6369079;0.030680
6370079;0.053689
6371080;0.053689
6372078;0.062893
6373080;0.053689
6374078;0.026078
6375080;0.064427
6376079;0.039884
6377079;0.070563
6378094;0.058291
6379077;0.038350
6380078;0.058291
6381077;0.046019
6382078;0.072097
6383077;0.070563
6384078;0.085903
6385076;0.062893
6386078;0.044485
6387076;0.053689
6388120;0.081301
6389077;0.099709
6390077;0.055223
6391077;0.090505
6392078;0.047553
6393077;0.079767
6394078;0.084369
6395077;0.082835
6396078;0.070563
6397076;0.041417
6398077;0.056757
6399092;0.050621
6400077;0.073631
6401081;0.061359
6402077;0.055223
6403077;0.046019
6404077;0.027612
6405081;0.058291
6406077;0.042951
6407081;0.059825
6408076;0.023010
6409105;0.041417
6410077;0.004602
6411078;0.018408
6412077;0.027612
6413078;0.021476
6414076;0.003068
6415078;-0.024544
6416077;0.015340
6417078;-0.021476
6418076;-0.003068
6419078;-0.026078
6420092;-0.036816
6421077;-0.029146
6422081;-0.041417
6423077;-0.012272
6424081;-0.035282
6425078;-0.012272
6426080;-0.053689
6427077;-0.046019
6428078;-0.081301
6429077;-0.047553
6430092;-0.039884
6431079;-0.090505
6432080;-0.056757
6433078;-0.095107
6434079;-0.055223
6435077;-0.062893
6436079;-0.062893
6437081;-0.069029
6438077;-0.101243
6439081;-0.082835
6440091;-0.110447
6441080;-0.064427
6442078;-0.092039
6443080;-0.065961
6444077;-0.108913
6445078;-0.090505
6446077;-0.067495
6447078;-0.092039
6448077;-0.069029
6449078;-0.115049
6450099;-0.081301
6451079;-0.113515
6452077;-0.085903
6453078;-0.079767
6454077;-0.078233
6455078;-0.069029
6456081;-0.111981
6457077;-0.078233
6458080;-0.108913
6459081;-0.058291
6460079;-0.073631
6461093;-0.102777
6462081;-0.075165
6463077;-0.070563
6464080;-0.038350
6465080;-0.047553
6466078;-0.026078
6467079;-0.070563
6468077;-0.039884
6469078;-0.076699
6470077;-0.038350
6471092;-0.042951
6472077;-0.041417
6473081;-0.038350
6474076;-0.062893
6475080;-0.030680
6476080;-0.010738
6477077;-0.021476
6478078;-0.012272
6479077;-0.036816
6480078;-0.010738
6481077;-0.018408
6482094;0.042951
6483076;0.010738
6484077;0.035282
6485081;0.000000
6486077;0.024544
6487080;0.047553
6488080;0.039884
6489078;0.059825
6490079;0.012272
6491078;0.050621
6492092;0.018408
6493079;0.050621
6494080;0.069029
6495078;0.067495
6496079;0.053689
6497077;0.026078
6498078;0.065961
6499077;0.033748
6500078;0.076699
6501077;0.061359
6502091;0.049087
6503077;0.044485
6504080;0.059825
6505076;0.085903
6506080;0.073631
6507081;0.090505
6508079;0.062893
6509080;0.078233
6510079;0.033748
6511080;0.076699
6512091;0.084369
6513089;0.044485
6514077;0.065961
6515079;0.039884
6516077;0.079767
6517078;0.072097
6518076;0.079767
6519077;0.069029
6520081;0.042951
6521077;0.052155
6522080;0.049087
6523091;0.076699
6524079;0.056757
6525080;0.076699
6526079;0.032214
6527079;0.053689
6528077;0.078233
6529078;0.056757
6530077;0.073631
6531078;0.024544
6532076;0.052155
6533094;0.012272
6534079;0.042951
6535077;0.058291
6536079;0.046019
6537077;0.035282
6538077;0.001534
6539076;0.044485
6540077;0.016874
6541081;0.036816
6542077;0.007670
6543080;0.006136
6544093;0.000000
6545081;0.018408
6546077;0.024544
6547080;0.013806
6548076;0.007670
6549079;-0.024544
6550081;0.006136
6551079;-0.030680
6552080;0.015340
6553078;-0.001534
6554089;-0.046019
6555077;-0.018408
6556078;-0.049087
6557076;0.009204
6558078;-0.023010
6559081;-0.003068
6560077;-0.027612
6561080;-0.041417
6562076;-0.056757
6563080;-0.018408
6564092;-0.009204
6565078;-0.041417
6566076;-0.026078
6567077;-0.044485
6568080;-0.029146
6569076;-0.012272
6570080;-0.027612
6571076;-0.023010
6572079;-0.058291
6573081;-0.030680
6574089;-0.050621
6575093;-0.021476
6576076;-0.039884
6577077;-0.030680
6578081;-0.026078
6579077;-0.039884
6580080;-0.027612
6581076;-0.023010
6582077;-0.001534
6583079;-0.041417
6584077;-0.029146
6585093;-0.033748
6586076;0.001534
6587077;0.023010
6588081;0.019942
6589077;0.015340
6590080;-0.015340
6591076;0.021476
6592080;-0.003068
6593081;0.026078
6594080;0.015340
6595093;0.004602
6596081;0.029146
6597076;0.033748
6598080;0.064427
6599081;0.052155
6600081;0.067495
6601081;0.044485
6602079;0.058291
6603081;0.046019
6604080;0.075165
6605079;0.085903
6606092;0.038350
6607076;0.072097
6608080;0.052155
6609076;0.087437
6610081;0.088971
6611077;0.076699
6612081;0.078233
6613081;0.042951
6614080;0.085903
6615088;0.059825
6616094;0.082835
6617079;0.078233
6618077;0.101243
6619079;0.081301
6620077;0.075165
6621077;0.096641
6622076;0.092039
6623078;0.095107
6624077;0.055223
6625078;0.079767
6626090;0.033748
6627081;0.079767
6628081;0.082835
6629076;0.069029
6630081;0.050621
6631081;0.026078
6632081;0.067495
6633081;0.030680
6634081;0.055223
6635077;0.046019
6636094;0.016874
6637077;0.012272
6638078;0.024544
6639077;0.035282
6640078;0.001534
6641077;0.036816
6642078;-0.030680
6643077;0.007670
6644078;-0.035282
6645077;-0.010738
6646091;0.000000
6647079;-0.029146
6648080;-0.019942
6649079;-0.049087
6650079;-0.029146
6651078;-0.032214
6652079;-0.026078
6653077;-0.046019
6654078;-0.065961
6655077;-0.058291
6656078;-0.058291
6657090;-0.055223
6658081;-0.082835
6659080;-0.039884
6660081;-0.090505
6661080;-0.062893
6662081;-0.062893
6663080;-0.076699
6664081;-0.075165
6665080;-0.115049
6666081;-0.092039
6667112;-0.116583
6668078;-0.088971
6669080;-0.085903
6670078;-0.078233
6671080;-0.111981
6672078;-0.141126
6673080;-0.088971
6674078;-0.090505
6675080;-0.075165
6676078;-0.116583
6677079;-0.102777
6678092;-0.128854
6679077;-0.096641
6680081;-0.082835
6681077;-0.104311
6682081;-0.081301
6683077;-0.078233
6684081;-0.078233
6685077;-0.119651
6686081;-0.087437
6687077;-0.069029
6688091;-0.119651
6689078;-0.087437
6690079;-0.110447
6691078;-0.064427
6692079;-0.081301
6693077;-0.069029
6694079;-0.076699
6695077;-0.088971
6696078;-0.065961
6697081;-0.055223
6698093;-0.044485
6699079;-0.067495
6700077;-0.038350
6701078;-0.069029
6702077;-0.042951
6703078;-0.019942
6704077;-0.023010
6705078;-0.030680
6706077;-0.046019
6707078;-0.013806
6708088;-0.042951
6709090;0.010738
6710077;0.010738
6711078;0.021476
6712077;-0.003068
6713078;-0.006136
6714081;0.033748
6715078;0.032214
6716076;0.042951
6717078;0.010738
6718076;0.012272
6719078;0.012272
6720093;0.042951
6721080;0.047553
6722081;0.026078
6723079;0.061359
6724081;0.024544
6725079;0.065961
6726080;0.042951
6727077;0.058291
6728077;0.073631
6729081;0.035282
6730077;0.059825
6731093;0.058291
6732080;0.102777
6733081;0.073631
6734079;0.116583
6735080;0.069029
6736078;0.085903
6737079;0.056757
6738077;0.090505
6739078;0.115049
6740077;0.061359
6741093;0.107379
6742078;0.070563
6743077;0.107379
6744078;0.101243
6745077;0.102777
6746078;0.088971
6747077;0.064427
6748078;0.104311
6749077;0.067495
6750078;0.082835
6751077;0.079767
6752094;0.102777
6753077;0.084369
6754078;0.079767
6755077;0.104311
6756078;0.079767
6757081;0.096641
6758077;0.053689
6759081;0.081301
6760077;0.035282
6761081;0.062893
6762092;0.084369
6763081;0.027612
6764076;0.027612
6765080;0.026078
6766080;0.059825
6767078;0.027612
6768079;0.059825
6769078;0.042951
6770079;0.009204
6771077;0.015340
6772093;0.010738
6773079;0.046019
6774077;0.046019
6775078;0.039884
6776077;0.039884
6777078;-0.007670
6778081;-0.027612
6779077;-0.027612
6780080;0.032214
6781076;0.032214
6782080;0.010738
6783092;-0.033748
6784080;-0.009204
6785076;-0.009204
6786079;-0.015340
6787080;-0.062893
6788079;-0.027612
6789080;-0.042951
6790078;-0.026078
6791079;-0.033748
6792078;-0.033748
6793093;-0.003068
6794076;-0.003068
6795078;-0.072097
6796076;-0.035282
6797077;-0.019942
6798081;-0.015340
6799077;-0.015340
6800080;-0.041417
6801076;-0.041417
6802079;-0.047553
6803081;-0.023010
6804090;-0.065961
6805078;-0.065961
6806079;-0.064427
6807077;-0.064427
6808078;-0.021476
6809076;-0.052155
6810077;-0.019942
6811081;-0.052155
6812077;-0.052155
6813080;-0.046019
6814076;-0.006136
6815092;-0.026078
6816081;-0.003068
6817076;-0.003068
6818080;-0.012272
6819076;-0.012272
6820079;-0.041417
6821080;0.015340
6822078;0.015340
6823080;-0.026078
6824078;0.001534
6825092;0.019942
6826080;0.023010
6827081;0.036816
6828079;0.036816
6829080;0.006136
6830079;0.006136
6831080;0.055223
6832078;0.021476
6833079;0.059825
6834078;0.024544
6835092;0.038350
6836078;0.038350
6837081;0.078233
6838076;0.078233
6839080;0.073631
6840080;0.061359
6841079;0.061359
6842080;0.079767
6843078;0.049087
6844079;0.079767
6845082;0.053689
6846092;0.075165
6847080;0.075165
6848080;0.058291
6849079;0.088971
6850080;0.079767
6851078;0.104311
6852079;0.081301
6853077;0.064427
6854079;0.073631
6855077;0.085903
6856092;0.096641
6857077;0.096641
6858081;0.099709
6859077;0.047553
6860080;0.085903
6861081;0.042951
6862080;0.072097
6863081;0.078233
6864081;0.035282
6865081;0.061359
6866092;0.065961
6867081;0.065961
6868077;0.047553
6869080;0.069029
6870081;0.019942
6871081;0.030680
6872081;0.049087
6873080;0.013806
6874081;0.033748
6875080;0.007670
6876081;0.029146
6877090;0.007670
6878081;0.007670
6879081;0.024544
6880081;0.021476
6881080;0.010738
6882081;-0.041417
6883080;0.003068
6884081;-0.046019
6885080;-0.027612
6886081;-0.026078
6887092;-0.047553
6888077;-0.047553
6889081;-0.055223
6890076;-0.024544
6891081;-0.041417
6892077;-0.059825
6893081;-0.030680
6894081;-0.047553
6895080;-0.075165
6896081;-0.036816
6897094;-0.092039
6898078;-0.092039
6899078;-0.062893
6900079;-0.105845
6901077;-0.065961
6902078;-0.107379
6903077;-0.078233
6904078;-0.081301
6905077;-0.098175
6906078;-0.082835
6907137;-0.073631
6908077;-0.073631
6909078;-0.101243
6910076;-0.092039
6911078;-0.096641
6912077;-0.104311
6913078;-0.073631
6914077;-0.088971
6915078;-0.067495
6916077;-0.108913
6917085;-0.122718
6918094;-0.075165
6919079;-0.075165
6920079;-0.056757
6921079;-0.052155
6922079;-0.076699
6923080;-0.108913
6924078;-0.072097
6925080;-0.090505
6926078;-0.055223
6927079;-0.059825
6928090;-0.055223
6929081;-0.055223
6930080;-0.052155
6931076;-0.027612
6932081;-0.046019
6933081;-0.030680
6934081;-0.050621
6935081;-0.038350
6936081;-0.056757
6937081;-0.023010
6938080;-0.001534
6939092;0.004602
6940077;0.004602
6941081;-0.046019
6942077;0.018408
6943081;-0.021476
6944081;0.024544
6945081;0.023010
6946081;0.000000
6947080;0.030680
6948081;0.021476
6949092;0.041417
6950078;0.041417
6951081;0.082835
6952077;0.035282
6953081;0.052155
6954077;0.093573
6955081;0.081301
6956077;0.101243
6957080;0.052155
6958081;0.099709
6959083;0.061359
6960090;0.108913
6961077;0.108913
6962078;0.113515
6963077;0.096641
6964078;0.082835
6965077;0.128854
6966078;0.087437
6967076;0.131922
6968077;0.115049
6969081;0.090505
6970091;0.108913
6971079;0.108913
6972079;0.133456
6973078;0.105845
6974079;0.133456
6975078;0.104311
6976079;0.111981
6977077;0.090505
6978078;0.113515
6979077;0.121184
6980142;0.113515
6981079;0.113515
6982077;0.073631
6983078;0.096641
6984077;0.076699
6985078;0.101243
6986077;0.092039
6987078;0.049087
6988077;0.055223
6989078;0.079767
6990081;0.082835
6991092;0.072097
6992077;0.072097
6993081;0.042951
6994077;0.018408
6995081;0.056757
6996077;0.044485
6997080;0.044485
6998080;0.007670
6999078;0.018408
7000079;-0.044485
7001094;-0.010738
7002080;-0.010738
7003078;-0.003068
7004079;-0.001534
7005078;-0.049087
7006079;-0.013806
7007077;-0.058291
7008078;-0.027612
7009077;-0.035282
7010078;-0.081301
7011084;-0.061359
7012090;-0.044485
7013077;-0.044485
7014078;-0.070563
7015077;-0.058291
7016078;-0.098175
7017081;-0.098175
7018077;-0.116583
7019081;-0.090505
7020077;-0.081301
7021081;-0.127320
7022091;-0.131922
7023079;-0.131922
7024080;-0.104311
7025078;-0.130388
7026079;-0.101243
7027078;-0.127320
7028079;-0.144194
7029077;-0.141126
7030078;-0.147262
7031076;-0.110447
7032090;-0.111981
7033078;-0.111981
7034079;-0.148796
7035078;-0.122718
7036079;-0.118117
7037077;-0.127320
7038077;-0.115049
7039076;-0.165670
7040077;-0.131922
7041081;-0.161068
7042093;-0.124252
7043079;-0.124252
7044077;-0.116583
7045078;-0.134990
7046077;-0.162602
7047077;-0.105845
7048080;-0.151864
7049076;-0.107379
7050080;-0.124252
7051076;-0.141126
7052079;-0.144194
7053092;-0.092039
7054079;-0.092039
7055080;-0.087437
7056079;-0.084369
7057080;-0.122718
7058078;-0.092039
7059079;-0.122718
7060077;-0.087437
7061078;-0.075165
7062077;-0.093573
7063092;-0.096641
7064080;-0.096641
7065081;-0.053689
7066079;-0.065961
7067080;-0.039884
7068078;-0.052155
7069079;-0.076699
7070078;-0.049087
7071079;-0.056757
7072077;-0.012272
7073078;-0.029146
7074091;-0.039884
7075079;-0.039884
7076080;-0.015340
7077078;0.032214
7078079;0.009204
7079077;0.027612
7080078;-0.012272
7081076;0.023010
7082077;0.009204
7083081;0.033748
7084077;0.047553
7085093;0.047553
7086076;0.047553
7087077;0.033748
7088080;0.082835
7089076;0.055223
7090080;0.088971
7091076;0.070563
7092079;0.069029
7093080;0.065961
7094079;0.062893
7095091;0.102777
7096077;0.098175
7097080;0.115049
7098081;0.067495
7099079;0.107379
7100080;0.073631
7101079;0.107379
7102080;0.125786
7103078;0.090505
7104079;0.127320
7105077;0.084369
7106089;0.104311
7107077;0.119651
7108078;0.104311
7109077;0.110447
7110078;0.084369
7111076;0.104311
7112077;0.108913
7113081;0.128854
7114077;0.105845
7115080;0.131922
7116076;0.098175
7117093;0.111981
7118076;0.111981
7119080;0.101243
7120081;0.124252
7121080;0.078233
7122081;0.110447
7123081;0.075165
7124081;0.096641
7125081;0.090505
7126081;0.092039
7127093;0.084369
7128081;0.052155
7129077;0.088971
7130081;0.067495
7131078;0.085903
7132076;0.047553
7133078;0.055223
7134077;0.030680
7135078;0.042951
7136076;0.061359
7137077;0.036816
7138092;0.046019
7139078;-0.007670
7140076;0.023010
7141077;-0.012272
7142081;0.013806
7143077;0.018408
7144081;-0.032214
7145077;-0.001534
7146081;-0.030680
7147081;-0.003068
7148094;-0.009204
7149079;-0.009204
7150078;-0.033748
7151080;-0.046019
7152079;-0.050621
7153080;-0.035282
7154078;-0.024544
7155080;-0.073631
7156079;-0.032214
7157079;-0.075165
7158090;-0.055223
7159079;-0.038350
7160080;-0.058291
7161079;-0.044485
7162080;-0.088971
7163080;-0.067495
7164081;-0.098175
7165081;-0.055223
7166081;-0.056757
7167080;-0.058291
7168092;-0.090505
7169094;-0.101243
7170079;-0.052155
7171079;-0.073631
7172079;-0.052155
7173078;-0.090505
7174079;-0.078233
7175078;-0.082835
7176080;-0.067495
7177078;-0.050621
7178079;-0.062893
7179092;-0.055223
7180076;-0.090505
7181081;-0.050621
7182081;-0.082835
7183081;-0.055223
7184081;-0.044485
7185081;-0.079767
7186081;-0.044485
7187080;-0.070563
7188081;-0.026078
7189092;-0.039884
7190078;-0.012272
7191077;-0.036816
7192078;-0.036816
7193077;-0.029146
7194077;-0.016874
7195077;0.001534
7196078;-0.035282
7197077;0.018408
7198077;-0.024544
7199090;0.026078
7200078;0.029146
7201079;0.042951
7202079;0.036816
7203080;0.003068
7204078;0.036816
7205080;0.021476
7206078;0.059825
7207079;0.052155
7208078;0.042951
7209144;0.062893
7210078;0.062893
7211081;0.070563
7212080;0.084369
7213078;0.079767
7214079;0.062893
7215078;0.079767
7216079;0.049087
7217077;0.082835
7218078;0.119651
7219077;0.105845
7220091;0.108913
7221077;0.075165
7222080;0.111981
7223080;0.076699
7224078;0.119651
7225079;0.124252
7226077;0.079767
7227078;0.107379
7228077;0.084369
7229078;0.104311
7230093;0.116583
7231078;0.131922
7232077;0.099709
7233078;0.092039
7234077;0.084369
7235079;0.101243
7236077;0.116583
7237078;0.099709
7238077;0.096641
7239078;0.073631
7240077;0.098175
7241093;0.111981
7242081;0.095107
7243077;0.082835
7244081;0.049087
7245077;0.082835
7246081;0.050621
7247077;0.079767
7248080;0.069029
7249081;0.079767
7250079;0.052155
7251094;0.042951
7252076;0.070563
7253079;0.061359
7254081;0.064427
7255077;0.013806
7256081;0.024544
7257077;-0.007670
7258080;0.019942
7259077;0.016874
7260080;0.000000
7261094;0.009204
7262079;-0.033748
7263078;-0.004602
7264079;-0.030680
7265078;0.010738
7266079;-0.012272
7267077;-0.058291
7268079;-0.036816
7269077;-0.053689
7270079;-0.033748
7271091;-0.038350
7272093;-0.024544
7273081;-0.058291
7274081;-0.067495
7275080;-0.090505
7276080;-0.047553
7277077;-0.047553
7278077;-0.092039
7279081;-0.053689
7280077;-0.111981
7281081;-0.062893
7282092;-0.056757
7283080;-0.076699
7284081;-0.082835
7285079;-0.113515
7286080;-0.085903
7287078;-0.116583
7288079;-0.067495
7289077;-0.102777
7290079;-0.072097
7291077;-0.101243
7292093;-0.082835
7293079;-0.070563
7294077;-0.079767
7295078;-0.069029
7296077;-0.118117
7297078;-0.076699
7298081;-0.107379
7299077;-0.075165
7300080;-0.065961
7301076;-0.062893
7302080;-0.069029
7303092;-0.101243
7304077;-0.075165
7305080;-0.073631
7306076;-0.064427
7307080;-0.062893
7308081;-0.082835
7309079;-0.069029
7310081;-0.058291
7311079;-0.021476
7312080;-0.056757
7313078;-0.001534
7314092;-0.019942
7315076;-0.010738
7316077;-0.065961
7317080;-0.026078
7318081;-0.012272
7319079;-0.030680
7320080;0.003068
7321079;-0.027612
7322080;0.015340
7323078;0.018408
7324079;0.036816
7325077;0.015340
7326093;0.003068
7327081;0.007670
7328077;0.035282
7329080;0.061359
7330076;0.050621
7331080;0.072097
7332081;0.035282
7333079;0.062893
7334080;0.095107
7335078;0.082835
7336080;0.087437
7337093;0.056757
7338076;0.087437
7339078;0.067495
7340076;0.104311
7341078;0.090505
7342076;0.116583
7343077;0.095107
7344081;0.073631
7345077;0.116583
7346080;0.095107
7347091;0.113515
7348079;0.098175
7349081;0.107379
7350079;0.084369
7351080;0.107379
7352078;0.118117
7353079;0.110447
7354077;0.124252
7355079;0.087437
7356077;0.111981
7357091;0.075165
7358076;0.111981
7359080;0.111981
7360081;0.075165
7361079;0.090505
7362080;0.064427
7363079;0.116583
7364080;0.093573
7365078;0.095107
7366079;0.078233
7367077;0.052155
7368094;0.049087
7369079;0.055223
7370078;0.082835
7371079;0.053689
7372077;0.059825
7373078;0.029146
7374076;0.042951
7375077;0.056757
7376081;0.036816
7377076;0.039884
7378080;-0.009204
7379091;0.024544
7380081;-0.010738
7381079;0.006136
7382080;0.003068
7383079;0.021476
7384079;-0.010738
7385078;-0.042951
7386079;-0.030680
7387078;-0.030680
7388079;-0.009204
7389092;-0.065961
7390077;-0.058291
7391081;-0.088971
7392077;-0.049087
7393081;-0.027612
7394077;-0.064427
7395077;-0.053689
7396077;-0.107379
7397081;-0.076699
7398077;-0.111981
7399094;-0.075165
7400077;-0.081301
7401078;-0.122718
7402077;-0.101243
7403078;-0.116583
7404077;-0.098175
7405077;-0.102777
7406076;-0.095107
7407077;-0.133456
7408081;-0.141126
7409077;-0.153398
7410092;-0.116583
7411078;-0.102777
7412076;-0.182544
7413078;-0.122718
7414077;-0.158000
7415078;-0.127320
7416076;-0.108913
7417077;-0.125786
7418080;-0.110447
7419079;-0.134990
7420106;-0.156466
7421077;-0.156466
7422079;-0.124252
7423079;-0.138058
7424080;-0.113515
7425078;-0.138058
7426079;-0.141126
7427078;-0.125786
7428079;-0.127320
7429078;-0.101243
7430090;-0.136524
7431094;-0.116583
7432079;-0.133456
7433078;-0.118117
7434079;-0.088971
7435078;-0.093573
7436079;-0.101243
7437077;-0.122718
7438078;-0.090505
7439077;-0.118117
7440078;-0.076699
7441091;-0.082835
7442079;-0.118117
7443081;-0.081301
7444080;-0.084369
7445081;-0.049087
7446080;-0.065961
7447080;-0.030680
7448079;-0.046019
7449081;-0.042951
7450079;-0.062893
7451092;-0.029146
7452080;-0.013806
7453081;-0.041417
7454080;-0.007670
7455081;-0.049087
7456081;-0.007670
7457081;0.021476
7458080;0.030680
7459076;0.027612
7460081;-0.006136
7461081;0.039884
7462092;0.013806
7463078;0.062893
7464077;0.047553
7465077;0.101243
7466077;0.053689
7467078;0.073631
7468077;0.085903
7469078;0.085903
7470077;0.102777
7471077;0.069029
7472094;0.098175
7473079;0.075165
7474081;0.111981
7475079;0.116583
7476080;0.119651
7477077;0.108913
7478078;0.069029
7479077;0.127320
7480078;0.090505
7481077;0.144194
7482160;0.101243
7483081;0.101243
7484079;0.121184
7485080;0.108913
7486077;0.147262
7487078;0.127320
7488077;0.154932
7489078;0.113515
7490077;0.108913
7491077;0.102777
7492081;0.138058
7493093;0.124252
7494081;0.105845
7495077;0.131922
7496081;0.098175
7497081;0.128854
7498079;0.133456
7499081;0.131922
7500078;0.099709
7501079;0.082835
7502078;0.119651
7503093;0.092039
7504079;0.108913
7505077;0.087437
7506078;0.128854
7507077;0.072097
7508078;0.079767
7509077;0.122718
7510078;0.076699
7511077;0.081301
7512078;0.036816
7513077;0.059825
7514092;0.026078
7515080;0.050621
7516081;0.052155
7517079;0.030680
7518079;0.035282
7519078;-0.006136
7520080;0.018408
7521077;-0.001534
7522078;0.007670
7523077;-0.009204
7524078;-0.010738
7525092;-0.029146
7526080;-0.010738
7527080;-0.010738
7528077;-0.030680
7529079;-0.012272
7530077;-0.059825
7531078;-0.042951
7532081;-0.078233
7533077;-0.049087
7534081;-0.049087
7535094;-0.090505
7536077;-0.064427
7537077;-0.104311
7538081;-0.079767
7539077;-0.075165
7540080;-0.069029
7541081;-0.092039
7542079;-0.124252
7543080;-0.101243
7544078;-0.124252
7545146;-0.115049
7546078;-0.115049
7547081;-0.116583
7548077;-0.116583
7549076;-0.104311
7550078;-0.095107
7551076;-0.101243
7552077;-0.104311
7553080;-0.161068
7554076;-0.113515
7555080;-0.144194
7556091;-0.115049
7557079;-0.102777
7558080;-0.107379
7559079;-0.113515
7560080;-0.136524
7561078;-0.107379
7562079;-0.138058
7563078;-0.096641
7564078;-0.128854
7565077;-0.136524
7566089;-0.141126
7567077;-0.111981
7568078;-0.092039
7569077;-0.127320
7570078;-0.088971
7571077;-0.134990
7572077;-0.104311
7573081;-0.125786
7574077;-0.095107
7575080;-0.082835
7576092;-0.121184
7577077;-0.088971
7578080;-0.139592
7579077;-0.075165
7580080;-0.075165
7581076;-0.052155
7582079;-0.075165
7583080;-0.076699
7584079;-0.041417
7585080;-0.049087
7586092;-0.033748
7587078;-0.058291
7588076;-0.021476
7589078;-0.041417
7590076;-0.030680
7591077;-0.003068
7592081;-0.006136
7593077;0.010738
7594080;-0.033748
7595076;0.009204
7596079;0.012272
7597090;0.010738
7598078;0.033748
7599079;0.039884
7600078;0.035282
7601079;0.010738
7602077;0.038350
7603078;0.044485
7604076;0.076699
7605077;0.053689
7606080;0.052155
7607092;0.044485
7608080;0.088971
7609076;0.107379
7610080;0.069029
7611076;0.118117
7612079;0.064427
7613080;0.108913
7614078;0.075165
7615080;0.128854
7616078;0.115049
7617094;0.087437
7618080;0.118117
7619078;0.124252
7620079;0.144194
7621077;0.144194
7622078;0.138058
7623077;0.128854
7624078;0.144194
7625076;0.154932
7626077;0.138058
7627080;0.159534
7628090;0.144194
7629091;0.150330
7630078;0.141126
7631080;0.156466
7632078;0.142660
7633079;0.145728
7634077;0.162602
7635078;0.102777
7636076;0.138058
7637077;0.096641
7638080;0.133456
7639076;0.125786
7640094;0.133456
7641077;0.101243
7642080;0.073631
7643081;0.113515
7644079;0.093573
7645081;0.107379
7646080;0.082835
7647080;0.084369
7648079;0.056757
7649081;0.075165
7650094;0.081301
7651079;0.032214
7652078;0.073631
7653079;0.026078
7654078;0.042951
7655080;0.003068
7656079;0.024544
7657079;0.041417
7658078;-0.019942
7659080;-0.001534
7660139;-0.015340
7661078;-0.015340
7662079;-0.007670
7663079;-0.003068
7664080;-0.039884
7665078;-0.042951
7666079;-0.021476
7667078;-0.055223
7668079;-0.030680
7669078;-0.072097
7670079;-0.042951
7671092;-0.079767
7672076;-0.067495
7673080;-0.058291
7674081;-0.062893
7675080;-0.067495
7676081;-0.113515
7677079;-0.084369
7678081;-0.122718
7679080;-0.090505
7680081;-0.101243
7681090;-0.085903
7682081;-0.116583
7683080;-0.119651
7684081;-0.092039
7685080;-0.113515
7686081;-0.098175
7687080;-0.115049
7688081;-0.110447
7689080;-0.128854
7690081;-0.128854
7691093;-0.099709
7692081;-0.141126
7693076;-0.116583
7694080;-0.127320
7695081;-0.113515
7696081;-0.138058
7697081;-0.111981
7698080;-0.121184
7699076;-0.136524
7700080;-0.116583
7701093;-0.153398
7702081;-0.116583
7703077;-0.107379
7704081;-0.082835
7705077;-0.108913
7706081;-0.128854
7707077;-0.078233
7708081;-0.107379
7709077;-0.084369
7710081;-0.113515
7711077;-0.070563
7712093;-0.115049
7713081;-0.072097
7714077;-0.056757
7715081;-0.055223
7716077;-0.050621
7717080;-0.084369
7718081;-0.052155
7719080;-0.101243
7720081;-0.042951
7721080;-0.039884
7722092;-0.013806
7723093;-0.030680
7724078;-0.055223
7725077;-0.007670
7726078;-0.018408
7727077;0.010738
7728077;-0.013806
7729081;-0.004602
7730077;-0.004602
7731077;0.018408
7732077;0.121184
7733094;0.006136
7734079;0.032214
7735078;0.154932
7736077;0.052155
7737078;0.064427
7738077;0.084369
7739079;0.065961
7740077;0.049087
7741078;0.075165
7742081;0.055223
7743092;0.102777
7744081;0.088971
7745079;0.113515
7746080;0.076699
7747078;0.067495
7748079;0.121184
7749077;0.118117
7750078;0.116583
7751077;0.108913
7752078;0.133456
7753090;0.092039
7754080;0.133456
7755078;0.139592
7756079;0.141126
7757081;0.141126
7758077;0.102777
7759081;0.139592
7760077;0.101243
7761081;0.144194
7762081;0.133456
7763080;0.138058
7764090;0.121184
7765078;0.107379
7766079;0.128854
7767077;0.122718
7768078;0.133456
7769077;0.111981
7770078;0.116583
7771077;0.090505
7772078;0.092039
7773077;0.127320
7774078;0.075165
7775092;0.101243
7776078;0.069029
7777079;0.101243
7778077;0.062893
7779079;0.095107
7780077;0.082835
7781079;0.046019
7782081;0.056757
7783077;0.042951
7784081;0.076699
7785091;0.053689
7786079;0.070563
7787079;0.044485
7788078;0.018408
7789080;0.053689
7790077;0.030680
7791078;0.047553
7792077;0.004602
7793078;0.029146
7794077;-0.010738
7795140;0.015340
7796077;0.015340
7797080;0.006136
7798081;0.007670
7799079;-0.036816
7800080;-0.003068
7801078;-0.047553
7802079;-0.009204
7803077;-0.021476
7804078;-0.012272
7805081;-0.047553
7806090;-0.052155
7807077;-0.049087
7808078;-0.039884
7809077;-0.027612
7810078;-0.053689
7811077;-0.047553
7812078;-0.081301
7813076;-0.052155
7814078;-0.029146
7815081;-0.084369
7816090;-0.046019
7817080;-0.087437
7818078;-0.064427
7819080;-0.078233
7820078;-0.052155
7821079;-0.064427
7822077;-0.087437
7823078;-0.069029
7824076;-0.070563
7825077;-0.046019
7826088;-0.062893
7827094;-0.010738
7828076;-0.075165
7829078;-0.061359
7830076;-0.029146
7831077;-0.036816
7832080;-0.026078
7833076;-0.065961
7834080;-0.033748
7835076;-0.056757
7836079;-0.027612
7837090;-0.027612
7838078;-0.053689
7839078;-0.015340
7840076;0.006136
7841077;-0.001534
7842080;0.019942
7843077;-0.021476
7844080;0.010738
7845081;0.039884
7846079;0.007670
7847091;0.032214
7848077;0.058291
7849081;0.047553
7850077;0.078233
7851080;0.029146
7852076;0.067495
7853079;0.041417
7854080;0.084369
7855079;0.092039
7856080;0.062893
7857078;0.095107
7858090;0.064427
7859079;0.116583
7860080;0.079767
7861078;0.125786
7862079;0.104311
7863077;0.092039
7864078;0.093573
7865077;0.130388
7866078;0.153398
7867076;0.130388
7868094;0.164136
7869077;0.105845
7870078;0.141126
7871076;0.151864
7872077;0.141126
7873081;0.147262
7874077;0.101243
7875080;0.139592
7876076;0.116583
7877079;0.150330
7878091;0.128854
7879076;0.156466
7880079;0.130388
7881081;0.124252
7882079;0.144194
7883080;0.116583
7884078;0.138058
7885079;0.101243
7886078;0.131922
7887078;0.076699
7888076;0.113515
7889094;0.104311
7890077;0.096641
7891078;0.096641
7892076;0.053689
7893077;0.079767
7894080;0.042951
7895076;0.070563
7896079;0.069029
7897080;0.032214
7898078;0.038350
7899090;0.026078
7900078;0.046019
7901079;0.030680
7902077;0.035282
7903078;0.000000
7904078;-0.003068
7905077;-0.033748
7906078;-0.013806
7907077;-0.007670
7908078;-0.032214
7909094;-0.027612
7910079;-0.076699
7911078;-0.041417
7912079;-0.044485
7913078;-0.049087
7914080;-0.064427
7915079;-0.104311
7916080;-0.090505
7917077;-0.107379
7918078;-0.076699
7919077;-0.107379
7920092;-0.085903
7921077;-0.118117
7922081;-0.127320
7923077;-0.110447
7924081;-0.128854
7925077;-0.116583
7926081;-0.153398
7927076;-0.130388
7928080;-0.179476
7929076;-0.150330
7930090;-0.144194
7931081;-0.144194
7932080;-0.148796
7933081;-0.202485
7934080;-0.174874
7935081;-0.204019
7936081;-0.174874
7937081;-0.177942
7938080;-0.118117
7939076;-0.202485
7940080;-0.214757
7941094;-0.177942
7942078;-0.184078
7943077;-0.208621
7944078;-0.214757
7945077;-0.207087
7946078;-0.220893
7947080;-0.194816
7948081;-0.231631
7949080;-0.199418
7950081;-0.191748
7951092;-0.233165
7952078;-0.193282
7953076;-0.191748
7954078;-0.187146
7955077;-0.197884
7956078;-0.240835
7957076;-0.202485
7958077;-0.200951
7959076;-0.199418
7960078;-0.200951
7961077;-0.185612
7962094;-0.202485
7963079;-0.208621
7964079;-0.185612
7965079;-0.177942
7966079;-0.158000
7967079;-0.193282
7968078;-0.161068
7969080;-0.205553
7970078;-0.164136
7971080;-0.148796
7972092;-0.150330
7973080;-0.164136
7974081;-0.193282
7975080;-0.138058
7976081;-0.167204
7977080;-0.133456
7978081;-0.148796
7979080;-0.158000
7980081;-0.141126
7981081;-0.147262
7982081;-0.116583
7983094;-0.115049
7984079;-0.099709
7985077;-0.136524
7986079;-0.113515
7987078;-0.133456
7988079;-0.101243
7989078;-0.072097
7990080;-0.118117
7991079;-0.075165
7992079;-0.111981
7993092;-0.076699
7994080;-0.062893
7995077;-0.049087
7996080;-0.052155
7997081;-0.076699
7998081;-0.059825
7999079;-0.058291
8000081;-0.018408
8001079;-0.041417
8002080;-0.006136
8003090;-0.033748
8004081;-0.003068
8005079;0.009204
8006080;0.007670
8007077;0.026078
8008078;-0.015340
8009077;0.038350
8010078;0.004602
8011076;0.038350
8012077;0.047553
8013081;0.058291
8014092;0.047553
8015080;0.027612
8016081;0.070563
8017078;0.059825
8018079;0.088971
8019077;0.076699
8020078;0.055223
8021077;0.079767
8022078;0.098175
8023081;0.113515
8024092;0.105845
8025076;0.122718
8026079;0.092039
8027080;0.116583
8028077;0.088971
8029079;0.134990
8030077;0.150330
8031078;0.111981
8032077;0.142660
8033078;0.121184
8034087;0.156466
8035091;0.170272
8036077;0.170272
8037078;0.159534
8038077;0.136524
8039078;0.154932
8040077;0.156466
8041078;0.184078
8042077;0.161068
8043078;0.182544
8044077;0.144194
8045091;0.168738
8046078;0.181010
8047079;0.177942
8048077;0.164136
8049078;0.167204
8050077;0.150330
8051077;0.159534
8052081;0.127320
8053077;0.154932
8054081;0.159534
8055094;0.115049
8056077;0.122718
8057077;0.168738
8058081;0.122718
8059078;0.153398
8060077;0.131922
8061078;0.098175
8062077;0.110447
8063078;0.116583
8064077;0.138058
8065090;0.119651
8066078;0.133456
8067079;0.084369
8068077;0.107379
8069079;0.073631
8070077;0.113515
8071078;0.113515
8072077;0.065961
8073079;0.092039
8074077;0.055223
8075091;0.092039
8076076;0.075165
8077079;0.076699
8078080;0.064427
8079078;0.033748
8080079;0.042951
8081078;0.042951
8082079;0.070563
8083077;0.050621
8084078;0.059825
8085076;0.019942
8086094;0.032214
8087076;0.053689
8088077;0.039884
8089076;0.053689
8090077;0.000000
8091076;0.027612
8092077;-0.006136
8093080;0.023010
8094076;0.029146
8095079;0.030680
8096092;0.019942
8097080;-0.009204
8098080;0.003068
8099079;0.000000
8100080;0.016874
8101078;0.001534
8102079;-0.004602
8103078;-0.001534
8104079;0.006136
8105077;0.026078
8106078;0.012272
8107092;0.030680
8108080;-0.004602
8109076;0.026078
8110079;-0.012272
8111081;0.052155
8112079;0.041417
8113080;-0.007670
8114078;0.032214
8115080;0.000000
8116078;0.042951
8117088;0.050621
8118093;0.064427
8119081;0.041417
8120077;0.046019
8121080;0.052155
8122076;0.064427
8123080;0.085903
8124081;0.061359
8125079;0.096641
8126080;0.049087
8127078;0.092039
8128090;0.107379
8129078;0.104311
8130079;0.121184
8131077;0.073631
8132078;0.107379
8133076;0.084369
8134078;0.131922
8135076;0.127320
8136077;0.144194
8137081;0.121184
8138094;0.116583
8139077;0.141126
8140078;0.131922
8141076;0.156466
8142078;0.130388
8143076;0.130388
8144077;0.127320
8145080;0.147262
8146076;0.174874
8147079;0.158000
8148093;0.173340
8149079;0.125786
8150077;0.162602
8151078;0.128854
8152076;0.156466
8153077;0.145728
8154080;0.139592
8155077;0.134990
8156080;0.133456
8157081;0.127320
8158079;0.125786
8159091;0.130388
8160079;0.144194
8161080;0.107379
8162079;0.095107
8163080;0.128854
8164078;0.122718
8165079;0.092039
8166077;0.115049
8167081;0.069029
8168077;0.098175
8169081;0.104311
8170092;0.095107
8171081;0.085903
8172076;0.041417
8173080;0.067495
8174081;0.030680
8175081;0.067495
8176081;0.044485
8177080;0.064427
8178081;0.038350
8179081;0.030680
8180094;0.046019
8181077;0.018408
8182078;0.033748
8183077;0.001534
8184078;0.001534
8185077;-0.024544
8186078;0.003068
8187076;0.010738
8188077;-0.013806
8189076;-0.006136
8190077;-0.053689
8191094;-0.023010
8192079;-0.062893
8193079;-0.027612
8194079;-0.038350
8195078;-0.075165
8196079;-0.050621
8197078;-0.073631
8198078;-0.039884
8199077;-0.056757
8200078;-0.042951
8201090;-0.076699
8202081;-0.070563
8203080;-0.096641
8204081;-0.062893
8205081;-0.050621
8206081;-0.092039
8207080;-0.056757
8208081;-0.111981
8209080;-0.073631
8210081;-0.069029
8211090;-0.064427
8212078;-0.064427
8213080;-0.107379
8214078;-0.079767
8215079;-0.104311
8216079;-0.042951
8217078;-0.084369
8218077;-0.055223
8219079;-0.099709
8220077;-0.084369
8221078;-0.052155
8222094;-0.065961
8223079;-0.046019
8224077;-0.084369
8225078;-0.049087
8226077;-0.090505
8227078;-0.044485
8228077;-0.042951
8229078;-0.030680
8230077;-0.030680
8231078;-0.076699
8232092;-0.046019
8233077;-0.055223
8234081;-0.004602
8235077;-0.016874
8236081;-0.030680
8237076;-0.029146
8238080;-0.032214
8239076;0.021476
8240080;0.001534
8241081;0.030680
8242093;0.006136
8243079;0.019942
8244077;0.001534
8245078;0.044485
8246077;0.059825
8247078;0.030680
8248077;0.065961
8249078;0.024544
8250077;0.056757
8251078;0.081301
8252138;0.079767
8253078;0.065961
8254079;0.044485
8255079;0.070563
8256080;0.082835
8257079;0.107379
8258079;0.087437
8259078;0.108913
8260081;0.075165
8261077;0.084369
8262093;0.096641
8263093;0.111981
8264081;0.093573
8265081;0.105845
8266078;0.115049
8267080;0.098175
8268077;0.115049
8269078;0.127320
8270077;0.108913
8271078;0.108913
8272077;0.073631
8273090;0.113515
8274077;0.070563
8275079;0.113515
8276077;0.087437
8277078;0.062893
8278077;0.075165
8279078;0.059825
8280077;0.104311
8281078;0.072097
8282077;0.095107
8283094;0.062893
8284081;0.073631
8285077;0.044485
8286081;0.072097
8287077;0.072097
8288080;0.007670
8289081;0.056757
8290079;0.015340
8291081;0.038350
8292079;0.046019
8293079;0.042951
8294093;0.019942
8295081;-0.009204
8296077;0.001534
8297080;-0.018408
8298080;0.033748
8299078;-0.016874
8300079;0.009204
8301078;-0.041417
8302079;-0.030680
8303077;-0.009204
8304090;-0.033748
8305081;-0.012272
8306079;-0.065961
8307079;-0.042951
8308078;-0.092039
8309080;-0.062893
8310077;-0.062893
8311078;-0.052155
8312077;-0.067495
8313078;-0.104311
8314096;-0.070563
8315077;-0.110447
8316080;-0.079767
8317080;-0.093573
8318077;-0.131922
8319079;-0.121184
8320077;-0.116583
8321078;-0.087437
8322077;-0.130388
8323078;-0.095107
8324077;-0.134990
8325091;-0.119651
8326079;-0.134990
8327079;-0.113515
8328077;-0.095107
8329079;-0.150330
8330077;-0.124252
8331079;-0.144194
8332081;-0.115049
8333077;-0.113515
8334081;-0.104311
8335077;-0.113515
8336093;-0.144194
8337076;-0.124252
8338077;-0.131922
8339076;-0.092039
8340077;-0.113515
8341080;-0.092039
8342076;-0.136524
8343080;-0.104311
8344080;-0.088971
8345079;-0.098175
8346080;-0.082835
8347094;-0.128854
8348077;-0.092039
8349078;-0.122718
8350076;-0.088971
8351078;-0.079767
8352076;-0.056757
8353077;-0.062893
8354080;-0.099709
8355077;-0.058291
8356080;-0.092039
8357091;-0.039884
8358091;-0.053689
8359080;-0.062893
8360081;-0.056757
8361079;-0.042951
8362080;-0.026078
8363079;-0.032214
8364080;0.004602
8365078;-0.038350
8366079;-0.029146
8367077;0.078233
8368090;0.016874
8369081;-0.016874
8370079;0.036816
8371080;0.016874
8372078;0.029146
8373079;0.035282
8374078;0.052155
8375079;0.067495
8376077;0.058291
8377078;0.042951
8378076;0.050621
8379094;0.067495
8380077;0.099709
8381078;0.079767
8382076;0.098175
8383078;0.075165
8384076;0.087437
8385077;0.124252
8386080;0.118117
8387076;0.133456
8388080;0.090505
8389092;0.118117
8390078;0.095107
8391076;0.141126
8392078;0.139592
8393076;0.147262
8394077;0.141126
8395081;0.092039
8396076;0.144194
8397079;0.122718
8398080;0.150330
8399079;0.128854
8400094;0.130388
8401077;0.111981
8402078;0.128854
8403077;0.144194
8404078;0.099709
8405076;0.138058
8406077;0.111981
8407080;0.118117
8408076;0.084369
8409080;0.108913
8410081;0.113515
8411090;0.078233
8412077;0.090505
8413078;0.065961
8414077;0.088971
8415078;0.084369
8416076;0.088971
8417077;0.064427
8418080;0.039884
8419076;0.044485
8420080;0.050621
8421091;0.058291
8422077;0.030680
8423080;0.050621
8424081;-0.004602
8425079;0.012272
8426080;0.027612
8427079;0.003068
8428080;0.003068
8429078;-0.049087
8430077;-0.023010
8431116;-0.058291
8432077;-0.033748
8433077;-0.047553
8434077;-0.029146
8435078;-0.062893
8436077;-0.092039
8437077;-0.055223
8438081;-0.095107
8439077;-0.075165
8440081;-0.098175
8441077;-0.108913
8442092;-0.130388
8443077;-0.110447
8444081;-0.093573
8445081;-0.145728
8446079;-0.105845
8447080;-0.156466
8448078;-0.133456
8449080;-0.171806
8450078;-0.131922
8451080;-0.148796
8452094;-0.181010
8453077;-0.168738
8454078;-0.181010
8455077;-0.141126
8456078;-0.174874
8457076;-0.156466
8458077;-0.185612
8459076;-0.196350
8460077;-0.213223
8461081;-0.176408
8462077;-0.173340
8463094;-0.210155
8464080;-0.204019
8465078;-0.243903
8466079;-0.187146
8467078;-0.185612
8468079;-0.184078
8469079;-0.197884
8470079;-0.230097
8471078;-0.188680
8472078;-0.208621
8473094;-0.190214
8474077;-0.202485
8475078;-0.213223
8476077;-0.214757
8477077;-0.196350
8478077;-0.188680
8479078;-0.184078
8480077;-0.174874
8481078;-0.200951
8482077;-0.194816
8483078;-0.208621
8484090;-0.181010
8485081;-0.168738
8486081;-0.207087
8487081;-0.179476
8488080;-0.217825
8489081;-0.164136
8490080;-0.199418
8491076;-0.153398
8492080;-0.170272
8493081;-0.187146
8494093;-0.164136
8495081;-0.173340
8496077;-0.138058
8497081;-0.153398
8498081;-0.130388
8499081;-0.156466
8500081;-0.141126
8501080;-0.165670
8502081;-0.124252
8503080;-0.111981
8504081;-0.150330
8505090;-0.105845
8506081;-0.145728
8507079;-0.107379
8508081;-0.098175
8509079;-0.088971
8510081;-0.093573
8511079;-0.118117
8512080;-0.065961
8513079;-0.101243
8514079;-0.058291
8515092;-0.093573
8516080;-0.041417
8517080;-0.076699
8518078;-0.062893
8519080;-0.032214
8520078;-0.030680
8521080;-0.016874
8522080;-0.042951
8523078;-0.018408
8524080;-0.041417
8525077;-0.003068
8526092;0.016874
8527078;-0.023010
8528079;0.013806
8529078;-0.006136
8530080;0.047553
8531078;0.006136
8532079;0.046019
8533078;0.050621
8534079;0.036816
8535077;0.049087
8536079;0.070563
8537092;0.084369
8538079;0.070563
8539080;0.121184
8540077;0.079767
8541078;0.116583
8542077;0.079767
8543078;0.128854
8544077;0.150330
8545078;0.108913
8546077;0.148796
8547091;0.127320
8548081;0.168738
8549080;0.164136
8550081;0.168738
8551079;0.168738
8552080;0.156466
8553078;0.194816
8554079;0.184078
8555077;0.202485
8556078;0.191748
8557081;0.219359
8558090;0.184078
8559078;0.210155
8560080;0.231631
8561077;0.208621
8562078;0.231631
8563077;0.174874
8564078;0.200951
8565077;0.171806
8566078;0.230097
8567081;0.205553
8568090;0.168738
8569078;0.193282
8570079;0.164136
8571077;0.199418
8572078;0.168738
8573077;0.193282
8574078;0.165670
8575081;0.145728
8576077;0.147262
8577080;0.154932
8578080;0.139592
8579092;0.142660
8580078;0.151864
8581080;0.159534
8582078;0.136524
8583078;0.115049
8584077;0.139592
8585078;0.078233
8586077;0.076699
8587078;0.090505
8588077;0.072097
8589092;0.098175
8590079;0.076699
8591080;0.088971
8592078;0.065961
8593080;0.061359
8594077;0.075165
8595079;0.047553
8596077;0.059825
8597078;0.019942
8598077;0.032214
8599109;-0.007670
8600079;0.116583
8601078;0.026078
8602079;0.012272
8603077;-0.004602
8604078;-0.041417
8605076;-0.006136
8606078;-0.046019
8607081;-0.027612
8608076;-0.038350
8609080;-0.070563
8610089;-0.072097
8611080;-0.049087
8612078;-0.030680
8613080;-0.036816
8614078;-0.035282
8615079;-0.055223
8616077;-0.058291
8617078;-0.088971
8618076;-0.055223
8619078;-0.047553
8620081;-0.093573
8621090;-0.075165
8622078;-0.101243
8623079;-0.070563
8624077;-0.096641
8625078;-0.058291
8626076;-0.078233
8627077;-0.092039
8628080;-0.087437
8629076;-0.067495
8630080;-0.061359
8631091;-0.075165
8632077;-0.050621
8633080;-0.084369
8634076;-0.065961
8635080;-0.047553
8636081;-0.052155
8637079;-0.041417
8638080;-0.079767
8639078;-0.042951
8640079;-0.076699
8641087;-0.039884
8642090;-0.030680
8643079;-0.030680
8644080;-0.036816
8645078;-0.058291
8646079;-0.015340
8647077;-0.038350
8648078;-0.009204
8649076;-0.019942
8650077;-0.029146
8651080;-0.023010
8652093;0.000000
8653076;0.021476
8654077;0.018408
8655080;0.041417
8656076;-0.012272
8657080;0.023010
8658081;0.003068
8659079;0.055223
8660080;0.065961
8661079;0.027612
8662090;0.058291
8663081;0.055223
8664079;0.078233
8665080;0.075165
8666078;0.092039
8667079;0.082835
8668077;0.067495
8669079;0.073631
8670077;0.108913
8671078;0.133456
8672076;0.090505
8673094;0.133456
8674077;0.101243
8675078;0.142660
8676076;0.161068
8677077;0.150330
8678080;0.165670
8679081;0.122718
8680079;0.158000
8681080;0.136524
8682079;0.174874
8683090;0.159534
8684078;0.171806
8685079;0.165670
8686077;0.181010
8687078;0.168738
8688076;0.181010
8689077;0.168738
8690081;0.130388
8691078;0.150330
8692078;0.122718
8693134;0.173340
8694081;0.176408
8695081;0.161068
8696081;0.171806
8697081;0.118117
8698080;0.156466
8699076;0.110447
8700080;0.150330
8701081;0.145728
8702080;0.092039
8703081;0.118117
8704094;0.104311
8705079;0.125786
8706078;0.104311
8707079;0.113515
8708078;0.095107
8709079;0.061359
8710079;0.061359
8711080;0.079767
8712078;0.090505
8713079;0.056757
8714092;0.076699
8715080;0.026078
8716081;0.055223
8717080;0.056757
8718081;0.049087
8719080;0.030680
8720081;-0.012272
8721079;-0.001534
8722081;-0.021476
8723080;0.021476
8724081;-0.018408
8725094;0.006136
8726079;-0.027612
8727078;-0.038350
8728078;-0.021476
8729077;-0.038350
8730078;-0.029146
8731077;-0.062893
8732077;-0.056757
8733076;-0.088971
8734078;-0.065961
8735077;-0.050621
8736094;-0.064427
8737078;-0.079767
8738077;-0.116583
8739079;-0.070563
8740077;-0.116583
8741078;-0.064427
8742077;-0.099709
8743078;-0.131922
8744076;-0.113515
8745078;-0.134990
8746092;-0.095107
8747077;-0.116583
8748081;-0.101243
8749077;-0.124252
8750081;-0.122718
8751076;-0.151864
8752080;-0.119651
8753081;-0.101243
8754081;-0.130388
8755077;-0.105845
8756094;-0.062893
8757077;-0.118117
8758077;-0.108913
8759077;-0.116583
8760078;-0.111981
8761077;-0.138058
8762078;-0.121184
8763077;-0.138058
8764078;-0.101243
8765077;-0.105845
8766090;-0.092039
8767078;-0.124252
8768079;-0.113515
8769078;-0.087437
8770080;-0.099709
8771078;-0.079767
8772079;-0.104311
8773077;-0.085903
8774079;-0.119651
8775079;-0.076699
8776080;-0.056757
8777091;-0.062893
8778080;-0.062893
8779079;-0.095107
8780079;-0.052155
8781079;-0.081301
8782080;-0.038350
8783078;-0.050621
8784081;-0.069029
8785077;-0.047553
8786081;-0.024544
8787088;-0.021476
8788090;-0.012272
8789078;0.021476
8790079;-0.006136
8791077;0.053689
8792078;-0.006136
8793077;0.004602
8794078;0.009204
8795077;0.026078
8796078;0.029146
8797081;0.009204
8798077;0.055223
8799093;0.067495
8800080;0.067495
8801081;0.072097
8802079;0.070563
8803081;0.072097
8804079;0.092039
8805079;0.104311
8806078;0.090505
8807079;0.118117
8808077;0.081301
8809094;0.116583
8810079;0.131922
8811077;0.056757
8812078;0.150330
8813077;0.127320
8814078;0.128854
8815077;0.105845
8816078;0.236233
8817081;0.156466
8818077;0.156466
8819081;0.141126
8820094;0.122718
8821081;0.156466
8822077;0.124252
8823081;0.159534
8824077;0.151864
8825081;0.115049
8826081;0.133456
8827079;0.141126
8828080;0.162602
8829078;0.144194
8830093;0.158000
8831080;0.121184
8832081;0.128854
8833078;0.107379
8834080;0.124252
8835077;0.139592
8836078;0.088971
8837076;0.119651
8838077;0.082835
8839081;0.118117
8840090;0.111981
8841081;0.107379
8842079;0.096641
8843081;0.055223
8844079;0.072097
8845079;0.058291
8846078;0.082835
8847079;0.062893
8848077;0.076699
8849078;0.042951
8850077;0.030680
8851091;0.056757
8852078;0.044485
8853079;0.046019
8854078;0.001534
8855080;0.026078
8856077;-0.013806
8857078;0.023010
8858081;0.019942
8859078;0.010738
8860077;0.010738
8861094;-0.039884
8862079;-0.009204
8863077;-0.042951
8864079;-0.003068
8865077;-0.015340
8866078;-0.056757
8867076;-0.039884
8868078;-0.055223
8869076;-0.030680
8870077;-0.044485
8871085;-0.030680
8872094;-0.076699
8873076;-0.062893
8874077;-0.090505
8875080;-0.058291
8876076;-0.039884
8877079;-0.095107
8878080;-0.065961
8879078;-0.088971
8880080;-0.055223
8881078;-0.053689
8882092;-0.042951
8883080;-0.070563
8884081;-0.101243
8885079;-0.075165
8886080;-0.085903
8887078;-0.052155
8888079;-0.075165
8889078;-0.050621
8890079;-0.095107
8891077;-0.058291
8892078;-0.044485
8893093;-0.053689
8894081;-0.038350
8895081;-0.069029
8896079;-0.044485
8897080;-0.067495
8898078;-0.069029
8899079;-0.044485
8900077;-0.044485
8901078;-0.033748
8902077;-0.058291
8903090;-0.015340
8904081;-0.033748
8905079;-0.006136
8906080;-0.026078
8907079;-0.033748
8908080;-0.029146
8909078;-0.010738
8910079;0.018408
8911077;0.001534
8912079;0.032214
8913077;0.003068
8914091;0.021476
8915079;0.006136
8916080;0.041417
8917078;0.065961
8918079;0.019942
8919078;0.059825
8920079;0.030680
8921077;0.075165
8922078;0.081301
8923077;0.095107
8924092;0.082835
8925078;0.061359
8926081;0.087437
8927077;0.078233
8928080;0.128854
8929076;0.111981
8930079;0.138058
8931081;0.108913
8932079;0.130388
8933080;0.156466
8934078;0.142660
8935092;0.154932
8936080;0.121184
8937081;0.151864
8938079;0.124252
8939080;0.162602
8940078;0.173340
8941079;0.171806
8942078;0.162602
8943079;0.131922
8944077;0.177942
8945093;0.144194
8946079;0.171806
8947077;0.158000
8948078;0.142660
8949077;0.128854
8950078;0.153398
8951076;0.168738
8952077;0.141126
8953081;0.176408
8954080;0.121184
8955077;0.148796
8956093;0.105845
8957078;0.141126
8958077;0.145728
8959078;0.088971
8960077;0.133456
8961078;0.079767
8962077;0.131922
8963079;0.105845
8964077;0.104311
8965078;0.072097
8966090;0.052155
8967081;0.056757
8968079;0.055223
8969081;0.046019
8970079;0.035282
8971081;0.056757
8972079;0.003068
8973080;0.030680
8974079;0.033748
8975081;0.006136
8976094;0.010738
8977076;-0.042951
8978077;-0.016874
8979076;-0.062893
8980077;-0.032214
8981081;-0.044485
8982077;-0.038350
8983081;-0.064427
8984081;-0.107379
8985081;-0.070563
8986081;-0.116583
8987093;-0.085903
8988081;-0.116583
8989077;-0.136524
8990081;-0.133456
8991077;-0.148796
8992081;-0.125786
8993077;-0.153398
8994081;-0.148796
8995078;-0.199418
8996076;-0.190214
8997091;-0.210155
8998079;-0.173340
8999081;-0.168738
9000079;-0.214757
9001080;-0.204019
9002079;-0.197884
9003081;-0.220893
9004079;-0.233165
9005081;-0.222427
9006079;-0.242369
9007080;-0.268447
9008090;-0.251573
9009081;-0.277651
9010079;-0.245437
9011080;-0.274583
9012078;-0.248505
9013079;-0.289922
9014079;-0.280719
9015079;-0.263845
9016078;-0.282252
9017079;-0.269981
9018092;-0.319068
9019081;-0.292990
9020081;-0.331340
9021080;-0.288388
9022081;-0.296058
9023080;-0.316000
9024081;-0.305262
9025081;-0.342078
9026081;-0.288388
9027080;-0.337476
9028080;-0.297592
9029093;-0.337476
9030078;-0.337476
9031077;-0.343612
9032077;-0.328272
9033077;-0.312932
9034078;-0.329806
9035077;-0.312932
9036078;-0.355884
9037077;-0.325204
9038077;-0.365087
9039090;-0.334408
9040081;-0.326738
9041080;-0.363553
9042081;-0.334408
9043080;-0.368155
9044081;-0.325204
9045080;-0.339010
9046077;-0.322136
9047078;-0.335942
9048077;-0.368155
9049091;-0.354350
9050078;-0.358952
9051080;-0.317534
9052077;-0.345146
9053078;-0.320602
9054077;-0.368155
9055078;-0.334408
9056077;-0.319068
9057078;-0.337476
9058077;-0.326738
9059091;-0.372757
9060094;-0.331340
9061077;-0.371223
9062078;-0.322136
9063077;-0.314466
9064078;-0.322136
9065077;-0.323670
9066078;-0.328272
9067077;-0.322136
9068078;-0.348214
9069077;-0.314466
9070093;-0.331340
9071081;-0.348214
9072077;-0.348214
9073081;-0.325204
9074077;-0.312932
9075081;-0.323670
9076077;-0.306796
9077080;-0.366621
9078081;-0.311398
9079079;-0.340544
9080093;-0.308330
9081081;-0.308330
9082077;-0.343612
9083081;-0.317534
9084077;-0.334408
9085081;-0.294524
9086077;-0.317534
9087081;-0.291456
9088081;-0.320602
9089079;-0.334408
9090094;-0.317534
9091079;-0.294524
9092077;-0.283786
9093079;-0.316000
9094081;-0.285320
9095077;-0.326738
9096081;-0.288388
9097077;-0.273049
9098080;-0.279185
9099081;-0.286854
9100116;-0.308330
9101078;-0.271515
9102077;-0.300660
9103078;-0.263845
9104077;-0.273049
9105078;-0.265379
9106077;-0.282252
9107078;-0.251573
9108077;-0.269981
9109078;-0.257709
9110077;-0.242369
9111092;-0.256175
9112079;-0.257709
9113080;-0.288388
9114078;-0.251573
9115079;-0.239301
9116077;-0.242369
9117078;-0.240835
9118076;-0.268447
9119078;-0.239301
9120077;-0.254641
9121092;-0.216291
9122080;-0.223961
9123076;-0.254641
9124079;-0.230097
9125080;-0.225495
9126078;-0.202485
9127079;-0.213223
9128077;-0.184078
9129078;-0.233165
9130077;-0.188680
9131091;-0.219359
9132079;-0.190214
9133080;-0.167204
9134078;-0.193282
9135079;-0.156466
9136078;-0.196350
9137079;-0.162602
9138076;-0.145728
9139078;-0.141126
9140076;-0.131922
9141150;-0.173340
9142079;-0.130388
9143077;-0.150330
9144078;-0.110447
9145077;-0.115049
9146078;-0.099709
9147077;-0.116583
9148078;-0.110447
9149076;-0.087437
9150077;-0.096641
9151081;-0.070563
9152092;-0.096641
9153080;-0.076699
9154081;-0.101243
9155080;-0.070563
9156080;-0.050621
9157078;-0.036816
9158079;-0.044485
9159078;-0.070563
9160079;-0.018408
9161077;-0.036816
9162092;-0.003068
9163078;-0.016874
9164076;-0.027612
9165077;-0.023010
9166081;-0.006136
9167076;0.032214
9168080;0.013806
9169081;0.046019
9170079;0.009204
9171081;0.038350
9172078;0.019942
9173094;0.053689
9174077;0.078233
9175078;0.042951
9176076;0.078233
9177077;0.050621
9178080;0.101243
9179077;0.107379
9180080;0.119651
9181081;0.105845
9182079;0.095107
9183094;0.144194
9184077;0.122718
9185078;0.168738
9186076;0.147262
9187077;0.187146
9188080;0.156466
9189076;0.190214
9190080;0.217825
9191081;0.225495
9192079;0.223961
9193093;0.207087
9194079;0.245437
9195077;0.211689
9196078;0.266913
9197076;0.266913
9198077;0.288388
9199081;0.280719
9200077;0.282252
9201080;0.325204
9202081;0.305262
9203080;0.329806
9204092;0.325204
9205080;0.329806
9206080;0.319068
9207078;0.329806
9208079;0.329806
9209078;0.326738
9210079;0.323670
9211077;0.329806
9212078;0.326738
9213076;2.704408
9214093;1.790156
9215078;1.698117
9216079;1.879127
9217078;1.842311
9218079;1.869923
9219077;0.349748
9220078;0.331340
9221077;0.355884
9222078;0.331340
9223076;0.352816
9224078;0.363553
9225092;0.362019
9226077;0.355884
9227081;0.331340
9228077;0.331340
9229076;0.331340
9230078;0.349748
9231076;0.357418
9232078;0.339010
9233077;0.331340
9234078;0.331340
9235090;0.362019
9236078;0.339010
9237078;0.380427
9238077;0.368155
9239078;0.401903
9240077;0.372757
9241077;0.395767
9242076;0.418777
9243077;0.423379
9244076;0.423379
9245090;0.406505
9246090;0.440253
9247080;0.417243
9248078;0.460194
9249080;0.478602
9250078;0.444854
9251080;0.475534
9252078;0.463262
9253079;0.523087
9254079;0.489340
9255080;0.527689
9256092;0.513884
9257077;0.513884
9258080;0.527689
9259077;0.553767
9260081;0.575243
9261081;0.549165
9262080;0.593651
9263081;0.558369
9264080;0.601321
9265081;0.628932
9266092;0.628932
9267080;0.633534
9268081;0.612058
9269081;0.645806
9270081;0.642738
9271081;0.682621
9272081;0.681087
9273080;0.714835
9274081;0.701029
9275080;0.696427
9276081;0.742447
9277092;0.747049
9278077;0.773126
9279081;0.751651
9280077;0.797670
9281081;0.762388
9282077;0.805340
9283081;0.832952
9284076;0.839087
9285080;0.851359
9286081;0.836020
9287088;0.875903
9288094;0.859029
9289079;0.908117
9290079;0.917321
9291079;0.894311
9292077;0.923456
9293079;0.914253
9294078;0.977146
9295079;0.992486
9296077;1.006291
9297078;1.000155
9298077;1.006291
9299090;1.003223
9300080;1.052311
9301078;1.084524
9302079;1.050777
9303079;1.109068
9304080;1.087592
9305078;1.129010
9306079;1.153554
9307078;1.168893
9308079;1.181165
9309081;1.168893
9310091;1.208777
9311078;1.221049
9312079;1.256330
9313078;1.260932
9314079;1.293146
9315077;1.293146
9316078;1.287010
9317081;1.348369
9318077;1.337631
9319081;1.366777
9320077;1.380583
9321093;1.369845
9322081;1.386719
9323077;1.438874
9324080;1.478758
9325077;1.472622
9326081;1.501767
9327081;1.491029
9328079;1.543185
9329079;1.530913
9330078;1.586136
9331079;1.592272
9332094;1.609146
9333079;1.629088
9334077;1.622952
9335078;1.679709
9336077;1.696583
9337078;1.721126
9338077;1.691981
9339079;1.741068
9340077;1.738000
9341079;1.787088
9342081;1.830039
9343091;1.802428
9344079;1.866855
9345080;1.845379
9346077;1.908272
9347078;1.952758
9348077;1.952758
9349078;1.952758
9350077;1.961962
9351078;2.003379
9352077;2.015651
9353078;2.075476
9354092;2.081612
9355079;2.119962
9356081;2.123029
9357079;2.149107
9358080;2.195127
9359078;2.199728
9360080;2.241146
9361077;2.236544
9362078;2.276428
9363077;2.254952
9364090;2.316311
9365081;2.359262
9366079;2.368466
9367080;2.408350
9368077;2.383806
9369079;2.435961
9370077;2.448233
9371079;2.508059
9372077;2.515728
9373078;2.535670
9374088;2.566350
9375093;2.577088
9376081;2.630777
9377081;2.624641
9378079;2.679864
9379081;2.661457
9380078;2.705942
9381079;2.696738
9382078;2.759631
9383079;2.797981
9384079;2.768835
9385090;2.834797
9386078;2.813321
9387079;2.876214
9388078;2.923768
9389079;2.923768
9390077;2.955981
9391078;2.936039
9392077;2.971321
9393078;2.978991
9394076;3.043418
9395091;3.057224
9396079;3.098641
9397080;3.097107
9398078;3.112447
9399080;-3.115515
9400078;-3.109379
9401079;-3.067962
9402077;-3.100175
9403078;-3.032680
9404076;-3.051088
9405091;-2.988195
9406077;-2.962117
9407080;-2.948311
9408081;-2.923768
9409079;-2.937573
9410081;-2.874680
9411079;-2.876214
9412080;-2.828661
9413078;-2.847068
9414079;-2.816389
9415078;-2.817923
9416091;-2.771903
9417079;-2.724350
9418080;-2.716680
9419079;-2.679864
9420077;-2.681398
9421081;-2.655321
9422077;-2.635379
9423080;-2.612369
9424081;-2.799515
9425079;-2.587826
9426122;-2.547942
9427077;-2.558680
9428080;-2.500389
9429076;-2.489651
9430079;-2.469709
9431081;-2.445165
9432079;-2.452835
9433080;-2.414486
9434078;-2.389942
9435080;-2.353127
9436078;-2.350059
9437094;-2.319379
9438076;-2.325515
9439078;-2.288699
9440076;-2.259554
9441077;-2.251884
9442081;-2.218136
9443077;-2.254952
9444080;-2.199728
9445076;-2.205864
9446079;-2.159845
9447089;-2.142971
9448080;-2.113826
9449079;-2.112292
9450080;-2.124563
9451078;-2.067806
9452079;-2.067806
9453077;-2.030991
9454079;-2.029457
9455077;-2.017185
9456078;-2.027923
9457076;-1.981903
9458090;-1.954292
9459079;-1.949690
9460079;-1.914408
9461078;-1.940486
9462079;-1.903670
9463077;-1.911340
9464078;-1.868389
9465076;-1.843845
9466077;-1.872991
9467080;-1.820835
9468090;-1.834641
9469078;-1.757942
9470079;-1.784020
9471077;-1.754874
9472078;-1.756408
9473077;-1.757942
9474078;-1.741068
9475076;-1.711923
9476077;-1.675107
9477076;-1.685845
9478090;-1.658233
9479090;-1.685845
9480080;-1.644427
9481078;-1.621418
9482080;-1.616816
9483078;-1.598408
9484079;-1.626020
9485077;-1.580000
9486079;-1.595340
9487078;-1.530913
9488079;-1.540117
9489090;-1.524777
9490080;-1.523243
9491080;-1.540117
9492081;-1.491029
9493080;-1.494097
9494081;-1.466486
9495081;-1.497165
9496081;-1.471088
9497080;-1.486427
9498081;-1.443476
9499090;-1.422000
9500079;-1.408194
9501079;-1.406660
9502077;-1.432738
9503079;-1.397457
9504079;-1.414330
9505079;-1.368311
9506078;-1.382117
9507079;-1.386719
9508077;-1.362175
9509087;-1.348369
9510094;-1.325359
9511079;-1.334563
9512078;-1.314622
9513079;-1.325359
9514078;-1.323825
9515080;-1.325359
9516078;-1.294680
9517079;-1.277806
9518078;-1.311554
9519079;-1.265534
9520091;-1.305418
9521078;-1.268602
9522079;-1.253262
9523079;-1.260932
9524079;-1.247126
9525078;-1.267068
9526079;-1.271670
9527078;-1.248660
9528078;-1.234855
9529077;-1.236389
9530077;-1.221049
9531090;-1.257864
9532081;-1.233321
9533081;-1.205709
9534081;-1.208777
9535080;-1.198039
9536081;-1.237923
9537080;-1.216447
9538081;-1.227185
9539080;-1.196505
9540081;-1.179631
9541099;-1.214913
9542081;-1.179631
9543076;-1.224117
9544080;-1.187301
9545081;-1.217981
9546081;-1.171961
9547081;-1.185767
9548080;-1.202641
9549081;-1.176563
9550080;-1.199573
9551086;-1.162758
9552092;-1.188835
9553077;-1.161224
9554081;-1.193437
9555078;-1.182699
9556076;-1.225651
9557076;-1.173495
9558080;-1.152020
9559076;-1.210311
9560081;-1.173495
9561081;-1.211845
9562090;-1.176563
9563079;-1.165825
9564080;-1.168893
9565078;-1.176563
9566080;-1.217981
9567079;-1.196505
9568079;-1.196505
9569079;-1.182699
9570080;-1.188835
9571081;-1.190369
9572088;-1.219515
9573091;-1.207243
9574078;-1.184233
9575079;-1.201107
9576077;-1.190369
9577078;-1.219515
9578076;-1.199573
9579078;-1.245592
9580077;-1.221049
9581078;-1.205709
9582077;-1.205709
9583094;-1.219515
9584077;-1.257864
9585078;-1.214913
9586077;-1.260932
9587078;-1.239457
9588077;-1.244058
9589078;-1.260932
9590077;-1.265534
9591078;-1.270136
9592077;-1.248660
9593110;-1.268602
9594080;-1.262466
9595077;-1.302350
9596078;-1.277806
9597076;-1.308486
9598077;-1.290078
9599081;-1.285476
9600081;-1.339165
9601080;-1.297748
9602081;-1.346835
9603080;-1.317690
9604090;-1.326893
9605081;-1.328427
9606079;-1.342233
9607080;-1.377515
9608077;-1.359107
9609079;-1.380583
9610077;-1.352971
9611078;-1.377515
9612081;-1.366777
9613077;-1.398991
9614081;-1.395923
9615094;-1.395923
9616077;-1.400524
9617078;-1.414330
9618076;-1.445010
9619079;-1.440408
9620077;-1.477224
9621078;-1.445010
9622081;-1.466486
9623077;-1.461884
9624081;-1.491029
9625090;-1.524777
9626080;-1.491029
9627077;-1.543185
9628079;-1.510971
9629077;-1.540117
9630078;-1.523243
9631077;-1.581534
9632078;-1.552389
9633077;-1.581534
9634078;-1.590738
9635077;-1.570796
9636093;-1.607612
9637080;-1.629088
9638080;-1.656699
9639077;-1.644427
9640078;-1.653631
9641077;-1.699651
9642078;-1.711923
9643077;-1.702719
9644078;-1.704253
9645077;-1.702719
9646090;-1.724194
9647078;-1.744136
9648079;-1.761010
9649077;-1.777884
9650078;-1.784020
9651077;-1.782486
9652078;-1.814699
9653076;-1.811631
9654077;-1.851515
9655080;-1.800894
9656092;-1.853049
9657080;-1.902136
9658080;-1.882195
9659079;-1.937418
9660080;-1.919010
9661078;-1.974233
9662079;-1.935884
9663078;-1.965029
9664079;-1.980369
9665077;-1.994175
9666089;-2.027923
9667080;-2.026389
9668079;-2.049398
9669080;-2.040195
9670078;-2.084680
9671079;-2.103088
9672077;-2.149107
9673079;-2.129165
9674077;-2.123029
9675078;-2.170583
9676082;-2.169049
9677090;-2.218136
9678078;-2.219670
9679079;-2.258020
9680077;-2.236544
9681079;-2.258020
9682077;-2.314777
9683078;-2.300971
9684076;-2.346991
9685077;-2.322447
9686081;-2.350059
9687094;-2.353127
9688077;-2.380738
9689078;-2.423690
9690076;-2.449767
9691077;-2.449767
9692080;-2.451301
9693076;-2.492719
9694080;-2.481981
9695081;-2.547942
9696079;-2.541806
9697091;-2.544874
9698076;-2.580156
9699080;-2.589360
9700081;-2.679864
9701079;-2.636913
9702080;-2.692136
9703078;-2.666059
9704079;-2.699806
9705078;-2.699806
9706079;-2.747360
9707093;-2.770369
9708079;-2.748894
9709077;-2.801049
9710079;-2.805651
9711077;-2.842467
9712078;-2.867010
9713076;-2.914564
9714077;-2.896156
9715081;-2.909962
9716076;-2.989729
9717080;-2.940641
9718093;-3.023476
9719077;-3.000467
9720078;-3.049554
9721076;-3.028078
9722077;-3.058758
9723081;-3.110913
9724076;-3.110913
9725080;3.127787
9726080;-3.132389
9727078;3.121651
9728089;3.101709
9729080;3.049554
9730079;3.049554
9731080;3.002001
9732078;3.025010
9733079;3.017340
9734077;2.994331
9735079;2.939107
9736077;2.919166
9737078;2.913030
9738076;2.888486
9739090;2.894622
9740079;2.842467
9741078;2.837865
9742079;2.817923
9743079;2.779573
9744080;2.776505
9745078;2.745826
9746079;2.755030
9747078;2.707476
9748079;2.689068
9749090;2.689068
9750078;2.653787
9751080;2.656855
9752079;2.600097
9753080;2.592427
9754078;2.551010
9755080;2.560214
9756079;2.560214
9757079;2.508059
9758078;2.498855
9759129;2.449767
9760081;2.469709
9761081;2.435961
9762079;2.432894
9763081;2.420622
9764080;2.359262
9765081;2.356194
9766080;2.337787
9767080;2.350059
9768079;2.322447
9769080;2.316311
9770094;2.251884
9771079;2.262622
9772078;2.208932
9773079;2.216602
9774078;2.222738
9775080;2.156777
9776078;2.184389
9777079;2.121495
9778077;2.150641
9779080;2.132233
9780091;2.115360
9781081;2.098486
9782081;2.049398
9783081;2.069340
9784081;2.034059
9785081;2.055534
9786079;2.007981
9787080;2.007981
9788079;1.951224
9789081;1.955826
9790093;1.963495
9791081;1.935884
9792077;1.928214
9793081;1.876059
9794077;1.897534
9795077;1.836175
9796077;1.849981
9797081;1.849981
9798077;1.787088
9799081;1.814699
9800090;1.767146
9801078;1.799360
9802080;1.745670
9803079;1.774816
9804080;1.734932
9805079;1.702719
9806079;1.716525
9807077;1.695049
9808078;1.708855
9809077;1.673573
9810077;1.682777
9811091;1.627554
9812079;1.647495
9813080;1.595340
9814079;1.624486
9815079;1.621418
9816078;1.563126
9817079;1.589204
9818077;1.558524
9819079;1.569262
9820078;1.558524
9821079;1.555457
9822092;1.533981
9823077;1.497165
9824081;1.526311
9825077;1.497165
9826081;1.507903
9827077;1.471088
9828081;1.484893
9829077;1.461884
9830081;1.451146
9831077;1.457282
9832094;1.438874
9833077;1.437340
9834078;1.405126
9835077;1.408194
9836078;1.365243
9837081;1.379049
9838077;1.389787
9839081;1.345301
9840081;1.362175
9841079;1.352971
9842089;1.313088
9843093;1.368311
9844080;1.342233
9845081;1.337631
9846079;1.334563
9847079;1.303884
9848077;1.305418
9849079;1.316156
9850077;1.290078
9851079;1.308486
9852077;1.270136
9853090;1.279340
9854078;1.244058
9855080;1.270136
9856078;1.279340
9857079;1.230253
9858077;1.267068
9859079;1.198039
9860077;1.251728
9861078;1.251728
9862077;1.254796
9863090;1.233321
9864078;1.204175
9865080;1.247126
9866077;1.208777
9867079;1.236389
9868081;1.216447
9869077;1.234855
9870081;1.188835
9871077;1.210311
9872081;1.224117
9873076;1.205709
9874091;1.201107
9875078;1.181165
9876080;1.198039
9877081;1.162758
9878077;1.188835
9879081;1.194971
9880077;1.158156
9881081;1.199573
9882077;1.156622
9883081;1.201107
9884090;1.175029
9885078;1.205709
9886080;1.182699
9887077;1.165825
9888077;1.188835
9889081;1.173495
9890077;1.204175
9891081;1.165825
9892077;1.202641
9893080;1.161224
9894094;1.198039
9895079;1.167359
9896077;1.198039
9897078;1.208777
9898077;1.161224
9899079;1.210311
9900077;1.175029
9901078;1.205709
9902081;1.205709
9903077;1.227185
9904081;1.204175
9905091;1.204175
9906078;1.231787
9907079;1.224117
9908079;1.233321
9909080;1.214913
9910078;1.237923
9911079;1.221049
9912078;1.227185
9913079;1.256330
9914077;1.245592
9915078;1.265534
9916091;1.213379
9917078;1.260932
9918079;1.242525
9919078;1.287010
9920079;1.274738
9921077;1.250194
9922078;1.283942
9923077;1.256330
9924077;1.313088
9925081;1.297748
9926092;1.316156
9927077;1.313088
9928081;1.297748
9929077;1.308486
9930080;1.334563
9931076;1.356039
9932080;1.334563
9933081;1.369845
9934079;1.334563
9935080;1.368311
9936078;1.356039
9937094;1.392855
9938076;1.395923
9939078;1.366777
9940076;1.409728
9941077;1.388253
9942081;1.432738
9943077;1.432738
9944080;1.458816
9945080;1.449612
9946078;1.460350
9947090;1.471088
9948080;1.483359
9949079;1.500233
9950080;1.492563
9951078;1.509437
9952079;1.501767
9953077;1.535515
9954079;1.552389
9955077;1.552389
9956078;1.572330
9957076;1.537049
9958094;1.586136
9959077;1.561592
9960078;1.589204
9961076;1.619884
9962077;1.593806
9963076;1.632156
9964077;1.639825
9965080;1.672039
9966076;1.659767
9967079;1.696583
9968090;1.698117
9969078;1.707321
9970079;1.690447
9971078;1.733398
9972079;1.762544
9973077;1.724194
9974078;1.776350
9975076;1.722660
9976078;1.800894
9977081;1.779418
9978077;1.828505
9979094;1.845379
9980076;1.825437
9981077;1.876059
9982080;1.865321
9983076;1.917476
9984080;1.915942
9985081;1.945088
9986079;1.934350
9987080;1.954292
9988079;1.992641
9989093;1.995709
9990079;2.006447
9991077;2.012583
9992078;2.046330
9993076;2.029457
9994078;2.067806
9995076;2.101554
9996077;2.107690
9997080;2.123029
9998076;2.110758
9999080;2.159845
10000090;2.158311
10001078;2.193593
10002077;2.204330
10003078;2.199728
10004077;2.224272
10005077;2.233476
10006076;2.294835
10007077;2.290233
10008081;2.328583
10009077;2.291767
10010094;2.343923
10011079;2.328583
10012079;2.380738
10013080;2.414486
10014078;2.385340
10015079;2.440563
10016079;2.425224
10017079;2.485049
10018077;2.474311
10019079;2.528000
10020077;2.534136
10021094;2.528000
10022079;2.541806
10023077;2.583224
10024079;2.610835
10025079;2.627709
10026080;2.655321
10027078;2.643049
10028079;2.678330
10029078;2.719748
10030080;2.715146
10031092;2.748894
10032076;2.718214
10033080;2.793379
10034081;2.761165
10035080;2.819457
10036081;2.845534
10037079;2.856272
10038081;2.868544
10039080;2.862408
10040081;2.911496
10041094;2.906894
10042077;2.969787
10043078;2.951379
10044077;2.963651
10045078;2.974389
10046077;3.000467
10047078;3.054156
10048077;3.038816
10049077;3.074098
10050077;3.064894
10051130;3.136991
10052081;3.120117
10053077;-3.132389
10054081;-3.089437
10055077;-3.107845
10056081;-3.084836
10057081;-3.086370
10058080;-3.026544
10059081;-3.025010
10060080;-2.986661
10061081;-3.002001
10062093;-2.975923
10063078;-2.957515
10064077;-2.939107
10065078;-2.885418
10066077;-2.914564
10067078;-2.857806
10068077;-2.876214
10069078;-2.840933
10070077;-2.814855
10071078;-2.794913
10072091;-2.779573
10073079;-2.805651
10074080;-2.738156
10075079;-2.745826
10076080;-2.733554
10077079;-2.695204
10078080;-2.672195
10079079;-2.666059
10080079;-2.664525
10081078;-2.613903
10082148;-2.618505
10083079;-2.586292
10084079;-2.589360
10085078;-2.569418
10086079;-2.561748
10087078;-2.537204
10088078;-2.504991
10089077;-2.503457
10090078;-2.481981
10091077;-2.531068
10092078;-2.455903
10093090;-2.460505
10094091;-2.399146
10095077;-2.412952
10096078;-2.417554
10097076;-2.386874
10098077;-2.377670
10099081;-2.337787
10100077;-2.357728
10101081;-2.316311
10102077;-2.322447
10103081;-2.305573
10104090;-2.316311
10105081;-2.271826
10106078;-2.262622
10107080;-2.271826
10108077;-2.228874
10109078;-2.245748
10110077;-2.208932
10111078;-2.182855
10112077;-2.165981
10113078;-2.162913
10114081;-2.181321
10115093;-2.142971
10116077;-2.136835
10117081;-2.095418
10118081;-2.098486
10119080;-2.077010
10120080;-2.092350
10121078;-2.061670
10122079;-2.040195
10123077;-2.043262
10124079;-2.015651
10125082;-2.049398
10126094;-2.004913
10127081;-2.034059
10128077;-1.994175
10129081;-1.961962
10130077;-1.957360
10131081;-1.949690
10132077;-1.963495
10133081;-1.920544
10134077;-1.942020
10135081;-1.908272
10136093;-1.892932
10137077;-1.920544
10138080;-1.897534
10139081;-1.879127
10140079;-1.856117
10141080;-1.857651
10142078;-1.837709
10143079;-1.877593
10144078;-1.836175
10145079;-1.856117
10146092;-1.813165
10147081;-1.802428
10148080;-1.840777
10149081;-1.782486
10150079;-1.816233
10151080;-1.768680
10152077;-1.768680
10153078;-1.751806
10154077;-1.770214
10155079;-1.753340
10156077;-1.753340
10157090;-1.744136
10158077;-1.748738
10159079;-1.767146
10160079;-1.734932
10161081;-1.799360
10162079;-1.739534
10163081;-1.693515
10164078;-1.708855
10165079;-1.698117
10166078;-1.713457
10167090;-1.688913
10168081;-1.718059
10169079;-1.684311
10170081;-1.673573
10171080;-1.658233
10172080;-1.675107
10173079;-1.707321
10174080;-1.650563
10175078;-1.675107
10176079;-1.650563
10177077;-1.705787
10178090;-1.675107
10179078;-1.693515
10180079;-1.636757
10181077;-1.626020
10182078;-1.650563
10183077;-1.630622
10184078;-1.678175
10185076;-1.638291
10186077;-1.678175
10187081;-1.638291
10188092;-1.639825
10189078;-1.675107
10190076;-1.639825
10191077;-1.668971
10192081;-1.665903
10193077;-1.636757
10194080;-1.621418
10195076;-1.649029
10196080;-1.659767
10197081;-1.649029
10198091;-1.647495
10199091;-1.629088
10200079;-1.673573
10201081;-1.635224
10202079;-1.682777
10203080;-1.652097
10204078;-1.642893
10205079;-1.656699
10206078;-1.650563
10207078;-1.721126
10208076;-1.655165
10209092;-1.690447
10210080;-1.662835
10211081;-1.678175
10212079;-1.659767
10213080;-1.684311
10214079;-1.707321
10215080;-1.668971
10216078;-1.682777
10217079;-1.682777
10218077;-1.708855
10219078;-1.693515
10220089;-1.714991
10221077;-1.693515
10222078;-1.708855
10223076;-1.718059
10224077;-1.707321
10225080;-1.754874
10226076;-1.738000
10227079;-1.764078
10228080;-1.733398
10229079;-1.750272
10230093;-1.785554
10231081;-1.770214
10232077;-1.773282
10233080;-1.759476
10234081;-1.784020
10235080;-1.770214
10236081;-1.803962
10237078;-1.800894
10238079;-1.826971
10239078;-1.813165
10240089;-1.810097
10241080;-1.865321
10242078;-1.825437
10243080;-1.877593
10244078;-1.849981
10245079;-1.849981
10246077;-1.862253
10247078;-1.871457
10248076;-1.908272
10249077;-1.879127
10250091;-1.923612
10251077;-1.905204
10252080;-1.909806
10253081;-1.915942
10254079;-1.945088
10255080;-1.945088
10256079;-1.954292
10257080;-1.968097
10258078;-1.965029
10259079;-2.009515
10260077;-2.000311
10261094;-2.038661
10262076;-2.014117
10263078;-2.044796
10264081;-2.063204
10265079;-2.049398
10266080;-2.095418
10267079;-2.058602
10268080;-2.107690
10269079;-2.089282
10270081;-2.101554
10271090;-2.149107
10272079;-2.133767
10273079;-2.158311
10274078;-2.132233
10275079;-2.164447
10276078;-2.165981
10277079;-2.222738
10278077;-2.221204
10279078;-2.248816
10280077;-2.228874
10281092;-2.228874
10282081;-2.273360
10283077;-2.264156
10284080;-2.319379
10285081;-2.297903
10286081;-2.300971
10287081;-2.313243
10288080;-2.339321
10289081;-2.386874
10290081;-2.363864
10291076;-2.405282
10292094;-2.383806
10293076;-2.440563
10294078;-2.406816
10295077;-2.452835
10296078;-2.460505
10297076;-2.448233
10298077;-2.483515
10299076;-2.485049
10300077;-2.551010
10301081;-2.529534
10302077;-2.580156
10303094;-2.557146
10304080;-2.560214
10305079;-2.580156
10306079;-2.604699
10307077;-2.659923
10308079;-2.669127
10309078;-2.673729
10310080;-2.653787
10311079;-2.687534
10312079;-2.727418
10313077;-2.719748
10314092;-2.753496
10315078;-2.736622
10316076;-2.790311
10317076;-2.768835
10318081;-2.822525
10319081;-2.820991
10320081;-2.867010
10321081;-2.853204
10322081;-2.853204
10323076;-2.943709
10324080;-2.893088
10325094;-2.951379
10326079;-2.936039
10327078;-2.949845
10328079;-2.951379
10329077;-2.988195
10330078;-3.034214
10331077;-3.015806
10332078;-3.067962
10333077;-3.046486
10334078;-3.069496
10335077;-3.077166
10336089;-3.113981
10337094;-3.127787
10338079;-3.136991
10339079;3.121651
10340079;3.118583
10341078;3.061826
10342079;3.055690
10343078;3.021942
10344080;3.029612
10345078;3.017340
10346080;3.014272
10347079;2.989729
10348090;2.932971
10349081;2.951379
10350080;2.920700
10351081;2.926836
10352080;2.896156
10353081;2.865476
10354081;2.844001
10355077;2.842467
10356081;2.845534
10357077;2.817923
10358078;2.808719
10359093;2.741224
10360081;2.758098
10361077;2.710544
10362081;2.736622
10363077;2.716680
10364080;2.647651
10365081;2.666059
10366079;2.676796
10367080;2.641515
10368077;2.639981
10369078;2.613903
10370094;2.597029
10371077;2.551010
10372078;2.580156
10373077;2.538738
10374078;2.543340
10375077;2.497321
10376078;2.512661
10377081;2.445165
10378077;2.466641
10379081;2.469709
10380077;2.435961
10381092;2.429826
10382079;2.371534
10383081;2.399146
10384079;2.346991
10385080;2.370000
10386077;2.340855
10387078;2.340855
10388077;2.311709
10389079;2.294835
10390077;2.290233
10391078;2.267224
10392094;2.276428
10393077;2.208932
10394078;2.205864
10395081;2.179787
10396077;2.202796
10397080;2.195127
10398081;2.146039
10399079;2.176719
10400080;2.129165
10401078;2.165981
10402092;2.138369
10403080;2.182855
10404080;2.158311
10405077;2.129165
10406078;2.150641
10407081;2.119962
10408077;2.162913
10409081;2.123029
10410077;2.167515
10411081;2.133767
10412116;2.158311
10413080;2.176719
10414078;2.156777
10415079;2.165981
10416077;2.126097
10417078;2.159845
10418077;2.126097
10419079;2.162913
10420077;2.164447
10421079;2.175185
10422081;2.185923
10423091;2.147573
10424078;2.182855
10425080;2.184389
10426077;2.199728
10427078;2.190525
10428077;2.224272
10429079;2.195127
10430077;2.213534
10431078;2.233476
10432077;2.227340
10433091;2.245748
10434079;2.207398
10435080;2.245748
10436078;2.225806
10437079;2.271826
10438077;2.282563
10439078;2.235010
10440076;2.293301
10441077;2.262622
10442080;2.294835
10443139;2.302505
10444079;2.337787
10445077;2.330117
10446078;2.328583
10447076;2.319379
10448077;2.357728
10449080;2.366932
10450076;2.343923
10451080;2.399146
10452080;2.359262
10453079;2.396078
10454094;2.423690
10455077;2.420622
10456078;2.452835
10457076;2.394544
10458077;2.426758
10459076;2.439029
10460078;2.537204
10461081;2.475845
10462077;2.511127
10463080;2.472777
10464093;2.523398
10465081;2.544874
10466077;2.509593
10467080;2.547942
10468076;2.503457
10469080;2.555612
10470079;2.549476
10471078;2.554078
10472079;2.575554
10473077;2.595495
10474090;2.612369
10475081;2.583224
10476079;2.595495
10477080;2.597029
10478078;2.644583
10479079;2.641515
10480077;2.629243
10481078;2.643049
10482077;2.653787
10483078;2.693670
10484076;2.686000
10485094;2.721282
10486076;2.696738
10487077;2.724350
10488080;2.702874
10489076;2.742758
10490080;2.762699
10491076;2.736622
10492079;2.779573
10493080;2.755030
10494078;2.791845
10495090;2.810253
10496080;2.830195
10497078;2.824059
10498079;2.810253
10499078;2.817923
10500078;2.850136
10501077;2.879282
10502078;2.851670
10503076;2.882350
10504077;2.870078
10505093;2.913030
10506079;2.936039
10507077;2.917632
10508078;2.949845
10509076;2.908428
10510077;2.952913
10511080;2.951379
10512076;2.978991
10513079;2.997399
10514081;3.021942
10515079;3.008137
10516091;3.021942
10517078;3.043418
10518079;3.029612
10519078;3.061826
10520079;3.038816
10521077;3.054156
10522078;3.046486
10523077;3.080234
10524077;3.132389
10525081;3.098641
10526090;3.109379
10527078;3.083302
10528078;3.120117
10529077;3.132389
10530078;-3.123185
10531077;-3.115515
10532078;3.136991
10533077;-3.101709
10534078;-3.109379
10535077;-3.081768
10536078;-3.124719
10537091;-3.052622
10538079;-3.094039
10539081;-3.058758
10540080;-3.060292
10541081;-3.032680
10542081;-3.008137
10543081;-3.054156
10544081;-3.003535
10545081;-3.029612
10546081;-2.966719
10547092;-2.972855
10548080;-2.975923
10549076;-2.968253
10550081;-2.969787
10551081;-2.948311
10552081;-2.957515
10553081;-2.917632
10554081;-2.949845
10555077;-2.886952
10556080;-2.913030
10557081;-2.911496
10558093;-2.873146
10559078;-2.874680
10560077;-2.857806
10561078;-2.882350
10562077;-2.863942
10563079;-2.879282
10564077;-2.837865
10565078;-2.842467
10566077;-2.807185
10567078;-2.801049
10568090;-2.837865
10569081;-2.817923
10570080;-2.816389
10571081;-2.767301
10572080;-2.782641
10573081;-2.810253
10574080;-2.774971
10575081;-2.738156
10576080;-2.779573
10577080;-2.761165
10578090;-2.756564
10579090;-2.774971
10580080;-2.719748
10581079;-2.784175
10582080;-2.712078
10583079;-2.699806
10584081;-2.715146
10585079;-2.675262
10586080;-2.748894
10587079;-2.682932
10588080;-2.673729
10589092;-2.684466
10590078;-2.673729
10591077;-2.702874
10592077;-2.684466
10593077;-2.681398
10594078;-2.626175
10595077;-2.666059
10596078;-2.639981
10597077;-2.653787
10598077;-2.653787
10599090;-2.624641
10600078;-2.632311
10601079;-2.604699
10602077;-2.658389
10603080;-2.627709
10604078;-2.641515
10605079;-2.603165
10606079;-2.627709
10607079;-2.607767
10608077;-2.610835
10609079;-2.646117
10610092;-2.600097
10611077;-2.626175
10612081;-2.583224
10613081;-2.606233
10614079;-2.601631
10615081;-2.630777
10616079;-2.600097
10617080;-2.574020
10618078;-2.593961
10619081;-2.575554
10620149;-2.618505
10621080;-2.601631
10622078;-2.644583
10623079;-2.595495
10624078;-2.590894
10625079;-2.633845
10626078;-2.587826
10627079;-2.626175
10628078;-2.580156
10629079;-2.597029
10630077;-2.574020
10631094;-2.601631
10632081;-2.632311
10633077;-2.601631
10634081;-2.626175
10635077;-2.586292
10636081;-2.647651
10637077;-2.586292
10638080;-2.635379
10639081;-2.613903
10640079;-2.603165
10641094;-2.627709
10642080;-2.609301
10643078;-2.662991
10644079;-2.633845
10645077;-2.658389
10646079;-2.639981
10647081;-2.624641
10648077;-2.633845
10649081;-2.652253
10650077;-2.681398
10651081;-2.659923
10652094;-2.667593
10653077;-2.656855
10654078;-2.662991
10655077;-2.690602
10656078;-2.698272
10657081;-2.696738
10658077;-2.675262
10659081;-2.704408
10660077;-2.686000
10661081;-2.735088
10662091;-2.704408
10663081;-2.762699
10664080;-2.724350
10665081;-2.702874
10666079;-2.762699
10667079;-2.732020
10668078;-2.768835
10669080;-2.748894
10670077;-2.750428
10671078;-2.724350
10672077;-2.770369
10673095;-2.790311
10674081;-2.788777
10675077;-2.787243
10676081;-2.791845
10677077;-2.814855
10678080;-2.811787
10679081;-2.825593
10680079;-2.817923
10681080;-2.816389
10682078;-2.842467
10683090;-2.854738
10684081;-2.865476
10685078;-2.865476
10686079;-2.877748
10687077;-2.877748
10688078;-2.886952
10689077;-2.874680
10690078;-2.905360
10691077;-2.939107
10692078;-2.913030
10693144;-2.954447
10694081;-2.936039
10695081;-2.942175
10696077;-2.978991
10697080;-2.978991
10698081;-2.985127
10699080;-2.966719
10700080;-3.000467
10701079;-2.982059
10702080;-3.031146
10703078;-3.021942
10704093;-3.032680
10705081;-3.038816
10706077;-3.041884
10707080;-3.095573
10708076;-3.051088
10709080;-3.101709
10710080;-3.077166
10711079;-3.077166
10712080;-3.086370
10713078;-3.106311
10714089;3.123185
10715078;-3.135457
10716079;3.107845
10717076;-3.113981
10718077;3.089437
10719081;-3.109379
10720077;3.072564
10721080;3.092505
10722076;3.109379
10723079;3.078700
10724089;3.103243
10725080;3.028078
10726078;3.054156
10727079;3.020408
10728077;3.057224
10729078;3.031146
10730077;3.029612
10731078;3.017340
10732076;2.974389
10733077;2.991263
10734090;2.945243
10735081;2.978991
10736079;2.980525
10737080;2.943709
10738078;2.925302
10739079;2.939107
10740077;2.936039
10741078;2.909962
10742076;2.929903
10743078;2.865476
10744076;2.877748
10745093;2.833263
10746081;2.873146
10747077;2.874680
10748080;2.819457
10749077;2.859340
10750080;2.816389
10751076;2.844001
10752079;2.827127
10753080;2.831729
10754079;2.794913
10755091;2.791845
10756077;2.767301
10757080;2.781107
10758076;2.790311
10759080;2.753496
10760076;2.781107
10761079;2.724350
10762080;2.745826
10763079;2.748894
10764080;2.727418
10765093;2.722816
10766079;2.709010
10767077;2.695204
10768078;2.666059
10769076;2.687534
10770078;2.687534
10771076;2.669127
10772077;2.667593
10773081;2.639981
10774076;2.678330
10775080;2.652253
10776093;2.647651
10777081;2.613903
10778076;2.600097
10779080;2.577088
10780076;2.598563
10781079;2.626175
10782080;2.581690
10783079;2.600097
10784080;2.564816
10785078;2.575554
10786132;2.520330
10787076;2.544874
10788079;2.541806
10789078;2.521864
10790080;2.538738
10791079;2.509593
10792080;2.529534
10793078;2.523398
10794079;2.498855
10795079;2.506525
10796086;2.474311
10797090;2.480447
10798080;2.472777
10799079;2.509593
10800080;2.474311
10801079;2.489651
10802080;2.428292
10803080;2.468175
10804081;2.481981
10805081;2.457437
10806081;2.458971
10807094;2.408350
10808078;2.431360
10809077;2.389942
10810078;2.432894
10811077;2.432894
10812078;2.423690
10813076;2.409884
10814077;2.362330
10815081;2.423690
10816077;2.379204
10817094;2.403748
10818079;2.385340
10819078;2.374602
10820079;2.373068
10821079;2.380738
10822080;2.389942
10823078;2.363864
10824079;2.371534
10825079;2.339321
10826079;2.357728
10827090;2.328583
10828078;2.350059
10829080;2.360796
10830079;2.305573
10831079;2.337787
10832078;2.307107
10833079;2.342389
10834078;2.340855
10835080;2.389942
10836078;2.327049
10837079;2.313243
10838090;2.304039
10839079;2.323981
10840079;2.337787
10841078;2.307107
10842079;2.336253
10843078;2.297903
10844079;2.317845
10845078;2.334719
10846078;2.319379
10847076;2.319379
10848077;2.276428
10849092;2.302505
10850077;2.305573
10851077;2.313243
10852077;2.307107
10853081;2.322447
10854077;2.308641
10855081;2.282563
10856077;2.323981
10857081;2.297903
10858076;2.323981
10859090;2.304039
10860078;2.281029
10861079;2.271826
10862078;2.307107
10863080;2.325515
10864078;2.277961
10865080;2.322447
10866078;2.294835
10867079;2.313243
10868078;2.297903
10869079;2.319379
10870092;2.325515
10871077;2.285631
10872080;2.322447
10873081;2.297903
10874079;2.340855
10875081;2.336253
10876080;2.346991
10877080;2.327049
10878079;2.310175
10879081;2.299437
10880094;2.330117
10881078;2.353127
10882081;2.307107
10883077;2.359262
10884081;2.313243
10885077;2.346991
10886081;2.354661
10887081;2.362330
10888079;2.366932
10889080;2.327049
10890078;2.370000
10891093;2.363864
10892080;2.385340
10893081;2.408350
10894079;2.362330
10895080;2.350059
10896078;2.383806
10897078;2.402214
10898077;2.389942
10899078;2.409884
10900077;2.374602
10901092;2.393010
10902079;2.359262
10903080;2.406816
10904078;2.417554
10905079;2.373068
10906078;2.417554
10907080;2.385340
10908078;2.423690
10909079;2.389942
10910078;2.423690
10911079;2.419088
10912094;2.391476
10913077;2.417554
10914078;2.411418
10915077;2.435961
10916078;2.425224
10917081;2.452835
10918077;2.399146
10919081;2.432894
10920077;2.389942
10921081;2.449767
10922087;2.445165
10923094;2.394544
10924077;2.431360
10925078;2.402214
10926077;2.445165
10927077;2.445165
10928081;2.449767
10929077;2.432894
10930081;2.406816
10931077;2.431360
10932081;2.408350
10933090;2.442097
10934077;2.429826
10935078;2.443631
10936077;2.434427
10937078;2.425224
10938077;2.443631
10939079;2.422156
10940077;2.432894
10941079;2.360796
10942081;2.420622
10943077;2.388408
10944091;2.423690
10945078;2.432894
10946079;2.379204
10947077;2.411418
10948079;2.377670
10949077;2.417554
10950078;2.405282
10951081;2.451301
10952077;2.400680
10953081;2.396078
10954091;2.362330
10955077;2.399146
10956081;2.414486
10957078;2.388408
10958076;2.412952
10959077;2.356194
10960081;2.389942
10961077;2.348525
10962080;2.380738
10963077;2.385340
10964090;2.340855
10965081;2.379204
10966079;2.373068
10967080;2.380738
10968078;2.371534
10969079;2.382272
10970077;2.365398
10971078;2.350059
10972076;2.374602
10973078;2.353127
10974081;2.363864
10975094;2.330117
10976076;2.362330
10977077;2.319379
10978080;2.337787
10979076;2.343923
10980080;2.346991
10981081;2.337787
10982079;2.291767
10983080;2.327049
10984078;2.294835
10985085;2.319379
10986091;2.316311
10987079;2.273360
10988080;2.293301
10989078;2.254952
10990079;2.310175
10991078;2.290233
10992079;2.308641
10993077;2.261088
10994078;2.274894
10995077;2.276428
10996093;2.276428
10997081;2.277961
10998076;2.256486
10999080;2.245748
11000081;2.248816
11001079;2.236544
11002080;2.228874
11003078;2.265690
11004079;2.265690
11005077;2.230408
11006090;2.224272
11007077;2.218136
11008078;2.254952
11009077;2.242680
11010078;2.262622
11011076;2.205864
11012077;2.230408
11013081;2.253418
11014076;2.238078
11015080;2.242680
11016081;2.204330
11017092;2.228874
11018080;2.204330
11019076;2.230408
11020079;2.254952
11021080;2.233476
11022078;2.238078
11023079;2.195127
11024078;2.228874
11025079;2.210466
11026077;2.205864
11027091;2.222738
11028092;2.188991
11029080;2.219670
11030081;2.208932
11031079;2.242680
11032080;2.219670
11033079;2.233476
11034080;2.193593
11035078;2.215068
11036079;2.187457
11037077;2.254952
11038091;2.228874
11039079;2.184389
11040080;2.224272
11041078;2.184389
11042079;2.212000
11043078;2.195127
11044079;2.228874
11045077;2.210466
11046078;2.173651
11047076;2.204330
11048092;2.201262
11049078;2.222738
11050076;2.201262
11051081;2.215068
11052077;2.208932
11053081;2.195127
11054081;2.212000
11055080;2.195127
11056081;2.201262
11057080;2.152175
11058080;2.190525
11059093;2.156777
11060078;2.179787
11061077;2.179787
11062078;2.193593
11063077;2.175185
11064078;2.150641
11065077;2.165981
11066078;2.139903
11067077;2.204330
11068078;2.159845
11069077;2.130699
11070094;2.129165
11071079;2.158311
11072078;2.169049
11073080;2.141437
11074078;2.158311
11075080;2.113826
11076079;2.135301
11077079;2.107690
11078078;2.135301
11079079;2.144505
11080077;2.100020
11081094;2.133767
11082079;2.107690
11083079;2.133767
11084079;2.119962
11085078;2.129165
11086079;2.110758
11087078;2.084680
11088078;2.095418
11089077;2.087748
11090078;2.135301
11091077;2.061670
11092090;2.113826
11093080;2.052466
11094079;2.084680
11095079;2.098486
11096078;2.086214
11097079;2.089282
11098077;2.037127
11099079;2.072408
11100078;2.072408
11101079;2.050932
11102094;2.046330
11103079;2.027923
11104078;2.061670
11105080;2.060136
11106079;2.030991
11107078;2.040195
11108077;2.061670
11109078;2.034059
11110077;2.038661
11111078;2.020253
11112091;2.030991
11113079;2.057068
11114081;2.035593
11115080;2.052466
11116081;2.015651
11117079;2.032525
11118081;2.012583
11119080;2.040195
11120081;2.023321
11121079;1.994175
11122080;2.027923
11123092;2.003379
11124077;2.040195
11125081;2.018719
11126077;2.018719
11127080;2.003379
11128081;2.007981
11129080;1.998777
11130081;2.007981
11131080;2.041728
11132081;1.975767
11133094;2.024855
11134079;1.992641
11135078;2.001845
11136080;2.015651
11137078;2.009515
11138079;2.043262
11139078;1.974233
11140079;2.007981
11141078;1.977301
11142080;2.003379
11143079;1.995709
11144093;2.021787
11145081;2.001845
11146077;2.018719
11147081;2.018719
11148077;2.000311
11149081;2.009515
11150076;1.975767
11151080;1.997243
11152080;1.972699
11153078;2.027923
11154093;1.998777
11155081;2.017185
11156077;1.998777
11157080;1.972699
11158081;1.997243
11159080;1.971165
11160080;2.015651
11161078;1.995709
11162079;1.992641
11163077;1.997243
11164092;1.977301
11165081;2.009515
11166080;1.995709
11167080;2.015651
11168077;1.989573
11169079;2.000311
11170077;1.972699
11171078;2.012583
11172077;2.020253
11173078;1.960428
11174087;1.980369
11175094;1.975767
11176077;2.003379
11177077;1.998777
11178080;1.992641
11179077;1.995709
11180080;1.975767
11181081;1.980369
11182079;1.972699
11183080;2.017185
11184078;2.001845
11185092;2.009515
11186077;1.966563
11187081;2.000311
11188081;2.006447
11189079;1.994175
11190081;1.997243
11191079;1.955826
11192080;1.986505
11193078;1.971165
11194079;2.000311
11195077;1.989573
11196093;1.997243
11197080;1.977301
11198081;1.958894
11199079;2.001845
11200081;1.978835
11201079;1.981903
11202080;1.965029
11203078;1.951224
11204079;1.943554
11205078;1.981903
11206090;1.991107
11207077;1.958894
11208078;1.949690
11209077;1.932816
11210078;1.957360
11211077;1.948156
11212078;1.952758
11213081;1.946622
11214077;1.908272
11215081;1.952758
11216090;1.914408
11217077;1.942020
11218078;1.943554
11219078;1.948156
11220079;1.919010
11221077;1.931282
11222078;1.888330
11223076;1.922078
11224078;1.929748
11225076;1.902136
11226077;1.920544
11227093;1.877593
11228081;1.886796
11229077;1.915942
11230080;1.908272
11231076;1.906738
11232079;1.859185
11233080;1.891398
11234078;1.871457
11235080;1.866855
11236078;1.869923
11237094;1.885262
11238079;1.851515
11239078;1.863787
11240079;1.863787
11241077;1.854583
11242078;1.869923
11243077;1.808563
11244078;1.851515
11245076;1.810097
11246077;1.837709
11247087;1.843845
11248091;1.843845
11249079;1.830039
11250080;1.799360
11251079;1.822369
11252080;1.800894
11253078;1.817767
11254079;1.837709
11255078;1.780952
11256079;1.802428
11257077;1.776350
11258093;1.811631
11259076;1.784020
11260077;1.802428
11261081;1.756408
11262077;1.784020
11263080;1.748738
11264076;1.780952
11265079;1.793224
11266080;1.739534
11267079;1.776350
11268090;1.734932
11269078;1.791690
11270079;1.771748
11271078;1.764078
11272079;1.762544
11273077;1.727262
11274078;1.780952
11275077;1.744136
11276077;1.767146
11277080;1.736466
11278092;1.759476
11279077;1.704253
11280080;1.738000
11281076;1.748738
11282080;1.731864
11283076;1.742602
11284079;1.704253
11285080;1.718059
11286078;1.691981
11287079;1.719592
11288077;1.724194
11289091;1.725728
11290079;1.716525
11291081;1.679709
11292079;1.718059
11293080;1.698117
11294078;1.711923
11295079;1.699651
11296078;1.676641
11297078;1.662835
11298076;1.678175
11299091;1.728796
11300077;1.678175
11301080;1.699651
11302076;1.652097
11303079;1.688913
11304080;1.655165
11305079;1.678175
11306080;1.695049
11307078;1.641359
11308079;1.667437
11309078;1.644427
11310094;1.659767
11311080;1.649029
11312079;1.665903
11313077;1.652097
11314078;1.662835
11315078;1.649029
11316078;1.681243
11317076;1.664369
11318077;1.649029
11319076;1.659767
11320078;1.638291
11321090;1.613748
11322081;1.653631
11323080;1.630622
11324081;1.642893
11325081;1.603010
11326081;1.622952
11327080;1.596874
11328081;1.621418
11329080;1.624486
11330081;1.627554
11331093;1.610680
11332080;1.580000
11333081;1.613748
11334080;1.596874
11335081;1.619884
11336081;1.581534
11337081;1.603010
11338080;1.567728
11339076;1.586136
11340080;1.596874
11341081;1.563126
11342090;1.589204
11343081;1.541651
11344080;1.576932
11345081;1.526311
11346080;1.566194
11347081;1.563126
11348080;1.527845
11349081;1.549321
11350081;1.517107
11351081;1.547787
11352079;1.541651
11353092;1.547787
11354077;1.529379
11355081;1.515573
11356076;1.533981
11357080;1.504835
11358081;1.515573
11359080;1.478758
11360081;1.509437
11361081;1.466486
11362081;1.483359
11363094;1.486427
11364079;1.472622
11365078;1.480291
11366079;1.434272
11367078;1.461884
11368078;1.432738
11369077;1.457282
11370078;1.472622
11371077;1.457282
11372078;1.443476
11373077;1.408194
11374094;1.432738
11375080;1.426602
11376078;1.429670
11377079;1.398991
11378077;1.394389
11379080;1.383651
11380078;1.397457
11381079;1.405126
11382078;1.363709
11383079;1.392855
11384094;1.354505
11385079;1.380583
11386079;1.337631
11387079;1.362175
11388078;1.366777
11389080;1.329961
11390078;1.351437
11391080;1.313088
11392078;1.349903
11393080;1.334563
11394079;1.343767
11395094;1.319224
11396079;1.300816
11397078;1.333029
11398078;1.302350
11399077;1.326893
11400078;1.290078
11401077;1.317690
11402078;1.267068
11403077;1.294680
11404077;1.305418
11405077;1.294680
11406095;1.294680
11407081;1.256330
11408077;1.276272
11409081;1.251728
11410077;1.280874
11411081;1.257864
11412077;1.279340
11413081;1.245592
11414077;1.240991
11415081;1.250194
11416091;1.251728
11417078;1.256330
11418079;1.250194
11419077;1.257864
11420078;1.221049
11421077;1.234855
11422078;1.242525
11423077;1.210311
11424078;1.231787
11425077;1.199573
11426092;1.208777
11427078;1.185767
11428077;1.207243
11429078;1.204175
11430077;1.161224
11431078;1.187301
11432077;1.178097
11433078;1.199573
11434077;1.182699
11435078;1.193437
11436094;1.178097
11437078;1.159690
11438077;1.179631
11439078;1.158156
11440077;1.176563
11441078;1.147418
11442077;1.156622
11443079;1.110602
11444077;1.144350
11445078;1.142816
11446077;1.141282
11447093;1.141282
11448080;1.102932
11449081;1.122874
11450079;1.093728
11451081;1.129010
11452078;1.109068
11453079;1.121340
11454078;1.096796
11455079;1.087592
11456078;1.118272
11457092;1.075321
11458079;1.095262
11459080;1.073787
11460077;1.059981
11461079;1.041573
11462077;1.063049
11463078;1.075321
11464081;1.026233
11465077;1.055379
11466081;1.030835
11467092;1.044641
11468081;1.015495
11469080;1.041573
11470081;1.027767
11471079;1.020097
11472080;1.012427
11473078;0.994020
11474079;1.026233
11475077;0.990952
11476078;1.015495
11477081;0.981748
11478092;0.992486
11479079;0.998622
11480081;0.986350
11481080;0.990952
11482081;0.943398
11483080;0.972544
11484080;0.932660
11485079;0.963340
11486080;0.975612
11487078;0.955670
11488094;0.948000
11489079;0.926524
11490078;0.966408
11491079;0.923456
11492077;0.938796
11493078;0.917321
11494076;0.929592
11495077;0.901981
11496081;0.888175
11497077;0.908117
11498089;0.898913
11499091;0.905049
11500078;0.862097
11501080;0.883573
11502078;0.846757
11503079;0.869767
11504077;0.869767
11505078;0.829884
11506076;0.839087
11507078;0.822214
11508076;0.846757
11509090;0.814544
11510078;0.840621
11511079;0.816078
11512077;0.786932
11513078;0.785398
11514076;0.790000
11515078;0.800738
11516076;0.773126
11517077;0.791534
11518080;0.743981
11519081;0.763922
11520092;0.734777
11521080;0.825282
11522076;0.745515
11523080;0.883573
11524080;0.762388
11525077;0.685689
11526078;0.693359
11527076;0.702563
11528077;0.711767
11529081;0.690291
11530077;0.659612
11531092;0.685689
11532080;0.650408
11533081;0.670350
11534079;0.645806
11535080;0.659612
11536079;0.615126
11537079;0.619728
11538077;0.633534
11539079;0.613592
11540077;0.607456
11541093;0.572175
11542079;0.589049
11543077;0.555301
11544078;0.572175
11545076;0.575243
11546078;0.524621
11547076;0.549165
11548077;0.512350
11549081;0.543029
11550077;0.513884
11551093;0.523087
11552079;0.497010
11553077;0.487806
11554078;0.477068
11555077;0.484738
11556078;0.492408
11557076;0.455592
11558077;0.470932
11559081;0.424913
11560077;0.441786
11561087;0.454058
11562090;0.432583
11563079;0.423379
11564080;0.392699
11565078;0.395767
11566079;0.369689
11567077;0.392699
11568078;0.381961
11569076;0.378893
11570077;0.345146
11571080;0.331340
11572093;0.358952
11573078;0.334408
11574078;0.337476
11575077;0.331340
11576077;0.349748
11577076;0.331340
11578077;0.352816
11579076;0.357418
11580077;0.345146
11581081;0.354350
11582090;0.331340
11583078;0.343612
11584080;0.331340
11585078;0.343612
11586080;1.958894
11587078;2.188991
11588079;2.064738
11589079;1.902136
11590080;1.892932
11591078;1.877593
11592079;0.329806
11593092;0.316000
11594078;0.308330
11595077;0.326738
11596078;0.329806
11597076;0.329806
11598077;0.317534
11599076;0.329806
11600077;0.312932
11601081;0.329806
11602077;0.329806
11603091;0.329806
11604078;0.329806
11605080;0.286854
11606079;0.289922
11607079;0.276117
11608078;0.303728
11609079;0.285320
11610078;0.292990
11611079;0.259243
11612078;0.259243
11613079;0.273049
11614092;0.256175
11615077;0.254641
11616081;0.217825
11617077;0.256175
11618080;0.210155
11619076;0.230097
11620081;0.240835
11621081;0.230097
11622080;0.211689
11623081;0.187146
11624080;0.211689
11625094;0.204019
11626079;0.191748
11627078;0.179476
11628079;0.190214
11629078;0.217825
11630079;0.184078
11631079;0.187146
11632080;0.167204
11633078;0.181010
11634079;0.133456
11635090;0.141126
11636081;0.119651
11637080;0.150330
11638081;0.161068
11639080;0.131922
11640081;0.130388
11641080;0.101243
11642081;0.144194
11643080;0.130388
11644081;0.125786
11645090;0.110447
11646078;0.088971
11647078;0.098175
11648077;0.096641
11649078;0.127320
11650077;0.099709
11651078;0.121184
11652077;0.073631
11653078;0.098175
11654077;0.108913
11655097;0.101243
11656081;0.088971
11657081;0.059825
11658080;0.081301
11659076;0.058291
11660080;0.075165
11661081;0.096641
11662080;0.088971
11663081;0.070563
11664080;0.039884
11665081;0.061359
11666092;0.055223
11667077;0.070563
11668078;0.044485
11669081;0.035282
11670077;0.029146
11671081;0.039884
11672081;0.067495
11673080;0.050621
11674080;0.056757
11675078;0.018408
11676094;0.046019
11677081;0.009204
11678077;0.038350
11679081;0.044485
11680076;0.000000
11681080;0.019942
11682080;-0.003068
11683078;0.036816
11684080;0.016874
11685077;0.033748
11686091;0.001534
11687076;0.001534
11688079;-0.004602
11689081;0.009204
11690079;0.024544
11691081;-0.006136
11692079;0.019942
11693079;-0.035282
11694078;0.009204
11695080;0.015340
11696090;-0.001534
11697081;-0.001534
11698079;-0.039884
11699080;-0.016874
11700077;-0.030680
11701079;0.000000
11702077;-0.012272
11703078;-0.001534
11704077;-0.015340
11705078;-0.039884
11706077;0.006136
11707092;-0.016874
11708079;-0.026078
11709081;-0.036816
11710078;-0.030680
11711080;-0.053689
11712078;-0.023010
11713079;-0.015340
11714077;-0.021476
11715079;-0.015340
11716077;-0.056757
11717092;-0.021476
11718079;-0.062893
11719080;-0.018408
11720078;-0.026078
11721079;-0.058291
11722077;-0.036816
11723079;-0.058291
11724077;-0.018408
11725078;-0.035282
11726077;-0.009204
11727128;-0.050621
11728080;-0.047553
11729078;-0.070563
11730079;-0.035282
11731077;-0.062893
11732078;-0.047553
11733077;-0.062893
11734078;-0.035282
11735077;-0.038350
11736078;-0.047553
11737076;-0.033748
11738092;-0.042951
11739081;-0.085903
11740077;-0.042951
11741081;-0.081301
11742077;-0.050621
11743076;-0.052155
11744078;-0.039884
11745076;-0.064427
11746077;-0.075165
11747081;-0.042951
11748089;-0.055223
11749080;-0.033748
11750079;-0.073631
11751080;-0.062893
11752078;-0.088971
11753079;-0.053689
11754077;-0.038350
11755079;-0.052155
11756077;-0.046019
11757078;-0.090505
11758076;-0.053689
11759093;-0.093573
11760081;-0.055223
11761077;-0.058291
11762080;-0.092039
11763076;-0.078233
11764079;-0.095107
11765081;-0.046019
11766079;-0.072097
11767080;-0.049087
11768078;-0.075165
11769091;-0.087437
11770076;-0.096641
11771080;-0.067495
11772081;-0.055223
11773079;-0.084369
11774080;-0.064427
11775079;-0.104311
11776080;-0.065961
11777078;-0.052155
11778079;-0.082835
11779093;-0.070563
11780079;-0.101243
11781077;-0.084369
11782078;-0.105845
11783076;-0.052155
11784078;-0.079767
11785076;-0.058291
11786077;-0.090505
11787081;-0.076699
11788077;-0.058291
11789080;-0.079767
11790093;-0.062893
11791076;-0.095107
11792077;-0.092039
11793081;-0.098175
11794077;-0.073631
11795081;-0.062893
11796076;-0.087437
11797079;-0.078233
11798080;-0.111981
11799079;-0.073631
11800092;-0.113515
11801078;-0.067495
11802076;-0.081301
11803078;-0.113515
11804076;-0.093573
11805077;-0.107379
11806080;-0.067495
11807076;-0.090505
11808079;-0.062893
11809080;-0.087437
11810079;-0.067495
11811092;-0.111981
11812080;-0.075165
11813081;-0.069029
11814079;-0.090505
11815080;-0.069029
11816078;-0.115049
11817079;-0.072097
11818077;-0.069029
11819079;-0.076699
11820077;-0.076699
11821093;-0.105845
11822079;-0.078233
11823077;-0.104311
11824078;-0.069029
11825077;-0.078233
11826078;-0.067495
11827076;-0.084369
11828078;-0.104311
11829076;-0.073631
11830077;-0.088971
11831138;-0.058291
11832078;-0.087437
11833076;-0.092039
11834077;-0.127320
11835079;-0.049087
11836080;-0.078233
11837081;-0.085903
11838079;-0.087437
11839081;-0.099709
11840080;-0.078233
11841081;-0.121184
11842092;-0.067495
11843081;-0.058291
11844076;-0.107379
11845080;-0.079767
11846081;-0.104311
11847080;-0.064427
11848081;-0.070563
11849080;-0.052155
11850081;-0.069029
11851080;-0.096641
11852081;-0.078233
11853094;-0.079767
11854079;-0.039884
11855077;-0.090505
11856079;-0.050621
11857078;-0.093573
11858078;-0.055223
11859078;-0.058291
11860078;-0.065961
11861077;-0.050621
11862077;-0.101243
11863091;-0.062893
11864079;-0.101243
11865079;-0.064427
11866079;-0.056757
11867079;-0.073631
11868078;-0.070563
11869080;-0.088971
11870078;-0.062893
11871080;-0.079767
11872078;-0.044485
11873080;-0.065961
11874092;-0.098175
11875078;-0.065961
11876076;-0.065961
11877077;-0.042951
11878081;-0.053689
11879077;-0.042951
11880081;-0.075165
11881077;-0.055223
11882081;-0.073631
11883077;-0.047553
11884091;-0.033748
11885092;-0.067495
11886077;-0.046019
11887081;-0.084369
11888081;-0.055223
11889081;-0.044485
11890081;-0.039884
11891081;-0.042951
11892081;-0.067495
11893081;-0.050621
11894081;-0.041417
11895090;-0.026078
11896081;-0.053689
11897080;-0.030680
11898081;-0.062893
11899081;-0.049087
11900081;-0.021476
11901079;-0.030680
11902081;-0.102777
11903079;-0.072097
11904080;-0.032214
11905092;-0.062893
11906077;-0.030680
11907081;-0.019942
11908081;-0.006136
11909080;-0.026078
11910081;-0.058291
11911081;-0.015340
11912081;-0.053689
11913080;-0.030680
11914081;-0.030680
11915080;-0.035282
11916092;-0.032214
11917077;-0.019942
11918080;-0.009204
11919081;-0.010738
11920080;-0.013806
11921081;-0.044485
11922080;-0.004602
11923076;-0.046019
11924080;-0.006136
11925081;-0.007670
11926094;-0.044485
11927079;-0.015340
11928078;-0.042951
11929079;0.004602
11930080;-0.009204
11931077;0.006136
11932078;-0.012272
11933077;-0.033748
11934078;-0.010738
11935077;0.013806
11936091;0.012272
11937081;-0.012272
11938079;0.016874
11939079;-0.029146
11940077;-0.001534
11941079;-0.006136
11942077;-0.007670
11943078;-0.001534
11944077;-0.012272
11945078;0.003068
11946090;0.006136
11947091;0.003068
11948077;0.012272
11949079;0.006136
11950077;0.001534
11951078;-0.018408
11952077;0.018408
11953078;-0.001534
11954077;0.021476
11955079;-0.019942
11956077;0.010738
11957092;-0.010738
11958078;0.013806
11959080;0.033748
11960077;0.016874
11961078;0.021476
11962077;-0.009204
11963079;0.010738
11964077;-0.015340
11965078;0.027612
11966077;0.023010
11967093;-0.015340
11968077;0.010738
11969081;-0.003068
11970077;0.039884
11971081;0.016874
11972077;0.039884
11973081;-0.003068
11974076;0.007670
11975080;-0.006136
11976080;0.029146
11977091;0.039884
11978077;0.009204
11979081;0.035282
11980081;-0.012272
11981079;0.029146
11982080;0.039884
11983078;0.033748
11984079;0.029146
11985078;-0.009204
11986079;0.019942
11987077;0.010738
11988092;0.039884
11989078;0.030680
11990079;0.042951
11991078;0.010738
11992080;0.032214
11993077;0.042951
11994078;0.036816
11995077;0.047553
11996078;0.007670
11997076;0.038350
11998077;-0.013806
11999092;0.030680
12000078;0.046019
12001080;0.046019
12002077;0.047553
12003079;-0.001534
12004077;0.035282
12005078;0.009204
12006077;0.046019
12007077;0.035282
12008081;0.001534
12009094;0.029146
12010077;0.006136
12011078;0.046019
12012076;0.016874
12013077;0.032214
12014080;0.042951
12015076;0.038350
12016079;0.000000
12017080;0.036816
12018078;0.042951
12019090;0.003068
12020081;0.027612
12021079;0.006136
12022080;0.038350
12023078;0.039884
12024079;0.046019
12025077;0.026078
12026078;0.018408
12027077;0.012272
12028078;0.018408
12029110;0.049087
12030080;0.035282
12031079;0.046019
12032080;0.012272
12033078;0.038350
12034079;0.058291
12035077;0.046019
12036078;0.039884
12037076;0.004602
12038077;0.044485
12039081;0.006136
12040092;0.046019
12041080;0.046019
12042081;0.052155
12043080;0.029146
12044080;0.019942
12045079;0.042951
12046080;0.035282
12047078;0.038350
12048078;0.033748
12049077;0.047553
12050093;0.030680
12051077;0.055223
12052077;0.044485
12053081;0.001534
12054077;0.047553
12055080;0.004602
12056076;0.039884
12057079;0.012272
12058080;0.046019
12059079;0.041417
12060091;-0.003068
12061077;0.039884
12062080;0.003068
12063076;0.052155
12064080;0.032214
12065080;0.052155
12066079;0.019942
12067080;0.021476
12068078;0.015340
12069079;0.035282
12070078;0.056757
12071094;0.013806
12072077;0.038350
12073078;0.007670
12074076;0.042951
12075078;0.052155
12076076;0.046019
12077077;0.047553
12078080;0.033748
12079076;0.036816
12080080;0.009204
12081091;0.047553
12082079;0.047553
12083080;0.052155
12084078;0.018408
12085079;0.038350
12086078;0.042951
12087078;0.030680
12088076;0.046019
12089078;0.023010
12090076;0.027612
12091093;0.007670
12092081;0.036816
12093077;0.047553
12094080;0.010738
12095076;0.035282
12096080;0.006136
12097081;0.047553
12098079;0.006136
12099080;0.047553
12100080;0.032214
12101079;0.010738
12102081;0.027612
12103090;0.030680
12104081;0.046019
12105080;0.032214
12106081;0.056757
12107080;0.032214
12108081;0.042951
12109081;0.003068
12110081;0.019942
12111080;0.053689
12112081;0.018408
12113081;0.046019
12114094;-0.001534
12115079;0.046019
12116078;0.035282
12117078;0.058291
12118077;0.035282
12119078;0.012272
12120077;0.047553
12121078;0.042951
12122077;0.055223
12123078;0.023010
12124091;0.055223
12125079;0.010738
12126081;0.024544
12127079;0.055223
12128080;0.044485
12129079;0.046019
12130080;0.003068
12131080;0.041417
12132081;0.003068
12133080;0.042951
12134094;0.046019
12135077;0.004602
12136077;0.029146
12137077;0.024544
12138077;0.046019
12139076;0.035282
12140077;0.056757
12141081;0.024544
12142077;0.019942
12143081;0.023010
12144077;0.030680
12145094;0.053689
12146080;0.013806
12147078;0.053689
12148079;0.010738
12149078;0.055223
12150080;0.033748
12151079;0.038350
12152079;0.041417
12153078;0.029146
12154079;0.023010
12155079;0.000000
12156092;0.047553
12157077;0.030680
12158080;0.053689
12159076;0.032214
12160080;0.006136
12161081;0.055223
12162080;0.019942
12163081;0.042951
12164080;0.023010
12165081;0.049087
12166081;0.023010
12167090;0.044485
12168079;0.052155
12169078;0.061359
12170080;0.047553
12171078;0.000000
12172079;0.041417
12173077;0.006136
12174079;0.042951
12175079;0.039884
12176080;0.024544
12177092;0.007670
12178081;0.012272
12179076;0.042951
12180080;0.030680
12181081;0.059825
12182080;0.021476
12183081;0.035282
12184080;0.000000
12185081;0.032214
12186081;0.053689
12187094;0.001534
12188077;0.035282
12189078;0.003068
12190077;0.058291
12191078;0.030680
12192079;0.039884
12193081;0.038350
12194077;0.003068
12195081;0.007670
12196077;0.027612
12197080;0.042951
12198094;0.027612
12199081;0.042951
12200077;0.013806
12201081;0.030680
12202077;0.038350
12203081;0.029146
12204081;0.041417
12205079;0.001534
12206080;0.027612
12207077;-0.003068
12208093;0.018408
12209080;0.036816
12210081;0.033748
12211080;0.021476
12212081;-0.015340
12213079;0.033748
12214080;0.001534
12215078;0.033748
12216079;0.021476
12217077;-0.007670
12218085;0.001534
12219094;0.021476
12220081;0.036816
12221077;0.018408
12222081;0.035282
12223077;0.006136
12224081;0.010738
12225076;-0.024544
12226080;0.026078
12227080;0.023010
12228077;-0.009204
12229092;0.027612
12230078;-0.019942
12231080;0.033748
12232078;-0.012272
12233079;0.035282
12234077;0.012272
12235079;-0.015340
12236077;0.013806
12237078;0.023010
12238077;0.036816
12239095;-0.001534
12240079;0.030680
12241077;-0.016874
12242078;0.024544
12243077;0.038350
12244078;0.030680
12245081;0.026078
12246077;-0.015340
12247080;0.015340
12248081;-0.015340
12249079;0.027612
12250093;0.021476
12251081;0.027612
12252077;-0.004602
12253081;0.006136
12254081;0.029146
12255080;0.010738
12256081;0.000000
12257079;0.004602
12258080;0.019942
12259078;0.099709
12260092;0.016874
12261078;-0.006136
12262076;0.012272
12263079;0.029146
12264081;-0.015340
12265077;0.016874
12266081;-0.013806
12267077;0.018408
12268077;0.016874
12269078;-0.009204
12270082;0.012272
12271089;-0.019942
12272077;0.023010
12273078;0.018408
12274077;0.021476
12275078;0.003068
12276076;0.006136
12277077;-0.021476
12278081;0.019942
12279077;0.029146
12280080;-0.004602
12281076;0.012272
12282093;-0.021476
12283076;0.013806
12284077;0.023010
12285080;0.009204
12286076;0.006136
12287079;-0.018408
12288080;0.004602
12289079;-0.018408
12290080;0.021476
12291078;0.007670
12292079;0.006136
12293090;0.000000
12294078;0.006136
12295079;0.024544
12296078;0.015340
12297079;0.030680
12298077;0.006136
12299078;0.000000
12300076;-0.024544
12301077;0.009204
12302081;0.018408
12303094;0.012272
12304080;0.016874
12305078;0.082835
12306079;0.021476
12307078;-0.006136
12308079;0.023010
12309077;0.001534
12310078;-0.024544
12311076;0.006136
12312077;0.007670
12313080;0.027612
12314092;0.018408
12315080;0.032214
12316081;-0.023010
12317079;0.006136
12318080;-0.012272
12319078;0.010738
12320079;0.035282
12321078;-0.012272
12322079;0.012272
12323077;-0.018408
12324078;0.015340
12325076;0.026078
12326093;0.018408
12327081;0.015340
12328076;-0.009204
12329080;-0.001534
12330081;0.000000
12331080;0.016874
12332080;0.010738
12333079;0.027612
12334080;-0.012272
12335078;0.006136
12336146;0.027612
12337080;0.006136
12338078;0.019942
12339080;-0.032214
12340077;0.013806
12341078;-0.024544
12342077;0.018408
12343078;0.019942
12344076;0.021476
12345077;0.026078
12346081;-0.027612
12347093;0.010738
12348079;-0.015340
12349077;0.021476
12350078;0.016874
12351077;-0.012272
12352078;0.006136
12353076;0.007670
12354077;0.024544
12355080;0.012272
12356076;0.032214
12357079;-0.001534
12358091;-0.003068
12359079;-0.013806
12360080;0.026078
12361077;0.018408
12362076;0.004602
12363078;0.003068
12364077;-0.015340
12365078;0.007670
12366077;0.191748
12367078;0.021476
12368079;0.027612
12369090;-0.018408
12370081;0.018408
12371081;-0.013806
12372081;0.023010
12373081;0.027612
12374081;0.035282
12375079;0.019942
12376081;-0.006136
12377079;0.042951
12378080;0.018408
12379079;0.032214
12380091;0.007670
12381081;0.010738
12382080;-0.012272
12383081;0.018408
12384081;0.038350
12385081;0.018408
12386081;0.035282
12387081;-0.023010
12388081;0.023010
12389081;-0.012272
12390092;0.018408
12391078;0.032214
12392077;-0.019942
12393078;0.019942
12394077;-0.007670
12395078;0.033748
12396077;-0.003068
12397077;0.030680
12398081;0.012272
12399077;-0.015340
12400092;0.016874
12401081;0.009204
12402081;0.033748
12403080;0.015340
12404081;0.039884
12405080;-0.001534
12406081;0.019942
12407080;0.038350
12408081;0.041417
12409080;0.041417
12410081;-0.001534
12411090;0.035282
12412081;-0.006136
12413079;0.032214
12414080;0.041417
12415079;0.033748
12416080;0.021476
12417078;-0.003068
12418079;0.030680
12419078;-0.010738
12420080;0.046019
12421078;0.033748
12422094;-0.007670
12423079;0.018408
12424078;-0.006136
12425079;0.039884
12426079;0.024544
12427079;0.055223
12428078;0.009204
12429080;0.012272
12430078;0.007670
12431080;0.026078
12432094;0.027612
12433079;0.001534
12434079;0.038350
12435079;-0.006136
12436079;0.032214
12437079;-0.003068
12438078;0.033748
12439079;0.039884
12440078;0.000000
12441080;0.018408
12442078;0.006136
12443090;0.030680
12444081;0.029146
12445079;0.046019
12446081;0.021476
12447079;-0.003068
12448080;0.046019
12449079;0.030680
12450080;0.046019
12451079;0.012272
12452080;0.053689
12453092;0.001534
12454078;0.026078
12455079;0.050621
12456077;0.030680
12457078;0.039884
12458077;0.000000
12459078;0.032214
12460077;0.012272
12461078;0.035282
12462077;0.015340
12463091;0.003068
12464077;0.030680
12465081;0.016874
12466077;0.010738
12467081;0.015340
12468077;0.016874
12469081;0.035282
12470081;0.035282
12471080;0.000000
12472080;0.030680
12473091;0.050621
12474093;0.013806
12475081;0.046019
12476077;0.010738
12477079;0.032214
12478080;0.000000
12479078;0.058291
12480080;0.038350
12481078;0.004602
12482079;0.039884
12483078;0.003068
12484092;0.035282
12485078;0.033748
12486081;0.046019
12487077;0.038350
12488080;0.018408
12489081;0.047553
12490079;0.030680
12491080;0.052155
12492078;0.023010
12493080;0.053689
12494078;0.006136
12495093;0.039884
12496081;0.046019
12497077;0.039884
12498080;0.039884
12499081;-0.003068
12500079;0.039884
12501079;0.006136
12502078;0.042951
12503079;0.046019
12504077;0.007670
12505092;0.021476
12506081;0.006136
12507080;0.049087
12508080;0.033748
12509078;0.024544
12510080;0.027612
12511077;0.030680
12512078;0.010738
12513077;0.032214
12514078;0.056757
12515093;0.010738
12516078;0.053689
12517081;0.004602
12518077;0.036816
12519081;0.000000
12520077;0.046019
12521081;0.053689
12522077;0.006136
12523081;0.032214
12524077;0.006136
12525081;0.035282
12526090;0.033748
12527077;0.052155
12528078;0.030680
12529077;0.010738
12530079;0.047553
12531078;0.026078
12532079;0.056757
12533077;0.007670
12534078;0.064427
12535076;0.003068
12536078;0.038350
12537091;0.052155
12538079;0.033748
12539080;0.042951
12540078;0.006136
12541079;0.033748
12542077;0.018408
12543079;0.042951
12544077;0.033748
12545078;0.004602
12546076;0.021476
12547092;0.104311
12548080;0.070563
12549080;0.021476
12550079;0.047553
12551080;0.026078
12552078;0.030680
12553079;0.003068
12554077;0.030680
12555079;0.055223
12556077;0.019942
12557094;0.047553
12558080;0.006136
12559078;0.032214
12560079;0.000000
12561077;0.027612
12562079;0.029146
12563077;0.000000
12564078;0.009204
12565076;0.010738
12566078;0.046019
12567122;0.021476
12568077;0.052155
12569080;0.023010
12570076;0.042951
12571080;0.035282
12572081;0.050621
12573079;0.023010
12574080;-0.007670
12575079;0.032214
12576080;0.026078
12577078;0.038350
12578094;0.050621
12579077;0.046019
12580078;0.039884
12581076;0.004602
12582077;0.041417
12583081;-0.003068
12584077;0.049087
12585080;0.030680
12586076;0.006136
12587080;0.026078
12588081;0.009204
12589092;0.049087
12590079;0.038350
12591081;0.046019
12592079;-0.009204
12593080;0.027612
12594078;0.000000
12595080;0.042951
12596078;0.041417
12597078;0.000000
12598076;0.061359
12599093;0.000000
12600081;0.038350
12601077;-0.003068
12602080;0.039884
12603077;0.035282
12604080;0.003068
12605081;0.026078
12606079;0.027612
12607080;0.046019
12608078;0.023010
12609118;0.047553
12610078;0.012272
12611077;0.039884
12612078;0.044485
12613076;0.036816
12614077;0.047553
12615081;0.001534
12616077;0.049087
12617080;0.000000
12618081;0.030680
12619079;0.041417
12620092;0.036816
12621079;0.023010
12622080;0.003068
12623079;0.046019
12624077;0.015340
12625078;0.042951
12626077;0.033748
12627077;0.015340
12628077;0.023010
12629078;0.030680
12630090;0.046019
12631078;0.030680
12632080;0.047553
12633078;0.001534
12634080;0.033748
12635079;0.000000
12636081;0.033748
12637079;0.046019
12638080;-0.006136
12639079;0.032214
12640088;-0.009204
12641092;0.027612
12642078;0.009204
12643077;0.033748
12644077;0.018408
12645077;0.018408
12646078;0.000000
12647076;0.015340
12648077;0.059825
12649076;-0.001534
12650077;0.029146
12651092;0.006136
12652077;0.018408
12653081;0.018408
12654081;0.030680
12655081;0.047553
12656081;0.004602
12657080;0.023010
12658081;-0.004602
12659080;0.024544
12660081;0.027612
12661093;0.036816
12662081;0.015340
12663077;-0.009204
12664081;0.030680
12665077;0.010738
12666081;0.039884
12667081;0.021476
12668081;-0.004602
12669076;0.006136
12670081;0.018408
12671079;0.036816
12672094;0.023010
12673079;0.035282
12674079;-0.041417
12675080;0.026078
12676078;-0.012272
12677079;0.039884
12678078;0.035282
12679079;0.012272
12680078;0.009204
12681079;-0.001534
12682092;0.027612
12683078;0.003068
12684077;0.036816
12685078;0.016874
12686077;-0.006136
12687077;0.006136
12688076;0.012272
12689078;0.035282
12690077;0.006136
12691078;0.027612
12692090;-0.001534
12693078;0.001534
12694079;0.036816
12695079;0.019942
12696080;0.029146
12697078;-0.012272
12698079;0.024544
12699079;-0.012272
12700079;0.023010
12701078;0.029146
12702079;0.003068
12703092;0.013806
12704081;-0.018408
12705081;0.018408
12706080;-0.015340
12707081;0.027612
12708080;0.010738
12709081;-0.010738
12710080;-0.012272
12711081;0.009204
12712080;0.030680
12713158;0.010738
12714077;0.033748
12715078;0.000000
12716078;0.018408
12717081;-0.016874
12718077;0.013806
12719081;0.015340
12720077;-0.015340
12721081;0.016874
12722077;-0.013806
12723081;0.027612
12724091;0.000000
12725077;-0.001534
12726081;-0.001534
12727077;-0.015340
12728080;-0.004602
12729081;0.004602
12730079;0.021476
12731081;-0.006136
12732079;0.026078
12733079;-0.006136
12734078;0.015340
12735090;0.023010
12736081;0.013806
12737079;0.016874
12738079;-0.024544
12739078;-0.001534
12740079;-0.027612
12741077;0.015340
12742078;-0.001534
12743077;0.012272
12744078;-0.029146
12745092;-0.027612
12746078;0.021476
12747081;-0.024544
12748077;0.018408
12749081;-0.001534
12750081;-0.010738
12751079;-0.021476
12752080;0.004602
12753078;0.021476
12754079;0.007670
12755078;0.016874
12756093;-0.032214
12757080;0.007670
12758081;-0.018408
12759080;0.009204
12760080;0.007670
12761078;-0.042951
12762079;-0.018408
12763077;-0.027612
12764078;0.009204
12765077;-0.004602
12766095;0.004602
12767081;-0.006136
12768077;-0.016874
12769081;-0.023010
12770076;0.000000
12771080;0.021476
12772080;-0.012272
12773077;0.019942
12774078;-0.010738
12775077;0.000000
12776092;0.016874
12777077;0.004602
12778080;-0.004602
12779081;-0.033748
12780079;0.000000
12781080;-0.085903
12782077;0.003068
12783078;-0.001534
12784077;-0.012272
12785078;-0.010738
12786132;0.007670
12787080;0.006136
12788077;0.003068
12789079;0.010738
12790081;-0.023010
12791077;0.001534
12792077;-0.026078
12793078;-0.001534
12794076;0.018408
12795078;0.004602
12796076;0.012272
12797091;-0.032214
12798079;0.006136
12799080;-0.036816
12800078;-0.004602
12801079;0.010738
12802078;-0.039884
12803079;-0.004602
12804077;-0.029146
12805078;0.015340
12806076;0.001534
12807090;0.021476
12808080;-0.010738
12809079;-0.021476
12810080;-0.024544
12811078;0.000000
12812080;0.021476
12813078;-0.010738
12814079;0.010738
12815077;-0.021476
12816078;0.000000
12817076;0.010738
12818093;0.003068
12819076;-0.001534
12820077;-0.033748
12821080;-0.003068
12822076;-0.029146
12823079;0.009204
12824081;-0.010738
12825079;0.009204
12826080;-0.009204
12827078;-0.013806
12828089;-0.007670
12829080;0.001534
12830079;0.016874
12831080;-0.007670
12832078;0.001534
12833079;-0.026078
12834077;0.003068
12835079;0.015340
12836077;0.003068
12837078;0.013806
12838089;-0.036816
12839092;0.012272
12840081;-0.032214
12841077;0.023010
12842080;-0.001534
12843076;-0.033748
12844080;-0.012272
12845081;-0.013806
12846079;0.007670
12847080;-0.023010
12848078;0.015340
12849094;-0.019942
12850080;-0.006136
12851078;-0.026078
12852079;0.000000
12853077;0.015340
12854079;-0.027612
12855077;0.009204
12856078;-0.024544
12857076;-0.003068
12858077;0.010738
12859081;0.033748
12860094;0.003068
12861076;-0.030680
12862077;-0.021476
12863080;-0.027612
12864076;-0.003068
12865080;-0.010738
12866081;0.009204
12867079;-0.004602
12868080;-0.010738
12869078;0.009204
12870128;-0.004602
12871078;0.006136
12872076;-0.021476
12873078;-0.004602
12874076;-0.027612
12875077;-0.006136
12876081;0.007670
12877077;-0.003068
12878080;-0.003068
12879081;-0.033748
12880079;0.001534
12881091;-0.024544
12882079;-0.012272
12883080;-0.009204
12884078;-0.033748
12885080;-0.015340
12886080;-0.012272
12887079;0.027612
12888080;-0.029146
12889079;-0.019942
12890079;-0.006136
12891092;0.003068
12892076;-0.053689
12893081;-0.001534
12894081;0.004602
12895080;-0.029146
12896081;-0.006136
12897080;-0.032214
12898081;-0.023010
12899080;-0.004602
12900081;-0.018408
12901081;-0.007670
12902094;-0.033748
12903079;-0.016874
12904079;-0.027612
12905080;0.000000
12906078;-0.036816
12907079;0.000000
12908078;-0.015340
12909080;-0.010738
12910078;0.006136
12911080;0.001534
12912078;-0.001534
12913092;-0.021476
12914077;-0.016874
12915077;-0.036816
12916077;-0.003068
12917081;0.001534
12918081;0.000000
12919080;-0.012272
12920081;-0.039884
12921080;-0.001534
12922081;-0.033748
12923094;0.006136
12924076;-0.026078
12925078;-0.033748
12926077;-0.029146
12927078;-0.027612
12928076;0.015340
12929078;-0.016874
12930077;-0.003068
12931078;-0.029146
12932077;-0.012272
12933077;-0.052155
12934090;-0.004602
12935080;0.000000
12936079;-0.041417
12937080;-0.009204
12938078;-0.039884
12939080;-0.004602
12940078;-0.004602
12941080;-0.007670
12942079;-0.009204
12943080;-0.039884
12944092;-0.030680
12945080;-0.035282
12946081;-0.003068
12947080;-0.026078
12948081;-0.001534
12949081;-0.038350
12950081;-0.012272
12951079;-0.001534
12952081;-0.012272
12953079;-0.004602
12954080;-0.041417
12955092;-0.013806
12956076;-0.036816
12957080;-0.015340
12958081;0.007670
12959080;0.009204
12960081;-0.015340
12961079;-0.033748
12962081;-0.003068
12963080;-0.018408
12964081;-0.003068
12965091;-0.029146
12966079;-0.030680
12967080;-0.047553
12968079;-0.024544
12969080;-0.015340
12970078;-0.018408
12971080;0.001534
12972078;-0.046019
12973080;-0.013806
12974079;-0.033748
12975091;-0.010738
12976090;-0.004602
12977081;-0.042951
12978079;-0.009204
12979077;-0.039884
12980078;-0.013806
12981077;-0.007670
12982078;-0.003068
12983081;-0.036816
12984077;-0.044485
12985081;-0.041417
12986091;-0.024544
12987077;-0.001534
12988081;-0.026078
12989077;0.000000
12990081;-0.039884
12991081;-0.006136
12992079;-0.029146
12993081;-0.004602
12994079;-0.035282
12995081;-0.072097
12996091;-0.013806
12997093;-0.036816
12998080;-0.003068
12999081;-0.009204
13000079;-0.003068
13001081;-0.009204
13002079;-0.044485
13003081;-0.003068
13004079;-0.018408
13005079;-0.003068
13006078;-0.041417
13007090;-0.018408
13008077;-0.038350
13009079;-0.023010
13010077;-0.016874
13011078;-0.006136
13012077;-0.001534
13013078;-0.044485
13014077;-0.013806
13015078;-0.042951
13016081;-0.007670
13017090;0.000000
13018077;-0.036816
13019079;-0.018408
13020077;-0.042951
13021078;-0.006136
13022077;-0.007670
13023078;-0.003068
13024077;-0.027612
13025078;-0.039884
13026077;-0.050621
13027078;-0.018408
13028093;-0.024544
13029081;-0.029146
13030076;-0.004602
13031080;-0.044485
13032080;-0.026078
13033078;-0.003068
13034079;-0.010738
13035077;-0.006136
13036078;-0.033748
13037076;-0.013806
13038093;-0.039884
13039081;-0.001534
13040077;-0.009204
13041081;0.006136
13042077;-0.016874
13043081;-0.033748
13044077;-0.003068
13045081;-0.010738
13046076;-0.003068
13047079;-0.029146
13048093;-0.015340
13049078;-0.041417
13050077;-0.004602
13051079;0.001534
13052077;0.012272
13053078;0.003068
13054078;-0.042951
13055079;-0.003068
13056077;-0.027612
13057078;-0.001534
13058093;-0.007670
13059079;-0.038350
13060077;-0.009204
13061078;-0.012272
13062076;0.000000
13063078;-0.010738
13064076;0.006136
13065077;-0.024544
13066080;-0.012272
13067076;-0.035282
13068080;0.001534
13069094;0.007670
13070077;-0.032214
13071078;-0.003068
13072076;-0.030680
13073078;0.003068
13074076;0.004602
13075078;0.021476
13076081;0.003068
13077076;-0.039884
13078080;0.001534
13079090;-0.024544
13080078;0.009204
13081079;-0.016874
13082077;0.018408
13083079;-0.015340
13084077;-0.006136
13085078;0.007670
13086076;-0.004602
13087077;-0.006136
13088080;-0.013806
13089089;-0.006136
13090080;-0.029146
13091079;0.009204
13092080;-0.006136
13093078;0.000000
13094079;-0.003068
13095077;-0.006136
13096079;0.076699
13097077;0.001534
13098077;0.009204
13099088;-0.016874
13100091;0.003068
13101079;-0.038350
13102080;-0.006136
13103079;0.006136
13104080;-0.016874
13105078;0.013806
13106079;-0.036816
13107077;-0.039884
13108079;-0.033748
13109077;-0.003068
13110150;0.010738
13111079;-0.036816
13112077;-0.001534
13113078;-0.030680
13114077;-0.001534
13115078;0.001534
13116076;-0.012272
13117077;-0.015340
13118080;-0.027612
13119081;0.006136
13120079;-0.018408
13121090;0.007670
13122078;-0.026078
13123080;0.004602
13124078;-0.036816
13125079;-0.001534
13126077;0.016874
13127078;-0.001534
13128076;0.010738
13129077;-0.035282
13130081;0.000000
13131092;-0.030680
13132080;0.010738
13133081;-0.003068
13134079;0.009204
13135080;-0.016874
13136079;-0.029146
13137079;0.009204
13138077;-0.021476
13139079;0.026078
13140077;-0.013806
13141093;-0.038350
13142079;-0.035282
13143077;-0.006136
13144078;0.021476
13145077;-0.024544
13146078;0.007670
13147076;-0.033748
13148080;0.000000
13149076;-0.012272
13150081;0.003068
13151081;-0.009204
13152094;-0.024544
13153080;-0.001534
13154078;-0.012272
13155080;0.009204
13156079;-0.007670
13157079;0.010738
13158078;-0.007670
13159079;-0.021476
13160079;0.024544
13161079;0.009204
13162082;0.007670
13163092;-0.029146
13164077;-0.001534
13165081;-0.036816
13166077;0.003068
13167081;-0.003068
13168076;0.009204
13169080;-0.016874
13170081;-0.032214
13171080;0.009204
13172081;-0.012272
13173093;0.010738
13174077;-0.016874
13175076;0.010738
13176077;-0.018408
13177081;-0.018408
13178076;0.012272
13179081;-0.013806
13180081;0.010738
13181080;-0.033748
13182081;-0.001534
13183094;-0.029146
13184077;0.003068
13185078;0.009204
13186077;-0.035282
13187077;-0.003068
13188076;-0.021476
13189078;0.030680
13190077;-0.012272
13191078;0.021476
13192077;-0.012272
13193078;-0.016874
13194092;-0.012272
13195077;0.006136
13196081;0.027612
13197081;-0.021476
13198080;0.010738
13199081;-0.033748
13200080;0.006136
13201081;-0.007670
13202081;0.003068
13203076;0.088971
13204094;-0.015340
13205079;-0.013806
13206079;-0.021476
13207079;0.015340
13208078;-0.003068
13209079;0.010738
13210078;-0.009204
13211080;-0.004602
13212078;0.015340
13213080;-0.012272
13214092;0.016874
13215077;-0.027612
13216081;0.012272
13217077;-0.024544
13218080;0.003068
13219076;0.016874
13220081;0.006136
13221081;0.016874
13222080;-0.024544
13223081;0.007670
13224080;-0.032214
13225092;0.009204
13226078;-0.001534
13227076;-0.035282
13228077;-0.016874
13229076;-0.021476
13230077;0.015340
13231081;0.007670
13232077;0.018408
13233081;-0.019942
13234077;-0.004602
13235090;-0.029146
13236081;-0.003068
13237080;0.019942
13238080;-0.026078
13239079;0.000000
13240081;-0.030680
13241076;0.006136
13242080;0.004602
13243081;0.009204
13244078;-0.003068
13245093;-0.019942
13246081;-0.010738
13247077;-0.018408
13248080;0.015340
13249081;-0.010738
13250079;0.018408
13251081;-0.024544
13252079;0.000000
13253079;0.010738
13254078;0.001534
13255090;0.013806
13256080;-0.033748
13257077;0.001534
13258078;-0.041417
13259077;-0.004602
13260078;0.015340
13261077;-0.001534
13262078;-0.007670
13263077;-0.033748
13264078;0.006136
13265077;-0.013806
13266091;0.003068
13267078;-0.016874
13268080;-0.035282
13269077;-0.018408
13270079;-0.018408
13271077;0.010738
13272078;0.001534
13273077;0.001534
13274078;-0.047553
13275077;-0.019942
13276093;-0.052155
13277080;-0.001534
13278081;0.004602
13279079;-0.038350
13280080;-0.004602
13281078;-0.039884
13282079;-0.001534
13283078;-0.007670
13284079;-0.001534
13285078;-0.001534
13286090;-0.033748
13287092;-0.016874
13288079;-0.024544
13289079;-0.001534
13290077;-0.018408
13291079;0.007670
13292077;-0.010738
13293078;0.000000
13294077;-0.003068
13295078;0.001534
13296081;0.009204
13297090;-0.036816
13298081;0.007670
13299080;-0.030680
13300080;0.006136
13301078;0.009204
13302079;0.012272
13303077;0.004602
13304078;-0.026078
13305077;-0.007670
13306078;0.003068
13307081;-0.016874
13308094;0.001534
13309077;-0.007670
13310078;-0.004602
13311077;-0.049087
13312078;0.015340
13313077;0.007670
13314078;0.016874
13315077;-0.035282
13316080;0.007670
13317078;-0.030680
13318094;-0.003068
13319077;0.010738
13320078;-0.026078
13321076;0.010738
13322077;-0.024544
13323081;0.006136
13324076;0.004602
13325080;0.010738
13326080;-0.006136
13327078;-0.029146
13328079;-0.027612
13329093;0.000000
13330076;0.016874
13331078;-0.009204
13332076;0.018408
13333077;-0.016874
13334081;0.006136
13335077;0.010738
13336080;0.000000
13337081;0.021476
13338079;-0.029146
13339090;0.009204
13340077;-0.027612
13341079;0.000000
13342077;0.003068
13343078;0.015340
13344076;0.010738
13345078;-0.024544
13346076;0.006136
13347077;-0.024544
13348080;0.003068
13349093;-0.004602
13350078;-0.023010
13351077;-0.012272
13352078;-0.018408
13353076;0.018408
13354077;0.006136
13355080;0.016874
13356076;-0.024544
13357080;0.006136
13358081;-0.024544
13359079;0.015340
13360091;0.010738
13361079;-0.035282
13362080;0.004602
13363079;-0.018408
13364080;0.018408
13365078;0.004602
13366079;0.015340
13367077;-0.006136
13368078;-0.015340
13369077;-0.006136
13370098;0.007670
13371079;0.023010
13372077;-0.001534
13373078;0.019942
13374076;-0.023010
13375077;0.007670
13376081;0.029146
13377076;0.013806
13378080;0.010738
13379076;-0.024544
13380079;0.004602
13381092;-0.027612
13382080;0.003068
13383081;0.010738
13384079;0.023010
13385080;0.004602
13386078;0.007670
13387079;0.027612
13388078;0.001534
13389079;0.029146
13390077;-0.009204
13391092;0.006136
13392081;-0.018408
13393077;0.018408
13394080;0.033748
13395076;0.023010
13396080;0.009204
13397080;-0.015340
13398078;0.023010
13399080;-0.009204
13400078;0.027612
13401091;0.012272
13402077;-0.015340
13403080;0.007670
13404076;-0.012272
13405079;0.027612
13406081;0.012272
13407078;0.023010
13408079;0.001534
13409078;0.009204
13410077;0.019942
13411147;-0.072097
13412077;0.018408
13413078;0.000000
13414077;0.016874
13415077;0.024544
13416077;0.012272
13417078;0.023010
13418076;0.018408
13419077;0.027612
13420077;-0.012272
13421078;0.006136
13422090;0.003068
13423079;0.035282
13424079;0.009204
13425079;0.036816
13426080;-0.001534
13427078;0.026078
13428078;0.038350
13429077;0.026078
13430078;0.039884
13431077;-0.007670
13432084;0.026078
13433094;-0.012272
13434079;0.027612
13435078;0.039884
13436079;0.030680
13437077;0.027612
13438078;-0.003068
13439077;0.027612
13440077;0.003068
13441077;0.030680
13442078;0.018408
13443090;0.001534
13444081;0.010738
13445079;0.021476
13446080;0.042951
13447079;-0.010738
13448080;0.033748
13449079;-0.012272
13450079;0.026078
13451078;-0.015340
13452079;0.026078
13453092;0.035282
13454077;-0.004602
13455081;-0.001534
13456077;0.000000
13457080;0.033748
13458081;0.018408
13459080;0.033748
13460081;0.006136
13461080;0.000000
13462081;0.006136
13463100;0.018408
13464077;0.030680
13465079;0.004602
13466079;0.032214
13467079;-0.007670
13468078;0.027612
13469080;0.035282
13470078;0.024544
13471080;0.021476
13472079;-0.012272
13473079;0.019942
13474094;-0.006136
13475077;0.029146
13476077;0.006136
13477076;0.030680
13478077;0.013806
13479076;-0.007670
13480077;0.033748
13481081;0.012272
13482077;0.030680
13483077;0.003068
13484077;0.006136
13485094;-0.006136
13486079;0.007670
13487077;0.024544
13488078;-0.007670
13489077;0.007670
13490078;-0.018408
13491077;0.009204
13492078;-0.018408
13493077;0.015340
13494078;0.013806
13495090;-0.027612
13496079;0.001534
13497078;-0.027612
13498077;0.021476
13499079;-0.009204
13500077;0.015340
13501078;-0.007670
13502077;-0.010738
13503080;-0.024544
13504081;0.006136
13505093;0.018408
13506078;-0.006136
13507081;0.010738
13508077;-0.021476
13509081;0.009204
13510077;0.010738
13511081;0.015340
13512077;0.003068
13513081;-0.012272
13514077;0.007670
13515092;-0.012272
13516093;0.000000
13517080;-0.018408
13518081;0.030680
13519079;-0.009204
13520080;-0.015340
13521078;0.010738
13522079;-0.015340
13523078;0.019942
13524079;0.007670
13525078;0.000000
13526093;-0.023010
13527077;0.000000
13528080;0.023010
13529081;-0.013806
13530079;0.023010
13531081;0.000000
13532079;0.003068
13533079;-0.021476
13534078;0.010738
13535080;0.004602
13536077;-0.027612
13537094;-0.006136
13538077;-0.030680
13539078;0.018408
13540077;0.013806
13541078;0.018408
13542077;-0.006136
13543078;-0.027612
13544077;-0.024544
13545078;0.000000
13546077;0.018408
13547090;-0.012272
13548078;0.010738
13549079;-0.041417
13550078;0.006136
13551079;0.016874
13552078;0.013806
13553079;0.012272
13554078;-0.024544
13555079;0.018408
13556077;-0.027612
13557090;0.015340
13558081;0.009204
13559079;0.018408
13560081;-0.001534
13561079;-0.004602
13562080;0.023010
13563078;0.000000
13564080;0.021476
13565078;0.019942
13566079;-0.016874
13567090;-0.024544
13568080;0.007670
13569078;0.023010
13570080;-0.016874
13571077;0.015340
13572078;-0.033748
13573077;0.006136
13574078;-0.024544
13575081;0.019942
13576077;0.013806
13577080;-0.018408
13578091;0.004602
13579079;-0.024544
13580080;0.021476
13581078;-0.009204
13582080;0.015340
13583078;-0.019942
13584079;-0.006136
13585077;-0.023010
13586078;0.006136
13587076;0.023010
13588092;-0.029146
13589080;0.004602
13590080;-0.033748
13591079;0.003068
13592080;0.016874
13593078;0.009204
13594079;-0.006136
13595078;-0.024544
13596079;0.001534
13597077;-0.018408
13598093;0.015340
13599078;-0.003068
13600077;0.010738
13601078;-0.013806
13602076;-0.015340
13603078;0.013806
13604076;-0.024544
13605077;0.013806
13606080;-0.018408
13607076;0.001534
13608085;-0.036816
13609090;0.007670
13610078;0.009204
13611080;-0.024544
13612078;-0.001534
13613079;-0.029146
13614077;-0.004602
13615078;-0.030680
13616076;0.000000
13617077;-0.007670
13618080;-0.030680
13619094;-0.013806
13620077;-0.012272
13621078;0.006136
13622076;-0.009204
13623078;0.018408
13624076;-0.009204
13625076;-0.010738
13626079;-0.013806
13627081;0.000000
13628079;0.015340
13629091;-0.029146
13630077;0.013806
13631081;-0.029146
13632077;-0.010738
13633080;0.018408
13634076;0.001534
13635079;0.012272
13636080;-0.027612
13637078;0.001534
13638079;-0.021476
13639093;0.015340
13640078;0.009204
13641076;0.036816
13642078;0.003068
13643076;-0.018408
13644077;0.016874
13645081;-0.018408
13646077;0.027612
13647080;0.001534
13648081;-0.023010
13649092;-0.019942
13650090;0.001534
13651079;0.021476
13652079;-0.013806
13653078;0.021476
13654079;-0.024544
13655076;-0.001534
13656078;-0.027612
13657076;0.004602
13658077;0.016874
13659081;-0.023010
13660092;0.009204
13661080;-0.039884
13662081;0.015340
13663079;-0.003068
13664080;0.015340
13665079;-0.001534
13666080;-0.029146
13667078;-0.006136
13668079;-0.004602
13669078;0.015340
13670094;-0.004602
13671077;0.023010
13672081;-0.032214
13673077;-0.012272
13674081;0.018408
13675078;0.003068
13676076;0.013806
13677076;-0.030680
13678081;-0.010738
13679081;-0.036816
13680094;0.000000
13681077;0.001534
13682078;0.009204
13683077;-0.006136
13684077;-0.033748
13685077;0.001534
13686078;-0.019942
13687076;-0.003068
13688077;-0.015340
13689076;-0.033748
13690077;-0.016874
13691091;-0.030680
13692081;0.006136
13693080;-0.016874
13694081;0.006136
13695081;-0.038350
13696081;-0.023010
13697080;-0.039884
13698081;-0.006136
13699081;0.004602
13700081;-0.049087
13701091;0.004602
13702079;-0.041417
13703080;-0.013806
13704079;-0.003068
13705081;-0.001534
13706079;-0.007670
13707080;-0.039884
13708078;-0.019942
13709080;-0.039884
13710079;0.000000
13711079;-0.007670
13712090;-0.044485
13713081;-0.026078
13714080;-0.021476
13715076;-0.012272
13716080;-0.009204
13717081;0.015340
13718080;-0.021476
13719081;-0.016874
13720080;-0.036816
13721081;-0.003068
13722091;0.009204
13723079;0.000000
13724080;0.004602
13725079;-0.012272
13726079;-0.013806
13727078;-0.009204
13728078;-0.007670
13729077;0.084369
13730078;0.000000
13731077;-0.016874
13732078;-0.030680
13733092;0.006136
13734077;0.001534
13735081;0.015340
13736077;-0.010738
13737081;-0.027612
13738076;-0.026078
13739081;-0.009204
13740081;0.030680
13741080;-0.016874
13742081;0.010738
13743092;-0.035282
13744078;0.007670
13745077;0.016874
13746077;0.009204
13747077;0.012272
13748077;-0.042951
13749077;0.000000
13750078;-0.027612
13751077;0.009204
13752077;0.006136
13753090;0.015340
13754079;-0.004602
13755080;-0.015340
13756079;0.018408
13757079;-0.015340
13758078;0.021476
13759079;0.001534
13760078;-0.016874
13761080;-0.015340
13762079;0.001534
13763092;0.024544
13764081;0.006136
13765078;0.026078
13766080;-0.001534
13767077;0.009204
13768078;-0.024544
13769077;0.010738
13770078;0.016874
13771077;-0.024544
13772078;0.003068
13773081;-0.024544
13774093;0.021476
13775081;0.012272
13776081;0.027612
13777079;0.001534
13778080;-0.021476
13779078;0.001534
13780079;-0.001534
13781078;0.018408
13782080;-0.003068
13783077;0.023010
13784091;-0.004602
13785079;0.004602
13786080;0.026078
13787077;0.000000
13788079;0.015340
13789077;-0.029146
13790078;0.026078
13791077;-0.027612
13792078;0.006136
13793077;0.013806
13794091;0.010738
13795077;0.019942
13796080;-0.027612
13797080;0.013806
13798077;-0.010738
13799078;0.000000
13800077;-0.004602
13801078;-0.029146
13802077;-0.007670
13803079;-0.006136
13804077;0.016874
13805092;0.003068
13806079;0.016874
13807081;-0.030680
13808079;-0.003068
13809079;-0.027612
13810077;0.006136
13811079;0.010738
13812077;-0.023010
13813078;-0.001534
13814081;-0.033748
13815077;0.015340
13816091;0.004602
13817079;0.010738
13818079;-0.003068
13819077;-0.027612
13820078;0.001534
13821077;-0.006136
13822078;0.015340
13823077;-0.013806
13824078;0.021476
13825077;-0.016874
13826093;0.007670
13827081;0.021476
13828077;0.000000
13829081;0.021476
13830081;0.000000
13831079;-0.009204
13832081;-0.004602
13833079;-0.001534
13834080;0.004602
13835078;0.009204
13836163;-0.013806
13837078;-0.029146
13838076;0.003068
13839078;-0.006136
13840077;0.015340
13841078;-0.006136
13842076;-0.016874
13843078;-0.010738
13844076;-0.003068
13845077;-0.021476
13846081;0.007670
13847091;0.019942
13848078;-0.024544
13849080;0.006136
13850078;-0.021476
13851079;0.006136
13852077;0.016874
13853079;-0.027612
13854077;0.004602
13855078;-0.018408
13856076;0.015340
13857077;0.019942
13858091;0.018408
13859080;0.004602
13860081;-0.018408
13861079;-0.001534
13862080;-0.018408
13863079;0.009204
13864080;-0.003068
13865078;0.019942
13866079;-0.010738
13867077;0.007670
13868094;0.015340
13869077;0.006136
13870078;0.018408
13871076;-0.024544
13872078;0.012272
13873081;-0.026078
13874077;0.015340
13875081;0.001534
13876076;0.021476
13877079;0.004602
13878093;-0.033748
13879092;0.021476
13880080;-0.015340
13881081;0.007670
13882079;-0.004602
13883080;-0.029146
13884078;-0.018408
13885079;0.000000
13886078;0.019942
13887079;0.007670
13888077;0.010738
13889078;-0.026078
13890089;0.004602
13891078;-0.021476
13892078;0.009204
13893077;0.004602
13894078;-0.024544
13895076;-0.004602
13896078;-0.027612
13897081;0.006136
13898076;0.004602
13899080;0.018408
13900094;0.012272
13901077;-0.016874
13902078;-0.012272
13903076;-0.010738
13904077;0.018408
13905081;-0.016874
13906077;0.019942
13907080;-0.019942
13908076;0.013806
13909080;0.023010
13910081;0.007670
13911092;0.023010
13912080;-0.030680
13913076;0.009204
13914079;-0.030680
13915081;0.012272
13916079;0.000000
13917079;-0.006136
13918077;-0.004602
13919079;-0.032214
13920077;0.010738
13921078;0.001534
13922089;0.033748
13923078;-0.019942
13924078;-0.004602
13925076;-0.023010
13926077;0.003068
13927080;0.016874
13928081;-0.013806
13929079;0.015340
13930080;-0.026078
13931079;0.010738
13932090;-0.027612
13933078;0.015340
13934079;0.006136
13935080;0.003068
13936078;-0.004602
13937079;-0.003068
13938077;0.000000
13939080;-0.010738
13940078;-0.010738
13941079;0.000000
13942078;-0.021476
13943094;-0.016874
13944080;0.006136
13945078;0.016874
13946080;-0.013806
13947078;0.021476
13948079;-0.021476
13949079;0.006136
13950080;0.024544
13951078;0.010738
13952080;0.007670
13953092;-0.019942
13954077;0.003068
13955081;-0.001534
13956077;0.015340
13957080;0.015340
13958081;0.021476
13959080;-0.001534
13960081;-0.003068
13961081;0.015340
13962081;0.015340
13963093;0.027612
13964081;0.000000
13965077;0.001534
13966081;-0.019942
13967076;0.015340
13968081;0.027612
13969081;0.013806
13970080;-0.001534
13971076;-0.024544
13972080;0.013806
13973126;-0.015340
13974077;0.023010
13975078;0.009204
13976077;-0.019942
13977078;0.006136
13978076;-0.003068
13979078;0.023010
13980076;0.004602
13981078;0.018408
13982077;0.001534
13983078;-0.003068
13984094;-0.018408
13985076;0.015340
13986077;0.018408
13987081;-0.006136
13988077;0.024544
13989081;-0.019942
13990077;0.006136
13991081;0.027612
13992077;0.021476
13993081;0.009204
13994084;-0.018408
13995090;0.009204
13996081;-0.026078
13997079;0.021476
13998080;0.012272
13999079;0.027612
14000079;-0.001534
14001077;0.006136
14002079;0.021476
14003079;0.007670
14004079;0.029146
14005090;-0.012272
14006081;0.006136
14007080;-0.019942
14008080;0.021476
14009079;0.027612
14010081;0.015340
14011080;0.023010
14012081;-0.024544
14013080;0.015340
14014081;-0.009204
14015080;0.018408
14016094;0.009204
14017078;-0.015340
14018077;-0.003068
14019079;0.013806
14020077;0.021476
14021077;0.012272
14022076;0.021476
14023078;-0.013806
14024077;0.006136
14025078;-0.012272
14026094;0.026078
14027081;0.009204
14028077;-0.015340
14029081;0.012272
14030081;-0.018408
14031079;0.016874
14032081;0.024544
14033079;0.021476
14034080;0.033748
14035078;-0.019942
14036115;0.006136
14037078;-0.006136
14038077;0.021476
14039078;0.009204
14040077;0.010738
14041078;0.003068
14042077;0.013806
14043079;0.023010
14044077;0.013806
14045078;0.013806
14046086;-0.006136
14047093;0.001534
14048080;-0.024544
14049081;0.007670
14050079;0.009204
14051081;-0.003068
14052079;0.009204
14053079;-0.012272
14054078;0.007670
14055080;0.006136
14056077;0.009204
14057091;-0.003068
14058077;-0.021476
14059079;-0.001534
14060077;-0.010738
14061078;0.021476
14062077;-0.026078
14063078;0.019942
14064077;-0.023010
14065078;0.007670
14066077;-0.030680
14067090;0.015340
14068078;0.029146
14069079;-0.027612
14070077;0.003068
14071078;-0.023010
14072077;0.021476
14073078;0.004602
14074077;-0.003068
14075078;-0.007670
14076081;-0.003068
14077132;-0.023010
14078079;0.006136
14079077;0.023010
14080078;-0.003068
14081077;0.027612
14082078;-0.029146
14083077;0.016874
14084078;0.030680
14085077;0.013806
14086078;0.027612
14087081;-0.016874
14088092;0.013806
14089079;-0.018408
14090081;0.021476
14091078;0.018408
14092080;0.023010
14093077;0.009204
14094078;-0.018408
14095077;0.030680
14096078;0.009204
14097081;0.015340
14098094;0.007670
14099077;0.006136
14100077;-0.010738
14101081;0.007670
14102077;0.026078
14103077;0.000000
14104078;0.019942
14105077;-0.016874
14106078;0.015340
14107076;-0.009204
14108077;0.021476
14109091;0.023010
14110079;-0.016874
14111080;-0.001534
14112078;-0.009204
14113079;0.018408
14114078;0.016874
14115079;0.027612
14116077;0.004602
14117078;0.013806
14118076;-0.010738
14119094;-0.006136
14120079;0.026078
14121078;-0.012272
14122079;0.019942
14123077;-0.021476
14124078;0.024544
14125076;0.019942
14126077;0.033748
14127080;0.013806
14128081;-0.012272
14129110;0.009204
14130080;-0.006136
14131079;0.023010
14132080;-0.001534
14133078;0.009204
14134079;0.003068
14135077;-0.001534
14136078;0.006136
14137076;0.003068
14138078;0.026078
14139076;-0.021476
14140092;0.009204
14141081;-0.021476
14142077;0.004602
14143080;0.015340
14144076;-0.019942
14145079;0.015340
14146080;-0.004602
14147079;-0.001534
14148080;0.009204
14149078;-0.003068
14150091;-0.012272
14151078;0.003068
14152079;-0.010738
14153077;-0.027612
14154079;0.012272
14155077;-0.012272
14156078;0.018408
14157076;-0.023010
14158078;-0.012272
14159081;-0.032214
14160093;0.007670
14161079;0.021476
14162077;-0.013806
14163079;0.012272
14164077;-0.029146
14165078;0.006136
14166076;0.010738
14167077;0.010738
14168080;0.012272
14169076;-0.018408
14170080;0.013806
14171093;-0.024544
14172076;0.018408
14173077;-0.001534
14174081;0.021476
14175077;-0.024544
14176080;0.001534
14177081;0.018408
14178079;0.013806
14179081;0.026078
14180079;0.001534
14181093;0.007670
14182078;0.003068
14183076;0.009204
14184078;0.021476
14185081;-0.023010
14186077;0.003068
14187080;-0.016874
14188076;0.019942
14189080;-0.015340
14190081;0.006136
14191079;0.006136
14192093;-0.015340
14193081;-0.004602
14194077;0.015340
14195081;0.023010
14196081;0.012272
14197077;0.033748
14198081;-0.007670
14199081;-0.012272
14200080;-0.023010
14201081;0.010738
14202080;0.013806
14203092;-0.021476
14204081;0.007670
14205081;-0.015340
14206080;0.024544
14207081;0.006136
14208079;0.018408
14209081;0.004602
14210079;-0.018408
14211081;0.012272
14212080;-0.018408
14213081;0.015340
14214092;-0.001534
14215077;0.019942
14216081;0.001534
14217076;-0.006136
14218080;0.018408
14219076;0.009204
14220080;0.023010
14221081;-0.024544
14222080;0.003068
14223081;-0.026078
14224086;0.006136
14225094;0.016874
14226080;-0.019942
14227078;0.004602
14228078;-0.016874
14229077;0.015340
14230078;-0.015340
14231077;0.018408
14232078;-0.001534
14233077;-0.019942
14234078;-0.021476
14235090;0.001534
14236081;0.019942
14237080;-0.003068
14238081;0.015340
14239080;-0.007670
14240081;0.009204
14241080;-0.024544
14242081;0.010738
14243081;0.023010
14244081;-0.021476
14245090;0.006136
14246079;-0.024544
14247078;0.010738
14248077;-0.013806
14249078;0.021476
14250077;0.001534
14251078;0.004602
14252077;-0.003068
14253078;0.003068
14254077;0.015340
14255094;0.010738
14256076;0.010738
14257077;-0.013806
14258081;0.006136
14259078;0.018408
14260076;0.018408
14261078;0.023010
14262077;-0.016874
14263078;0.015340
14264077;-0.021476
14265089;0.021476
14266090;0.024544
14267081;-0.021476
14268080;0.010738
14269076;-0.010738
14270081;0.026078
14271081;0.006136
14272081;0.024544
14273081;-0.007670
14274081;-0.006136
14275077;-0.006136
14276094;0.000000
14277076;0.010738
14278077;-0.001534
14279076;0.026078
14280077;-0.016874
14281081;0.029146
14282077;-0.018408
14283076;0.015340
14284077;0.026078
14285081;-0.015340
14286097;0.010738
14287079;-0.024544
14288080;0.015340
14289079;0.010738
14290078;0.018408
14291079;0.006136
14292077;-0.015340
14293079;0.019942
14294077;0.000000
14295078;0.019942
14296087;0.006136
14297092;0.026078
14298079;-0.023010
14299080;0.006136
14300077;0.026078
14301078;0.021476
14302077;0.026078
14303078;-0.021476
14304081;0.007670
14305077;-0.026078
14306081;0.015340
14307094;0.009204
14308079;-0.032214
14309077;-0.001534
14310078;-0.019942
14311077;0.021476
14312078;-0.006136
14313077;0.018408
14314078;-0.018408
14315077;-0.012272
14316078;-0.023010
14317090;0.000000
14318080;0.010738
14319078;-0.013806
14320079;0.010738
14321078;-0.021476
14322079;-0.003068
14323078;-0.042951
14324080;0.001534
14325077;0.003068
14326078;-0.036816
14327081;-0.009204
14328090;-0.030680
14329078;0.007670
14330080;-0.006136
14331077;0.009204
14332078;-0.012272
14333077;-0.015340
14334078;0.007670
14335077;-0.018408
14336077;0.015340
14337081;0.072097
14338104;0.004602
14339080;-0.018408
14340077;-0.010738
14341078;0.010738
14342077;0.003068
14343078;-0.001534
14344077;-0.036816
14345078;0.006136
14346077;-0.033748
14347078;0.003068
14348077;-0.001534
14349091;-0.032214
14350081;-0.001534
14351079;-0.030680
14352080;0.009204
14353078;-0.006136
14354079;0.003068
14355077;0.000000
14356079;-0.019942
14357077;-0.016874
14358078;0.007670
14359077;-0.003068
14360092;-0.004602
14361081;0.029146
14362080;-0.012272
14363081;0.000000
14364079;-0.030680
14365081;0.001534
14366079;0.026078
14367080;-0.029146
14368078;0.004602
14369079;-0.029146
14370093;0.012272
14371079;0.012272
14372077;0.018408
14373078;0.016874
14374076;-0.024544
14375077;0.016874
14376081;0.024544
14377076;0.018408
14378079;-0.006136
14379076;0.030680
14380092;0.001534
14381090;0.001534
14382078;0.024544
14383079;0.012272
14384077;0.030680
14385078;-0.010738
14386077;0.009204
14387078;-0.023010
14388076;0.016874
14389078;0.019942
14390076;-0.021476
14391093;0.016874
14392081;-0.021476
14393077;0.021476
14394080;-0.012272
14395077;0.021476
14396080;0.004602
14397080;0.000000
14398078;0.004602
14399080;-0.018408
14400078;0.019942
14401094;0.001534
14402077;0.021476
14403078;-0.016874
14404076;0.001534
14405077;-0.021476
14406081;0.007670
14407076;0.023010
14408080;-0.024544
14409081;0.007670
14410079;-0.018408
14411153;0.030680
14412076;0.009204
14413079;0.023010
14414080;0.009204
14415079;-0.018408
14416080;0.013806
14417078;-0.012272
14418078;0.021476
14419077;0.007670
14420078;0.024544
14421076;-0.001534
14422077;0.010738
14423094;0.023010
14424076;0.012272
14425078;0.016874
14426076;-0.023010
14427077;0.015340
14428080;-0.024544
14429076;0.018408
14430079;0.018408
14431081;-0.021476
14432079;0.010738
14433091;-0.024544
14434078;0.018408
14435080;-0.004602
14436078;0.016874
14437079;-0.003068
14438077;-0.009204
14439078;0.001534
14440076;-0.012272
14441077;0.023010
14442081;-0.019942
14443077;0.021476
14444093;-0.023010
14445076;0.009204
14446078;-0.021476
14447081;0.009204
14448076;0.010738
14449080;-0.023010
14450076;0.003068
14451080;-0.018408
14452080;0.013806
14453079;0.004602
14454090;0.023010
14455094;-0.006136
14456077;-0.018408
14457078;0.010738
14458080;0.024544
14459079;0.027612
14460081;-0.007670
14461081;-0.007670
14462081;0.018408
14463081;0.023010
14464081;0.027612
14465094;0.015340
14466079;0.012272
14467078;-0.015340
14468079;0.019942
14469079;-0.015340
14470080;0.018408
14471078;0.013806
14472079;-0.015340
14473079;-0.001534
14474079;-0.010738
14475090;0.027612
14476081;0.013806
14477080;0.030680
14478081;0.003068
14479080;0.018408
14480081;-0.010738
14481080;0.019942
14482081;0.035282
14483080;-0.019942
14484081;0.021476
14485094;-0.018408
14486077;0.021476
14487078;-0.027612
14488076;0.021476
14489078;0.027612
14490077;-0.015340
14491077;-0.004602
14492076;0.018408
14493078;0.027612
14494077;0.004602
14495078;0.032214
14496092;-0.010738
14497076;0.006136
14498081;0.032214
14499076;0.018408
14500080;0.027612
14501081;-0.015340
14502081;0.016874
14503081;-0.015340
14504081;0.021476
14505081;0.019942
14506094;0.027612
14507078;0.009204
14508077;-0.027612
14509078;0.027612
14510077;0.010738
14511077;0.021476
14512077;0.010738
14513078;-0.013806
14514077;-0.009204
14515077;0.010738
14516084;0.010738
14517094;0.019942
14518079;0.019942
14519079;-0.012272
14520079;0.006136
14521079;-0.015340
14522080;0.021476
14523079;0.029146
14524080;-0.004602
14525078;0.004602
14526079;-0.021476
14527094;0.018408
14528077;0.000000
14529078;0.027612
14530077;0.001534
14531078;-0.024544
14532077;-0.009204
14533078;0.013806
14534077;0.026078
14535078;-0.004602
14536077;0.029146
14537078;-0.018408
14538092;0.006136
14539077;0.026078
14540081;0.013806
14541077;0.029146
14542081;-0.021476
14543077;0.013806
14544081;-0.018408
14545077;0.023010
14546081;0.013806
14547076;0.021476
14548094;-0.010738
14549079;-0.018408
14550079;0.021476
14551079;0.006136
14552081;0.023010
14553079;-0.004602
14554080;-0.029146
14555078;-0.021476
14556080;0.001534
14557077;0.021476
14558094;0.010738
14559080;0.016874
14560078;-0.030680
14561079;0.006136
14562077;-0.026078
14563079;0.010738
14564077;0.003068
14565079;-0.004602
14566081;-0.042951
14567077;-0.006136
14568090;0.012272
14569081;0.030680
14570079;0.038350
14571081;0.006136
14572079;-0.027612
14573080;-0.015340
14574077;0.001534
14575078;0.009204
14576077;-0.004602
14577078;0.015340
14578077;-0.033748
14579094;0.000000
14580077;0.013806
14581078;0.006136
14582081;0.010738
14583077;-0.033748
14584081;-0.001534
14585077;-0.027612
14586081;0.006136
14587077;0.015340
14588081;0.013806
14589094;-0.004602
14590080;-0.027612
14591077;0.015340
14592078;-0.003068
14593077;0.013806
14594078;-0.010738
14595077;-0.004602
14596078;-0.024544
14597081;-0.004602
14598077;0.024544
14599094;0.015340
14600079;0.019942
14601077;-0.024544
14602079;0.004602
14603076;-0.021476
14604077;0.009204
14605081;0.013806
14606077;-0.010738
14607080;-0.003068
14608080;-0.006136
14609078;0.027612
14610095;0.006136
14611077;0.033748
14612078;0.004602
14613081;0.003068
14614077;-0.016874
14615081;0.007670
14616077;0.039884
14617080;0.010738
14618081;0.029146
14619079;-0.007670
14620093;0.027612
14621081;0.041417
14622077;0.030680
14623081;0.032214
14624077;0.000000
14625081;0.026078
14626081;0.018408
14627077;0.033748
14628078;0.018408
14629077;0.042951
14630094;0.023010
14631077;0.024544
14632078;0.042951
14633076;0.007670
14634077;0.050621
14635080;0.018408
14636076;0.024544
14637079;-0.001534
14638080;0.030680
14639078;0.046019
14640141;0.033748
14641080;0.027612
14642079;0.006136
14643080;0.023010
14644078;0.012272
14645079;0.033748
14646077;0.018408
14647078;0.003068
14648076;0.007670
14649078;0.007670
14650076;0.021476
14651090;0.001534
14652078;0.032214
14653079;-0.004602
14654077;0.009204
14655078;-0.021476
14656077;0.023010
14657078;0.026078
14658076;-0.027612
14659078;0.010738
14660076;-0.021476
14661090;0.006136
14662078;0.019942
14663079;0.006136
14664078;-0.001534
14665079;-0.027612
14666077;-0.001534
14667078;-0.009204
14668076;0.010738
14669077;-0.006136
14670080;0.004602
14671092;0.030680
14672077;0.026078
14673080;-0.003068
14674076;-0.007670
14675080;-0.001534
14676081;0.018408
14677079;0.000000
14678080;-0.027612
14679078;0.001534
14680079;0.010738
14681149;0.009204
14682078;-0.001534
14683077;-0.027612
14684078;0.018408
14685076;-0.015340
14686078;0.004602
14687081;-0.001534
14688076;-0.015340
14689080;-0.004602
14690081;0.000000
14691079;0.016874
14692093;0.010738
14693076;0.015340
14694077;-0.030680
14695080;-0.003068
14696076;-0.026078
14697079;0.000000
14698080;0.009204
14699079;-0.032214
14700080;-0.003068
14701078;-0.019942
14702093;0.009204
14703079;0.004602
14704077;0.009204
14705078;0.006136
14706076;-0.015340
14707077;-0.013806
14708081;-0.024544
14709077;0.019942
14710080;-0.006136
14711076;0.010738
14712080;-0.015340
14713093;0.010738
14714076;0.016874
14715078;0.006136
14716081;0.023010
14717076;-0.027612
14718080;0.007670
14719081;-0.033748
14720079;0.007670
14721078;0.013806
14722079;0.015340
14723092;0.006136
14724080;-0.012272
14725080;0.015340
14726079;0.006136
14727079;0.033748
14728079;-0.016874
14729080;-0.006136
14730078;-0.004602
14731080;0.009204
14732078;0.015340
14733094;0.007670
14734076;0.021476
14735078;-0.023010
14736077;0.013806
14737078;-0.024544
14738076;0.013806
14739078;-0.012272
14740076;-0.018408
14741077;0.006136
14742081;-0.021476
14743077;0.018408
14744090;0.013806
14745081;0.003068
14746081;-0.003068
14747081;-0.006136
14748081;-0.013806
14749076;0.010738
14750080;0.010738
14751081;-0.016874
14752079;0.026078
14753081;-0.016874
14754090;0.007670
14755078;0.023010
14756079;0.010738
14757078;0.016874
14758078;-0.024544
14759077;0.016874
14760078;-0.021476
14761077;0.018408
14762078;0.012272
14763077;0.027612
14764090;0.015340
14765079;0.012272
14766079;0.009204
14767077;0.010738
14768078;0.021476
14769077;0.010738
14770077;0.024544
14771077;-0.026078
14772078;0.012272
14773077;0.023010
14774078;0.013806
14775094;0.000000
14776079;-0.007670
14777077;-0.010738
14778078;-0.003068
14779077;0.003068
14780078;-0.006136
14781076;-0.013806
14782077;-0.001534
14783081;-0.024544
14784077;0.018408
14785090;0.013806
14786081;0.018408
14787080;-0.001534
14788081;-0.024544
14789080;-0.010738
14790081;0.006136
14791081;0.021476
14792081;-0.013806
14793080;0.016874
14794081;-0.024544
14795093;0.010738
14796081;0.019942
14797081;-0.003068
14798080;0.009204
14799081;-0.021476
14800081;0.013806
14801081;-0.012272
14802079;0.021476
14803081;0.003068
14804080;0.021476
14805090;-0.007670
14806078;-0.015340
14807078;0.018408
14808077;0.003068
14809078;0.015340
14810077;-0.007670
14811077;-0.003068
14812076;-0.018408
14813078;0.010738
14814080;0.019942
14815078;0.006136
14816093;0.016874
14817080;-0.023010
14818081;-0.003068
14819079;-0.024544
14820080;0.001534
14821077;0.004602
14822078;-0.027612
14823077;-0.015340
14824078;-0.012272
14825077;0.018408
14826092;0.003068
14827078;0.018408
14828080;-0.006136
14829078;-0.010738
14830080;-0.023010
14831077;0.007670
14832078;0.018408
14833077;-0.023010
14834078;0.015340
14835077;-0.013806
14836078;0.015340
14837092;0.023010
14838079;0.009204
14839079;0.004602
14840078;-0.021476
14841079;0.012272
14842078;-0.006136
14843079;0.018408
14844077;0.004602
14845079;0.021476
14846077;0.007670
14847077;-0.006136
14848092;0.024544
14849079;0.010738
14850080;0.029146
14851078;-0.001534
14852079;0.006136
14853078;-0.016874
14854079;0.018408
14855077;0.039884
14856078;0.024544
14857077;0.010738
14858090;-0.010738
14859081;0.001534
14860079;-0.004602
14861080;0.030680
14862078;0.012272
14863079;-0.013806
14864077;0.004602
14865079;-0.015340
14866081;0.027612
14867077;0.013806
14868081;0.027612
14869094;-0.006136
14870077;0.000000
14871078;-0.016874
14872077;0.018408
14873078;0.033748
14874077;-0.003068
14875078;0.010738
14876081;-0.021476
14877077;0.009204
14878080;0.009204
14879090;0.021476
14880081;0.006136
14881078;0.007670
14882080;0.016874
14883078;0.009204
14884080;-0.033748
14885078;0.018408
14886079;0.006136
14887077;-0.010738
14888078;-0.003068
14889126;0.027612
14890081;0.006136
14891079;0.026078
14892080;-0.016874
14893078;0.006136
14894079;-0.018408
14895078;0.009204
14896079;0.026078
14897077;0.015340
14898077;0.010738
14899076;-0.024544
14900093;0.021476
14901081;-0.018408
14902077;0.027612
14903080;0.001534
14904076;-0.038350
14905080;-0.004602
14906081;0.009204
14907079;0.030680
14908080;0.001534
14909079;0.021476
14910080;-0.012272
14911091;0.003068
14912079;-0.021476
14913080;0.010738
14914078;0.018408
14915080;-0.027612
14916078;0.016874
14917079;-0.033748
14918077;0.015340
14919078;0.006136
14920076;0.007670
14921092;-0.012272
14922078;-0.035282
14923077;-0.012272
14924078;-0.003068
14925081;0.018408
14926077;-0.010738
14927080;0.021476
14928081;-0.013806
14929079;-0.015340
14930080;0.010738
14931090;0.001534
14932093;0.019942
14933076;-0.029146
14934078;0.003068
14935076;-0.027612
14936077;0.004602
14937080;0.027612
14938081;0.009204
14939080;-0.004602
14940080;-0.027612
14941079;0.010738
14942094;-0.010738
14943077;0.023010
14944078;-0.010738
14945076;-0.029146
14946077;-0.007670
14947081;0.000000
14948077;0.016874
14949080;-0.010738
14950076;0.021476
14951080;-0.026078
14952081;0.006136
14953093;-0.024544
14954076;0.007670
14955077;0.019942
14956080;-0.032214
14957076;0.010738
14958079;-0.021476
14959081;0.009204
14960079;0.012272
14961080;0.021476
14962079;-0.001534
14963093;-0.019942
14964080;0.015340
14965076;-0.016874
14966080;0.021476
14967081;-0.003068
14968079;0.018408
14969080;0.003068
14970078;0.009204
14971080;0.029146
14972078;0.010738
14973089;0.016874
14974080;-0.019942
14975079;0.013806
14976080;-0.021476
14977078;0.015340
14978078;0.023010
14979077;0.021476
14980078;-0.003068
14981076;0.000000
14982078;0.021476
14983079;-0.004602
14984090;0.023010
14985081;0.018408
14986081;-0.026078
14987081;-0.004602
14988081;0.018408
14989081;0.009204
14990080;0.006136
14991081;-0.007670
14992081;-0.015340
14993081;0.006136
14994094;-0.021476
14995080;0.015340
14996079;0.015340
14997079;-0.024544
14998078;0.001534
14999079;-0.024544
15000077;0.015340
15001079;0.019942
15002079;0.021476
15003080;-0.003068
15004094;-0.023010
15005077;0.003068
15006077;-0.012272
15007077;0.018408
15008077;0.001534
15009081;0.021476
15010077;0.000000
15011077;0.006136
15012077;0.021476
15013081;0.010738
15014077;0.009204
15015090;-0.024544
15016081;0.010738
15017079;-0.024544
15018080;0.015340
15019079;0.004602
15020081;0.018408
15021079;-0.006136
15022080;-0.016874
15023079;0.015340
15024080;-0.018408
15025146;0.023010
15026081;-0.007670
15027077;-0.021476
15028081;-0.029146
15029077;0.001534
15030081;0.013806
15031077;-0.018408
15032080;0.010738
15033081;-0.027612
15034081;-0.004602
15035076;-0.032214
15036094;0.009204
15037079;0.003068
15038078;-0.030680
15039079;-0.001534
15040078;-0.027612
15041079;0.015340
15042079;0.003068
15043080;0.038350
15044078;-0.006136
15045079;-0.006136
15046092;0.012272
15047076;0.006136
15048080;0.023010
15049076;0.001534
15050080;0.019942
15051077;-0.012272
15052080;0.018408
15053081;0.027612
15054080;0.021476
15055081;0.033748
15056094;-0.007670
15057079;0.019942
15058078;-0.009204
15059080;0.033748
15060078;0.015340
15061080;0.041417
15062079;-0.003068
15063080;0.006136
15064078;0.033748
15065079;0.027612
15066090;0.041417
15067078;0.021476
15068079;0.001534
15069079;0.006136
15070079;0.030680
15071078;0.046019
15072079;0.000000
15073078;0.039884
15074080;-0.007670
15075078;0.030680
15076090;0.006136
15077090;0.036816
15078077;0.018408
15079078;-0.010738
15080077;0.015340
15081078;-0.009204
15082077;0.036816
15083079;0.023010
15084077;0.033748
15085078;0.009204
15086077;0.009204
15087092;0.038350
15088079;0.021476
15089079;0.041417
15090077;0.001534
15091079;0.012272
15092077;0.001534
15093078;0.029146
15094081;0.098175
15095081;0.023010
15096079;0.016874
15097093;-0.016874
15098080;0.019942
15099081;0.001534
15100079;0.039884
15101080;0.009204
15102077;0.027612
15103078;-0.004602
15104077;-0.015340
15105078;0.015340
15106077;-0.001534
15107084;0.021476
15108092;-0.024544
15109079;-0.010738
15110081;-0.032214
15111079;-0.004602
15112080;0.006136
15113078;-0.042951
15114079;-0.013806
15115077;-0.055223
15116078;-0.013806
15117076;-0.016874
15118090;-0.006136
15119081;-0.026078
15120078;-0.049087
15121080;-0.032214
15122078;-0.049087
15123080;-0.009204
15124077;-0.030680
15125078;-0.007670
15126077;-0.038350
15127077;-0.042951
15128081;-0.019942
15129091;-0.032214
15130077;-0.007670
15131079;-0.053689
15132077;-0.009204
15133078;-0.055223
15134077;-0.023010
15135078;-0.009204
15136081;-0.015340
15137077;-0.019942
15138080;-0.044485
15139115;-0.013806
15140079;-0.044485
15141077;0.000000
15142078;-0.023010
15143077;0.009204
15144078;-0.018408
15145081;-0.010738
15146077;0.006136
15147081;0.003068
15148081;0.019942
15149080;-0.030680
15150093;0.009204
15151077;-0.024544
15152078;0.019942
15153076;0.036816
15154077;-0.013806
15155080;0.023010
15156076;-0.009204
15157079;0.036816
15158081;0.003068
15159079;0.042951
15160092;0.038350
15161078;-0.003068
15162076;0.023010
15163077;0.009204
15164080;0.055223
15165076;0.012272
15166080;0.056757
15167080;0.039884
15168078;0.047553
15169079;0.064427
15170078;0.049087
15171090;0.065961
15172078;-0.055223
15173079;0.041417
15174077;0.006136
15175078;0.052155
15176076;0.059825
15177077;0.058291
15178080;0.039884
15179077;0.018408
15180080;0.055223
15181091;0.049087
15182079;0.036816
15183080;0.032214
15184078;0.052155
15185080;0.018408
15186078;0.018408
15187079;0.046019
15188077;0.030680
15189078;0.050621
15190077;0.006136
15191130;0.026078
15192079;-0.019942
15193078;0.026078
15194079;0.018408
15195077;-0.006136
15196078;0.010738
15197076;-0.001534
15198077;0.003068
15199080;0.010738
15200076;0.003068
15201080;-0.019942
15202081;-0.038350
15203089;-0.026078
15204077;-0.015340
15205078;-0.006136
15206076;-0.023010
15207077;-0.012272
15208080;-0.055223
15209076;-0.038350
15210080;-0.012272
15211076;-0.029146
15212079;-0.015340
15213092;-0.047553
15214080;-0.023010
15215076;-0.069029
15216079;-0.030680
15217080;-0.030680
15218078;-0.018408
15219080;-0.030680
15220078;-0.067495
15221079;-0.026078
15222077;-0.042951
15223078;-0.018408
15224094;-0.046019
15225077;-0.018408
15226078;-0.046019
15227076;-0.030680
15228078;-0.012272
15229076;-0.029146
15230077;-0.062893
15231081;-0.059825
15232077;-0.006136
15233080;-0.058291
15234091;-0.015340
15235080;-0.018408
15236080;-0.049087
15237078;-0.021476
15238079;-0.046019
15239077;0.009204
15240079;-0.026078
15241077;0.006136
15242078;-0.007670
15243077;-0.029146
15244094;0.000000
15245076;0.000000
15246078;0.026078
15247077;-0.006136
15248077;0.026078
15249076;-0.098175
15250078;0.019942
15251077;0.029146
15252077;0.024544
15253076;0.038350
15254078;0.000000
15255092;0.044485
15256077;0.000000
15257080;0.033748
15258081;0.049087
15259080;0.047553
15260081;0.026078
15261080;0.019942
15262081;0.033748
15263080;0.030680
15264081;0.058291
15265094;0.035282
15266078;0.064427
15267077;0.033748
15268078;0.027612
15269077;0.059825
15270078;0.038350
15271077;0.059825
15272078;0.024544
15273077;0.047553
15274078;0.012272
15275090;0.047553
15276078;0.049087
15277079;0.013806
15278077;0.041417
15279078;0.009204
15280077;0.039884
15281078;0.012272
15282077;0.047553
15283078;0.029146
15284077;0.018408
15285077;0.019942
15286094;0.015340
15287078;0.039884
15288077;-0.006136
15289078;0.033748
15290077;0.000000
15291078;0.016874
15292077;0.035282
15293078;0.010738
15294077;0.016874
15295078;-0.021476
15296128;0.006136
15297079;-0.027612
15298079;0.009204
15299079;0.000000
15300079;-0.023010
15301078;0.003068
15302079;-0.009204
15303078;-0.007670
15304080;-0.004602
15305077;-0.019942
15306078;-0.019942
15307091;0.004602
15308079;-0.029146
15309081;-0.013806
15310079;0.001534
15311079;-0.012272
15312078;0.004602
15313080;-0.055223
15314078;0.003068
15315080;-0.052155
15316078;-0.015340
15317091;-0.012272
15318079;-0.055223
15319081;-0.021476
15320079;-0.039884
15321080;-0.003068
15322079;-0.018408
15323080;0.003068
15324078;-0.018408
15325079;-0.042951
15326079;-0.038350
15327079;-0.018408
15328090;0.009204
15329081;-0.009204
15330080;0.019942
15331076;-0.036816
15332081;0.007670
15333081;0.026078
15334081;0.006136
15335081;0.021476
15336081;-0.013806
15337081;0.016874
15338077;-0.015340
15339092;0.027612
15340079;0.021476
15341080;0.039884
15342077;0.019942
15343078;0.001534
15344077;0.039884
15345078;0.019942
15346077;0.042951
15347078;0.016874
15348077;0.052155
15349094;0.029146
15350079;0.044485
15351077;0.058291
15352078;0.046019
15353077;0.065961
15354078;0.018408
15355077;0.053689
15356078;0.019942
15357081;0.058291
15358077;0.059825
15359081;0.019942
15360090;0.039884
15361080;0.035282
15362078;0.064427
15363079;0.050621
15364077;0.067495
15365079;0.047553
15366077;0.050621
15367077;0.024544
15368081;0.050621
15369077;0.058291
15370080;0.026078
15371095;0.052155
15372077;0.013806
15373078;0.042951
15374077;0.059825
15375078;0.039884
15376077;0.035282
15377077;-0.003068
15378080;0.029146
15379081;0.000000
15380079;0.030680
15381093;0.010738
15382081;0.033748
15383077;-0.001534
15384081;-0.004602
15385077;0.023010
15386081;-0.006136
15387077;0.021476
15388081;-0.021476
15389077;0.010738
15390081;-0.021476
15391094;-0.010738
15392080;0.009204
15393077;-0.013806
15394078;-0.012272
15395077;-0.052155
15396078;-0.029146
15397081;-0.024544
15398077;-0.018408
15399081;-0.019942
15400081;-0.059825
15401090;-0.044485
15402093;-0.052155
15403080;-0.027612
15404081;-0.046019
15405079;-0.036816
15406080;-0.078233
15407077;-0.042951
15408078;-0.062893
15409077;-0.042951
15410078;-0.049087
15411077;-0.059825
15412090;-0.038350
15413079;-0.090505
15414081;-0.053689
15415079;-0.049087
15416080;-0.067495
15417078;-0.046019
15418079;-0.082835
15419077;-0.062893
15420078;-0.076699
15421076;-0.050621
15422078;-0.062893
15423094;-0.039884
15424077;-0.069029
15425078;-0.070563
15426076;-0.042951
15427078;-0.047553
15428076;-0.033748
15429078;-0.078233
15430076;-0.027612
15431077;-0.064427
15432080;-0.027612
15433094;-0.019942
15434077;-0.015340
15435078;-0.021476
15436076;-0.056757
15437077;-0.015340
15438080;-0.049087
15439076;-0.003068
15440080;-0.013806
15441081;-0.024544
15442079;-0.010738
15443081;-0.012272
15444092;0.015340
15445079;0.006136
15446081;0.033748
15447078;0.001534
15448079;0.007670
15449078;0.006136
15450079;0.030680
15451077;0.052155
15452078;0.004602
15453076;0.056757
15454093;0.013806
15455078;0.050621
15456077;0.053689
15457078;0.064427
15458081;0.069029
15459078;0.029146
15460076;0.053689
15461077;0.033748
15462081;0.082835
15463077;0.058291
15464092;0.082835
15465077;0.059825
15466081;0.067495
15467077;0.088971
15468080;0.079767
15469077;0.095107
15470080;0.067495
15471081;0.081301
15472079;0.052155
15473080;0.079767
15474079;0.088971
15475093;0.082835
15476081;0.078233
15477076;0.041417
15478080;0.072097
15479081;0.039884
15480079;0.072097
15481080;0.062893
15482078;0.030680
15483080;0.049087
15484078;0.044485
15485094;0.067495
15486077;0.042951
15487078;0.059825
15488076;0.026078
15489077;0.024544
15490081;0.000000
15491077;0.030680
15492080;0.042951
15493076;-0.007670
15494079;0.013806
15495093;-0.023010
15496092;0.013806
15497080;0.013806
15498081;0.006136
15499079;-0.007670
15500080;-0.044485
15501079;-0.024544
15502080;-0.046019
15503078;-0.009204
15504079;-0.036816
15505077;-0.030680
15506090;-0.065961
15507080;-0.046019
15508078;-0.033748
15509080;-0.050621
15510078;-0.053689
15511080;-0.084369
15512078;-0.088971
15513080;-0.075165
15514078;-0.064427
15515080;-0.078233
15516092;-0.084369
15517077;-0.075165
15518081;-0.111981
15519077;-0.076699
15520081;-0.095107
15521077;-0.076699
15522081;-0.087437
15523078;-0.115049
15524076;-0.104311
15525077;-0.102777
15526081;-0.076699
15527090;-0.088971
15528081;-0.075165
15529080;-0.119651
15530081;-0.096641
15531080;-0.121184
15532081;-0.082835
15533079;-0.085903
15534081;-0.108913
15535081;-0.090505
15536081;-0.111981
15537080;-0.087437
15538090;-0.090505
15539077;-0.062893
15540080;-0.087437
15541081;-0.095107
15542079;-0.090505
15543081;-0.104311
15544080;-0.055223
15545081;-0.075165
15546080;-0.049087
15547081;-0.087437
15548094;-0.055223
15549079;-0.039884
15550078;-0.050621
15551079;-0.027612
15552078;-0.078233
15553079;-0.033748
15554078;-0.067495
15555080;-0.024544
15556078;-0.016874
15557079;-0.012272
15558078;-0.012272
15559090;-0.035282
15560081;0.010738
15561079;0.000000
15562080;0.009204
15563080;-0.001534
15564080;-0.016874
15565079;0.019942
15566079;0.032214
15567079;0.046019
15568079;0.042951
15569090;0.058291
15570081;0.021476
15571081;0.055223
15572081;0.019942
15573081;0.069029
15574081;0.078233
15575081;0.036816
15576081;0.069029
15577079;0.046019
15578080;0.082835
15579090;0.081301
15580078;0.095107
15581079;0.072097
15582078;0.064427
15583079;0.084369
15584079;0.085903
15585080;0.108913
15586078;0.079767
15587079;0.108913
15588078;0.069029
15589080;0.098175
15590094;0.079767
15591080;0.099709
15592078;0.119651
15593080;0.062893
15594079;0.101243
15595080;0.064427
15596079;0.110447
15597079;0.098175
15598077;0.116583
15599078;0.096641
15600092;0.081301
15601079;0.101243
15602080;0.075165
15603078;0.101243
15604079;0.059825
15605077;0.067495
15606079;0.036816
15607081;0.061359
15608077;0.081301
15609081;0.059825
15610095;0.065961
15611081;0.042951
15612077;0.046019
15613081;0.012272
15614081;0.044485
15615080;-0.004602
15616081;0.004602
15617079;0.000000
15618079;-0.019942
15619078;0.009204
15620078;-0.009204
15621093;-0.010738
15622081;-0.019942
15623077;-0.046019
15624081;-0.042951
15625077;-0.032214
15626080;-0.016874
15627080;-0.041417
15628077;-0.032214
15629079;-0.084369
15630077;-0.056757
15631092;-0.047553
15632078;-0.064427
15633079;-0.069029
15634078;-0.116583
15635079;-0.075165
15636077;-0.119651
15637078;-0.088971
15638077;-0.110447
15639078;-0.087437
15640077;-0.108913
15641089;-0.131922
15642093;-0.101243
15643081;-0.115049
15644077;-0.108913
15645081;-0.142660
15646076;-0.141126
15647079;-0.156466
15648080;-0.133456
15649077;-0.124252
15650078;-0.131922
15651077;-0.128854
15652094;-0.170272
15653077;-0.133456
15654078;-0.167204
15655077;-0.134990
15656078;-0.161068
15657081;-0.174874
15658077;-0.164136
15659081;-0.156466
15660077;-0.131922
15661081;-0.154932
15662090;-0.131922
15663078;-0.162602
15664079;-0.153398
15665077;-0.173340
15666078;-0.139592
15667077;-0.125786
15668078;-0.167204
15669081;-0.128854
15670077;-0.165670
15671081;-0.125786
15672091;-0.118117
15673077;-0.116583
15674081;-0.116583
15675077;-0.148796
15676080;-0.122718
15677081;-0.133456
15678079;-0.104311
15679080;-0.116583
15680078;-0.093573
15681079;-0.124252
15682088;-0.098175
15683091;-0.070563
15684079;-0.079767
15685080;-0.079767
15686078;-0.096641
15687079;-0.065961
15688077;-0.095107
15689078;-0.052155
15690077;-0.047553
15691078;-0.032214
15692076;-0.059825
15693092;-0.073631
15694078;-0.038350
15695076;-0.042951
15696077;-0.021476
15697080;-0.032214
15698076;-0.042951
15699080;-0.042951
15700076;-0.001534
15701079;-0.001534
15702081;-0.004602
15703094;0.029146
15704080;-0.016874
15705078;0.032214
15706079;-0.006136
15707078;0.033748
15708079;0.041417
15709077;0.013806
15710078;0.049087
15711076;0.021476
15712077;0.070563
15713081;0.061359
15714090;0.079767
15715079;0.061359
15716079;0.058291
15717077;0.050621
15718078;0.085903
15719077;0.099709
15720078;0.073631
15721076;0.102777
15722077;0.078233
15723076;0.105845
15724077;0.090505
15725092;0.095107
15726080;0.082835
15727081;0.081301
15728079;0.118117
15729080;0.085903
15730079;0.128854
15731080;0.119651
15732078;0.131922
15733079;0.093573
15734077;0.101243
15735094;0.141126
15736076;0.122718
15737077;0.145728
15738080;0.116583
15739077;0.128854
15740080;0.105845
15741076;0.128854
15742079;0.156466
15743080;0.102777
15744079;0.145728
15745093;0.098175
15746081;0.133456
15747077;0.113515
15748080;0.144194
15749076;0.116583
15750079;0.090505
15751081;0.108913
15752079;0.108913
15753080;0.107379
15754078;0.090505
15755090;0.142660
15756080;0.096641
15757078;0.108913
15758079;0.069029
15759078;0.099709
15760079;0.108913
15761077;0.070563
15762078;0.096641
15763077;0.052155
15764078;0.095107
15765127;0.082835
15766077;0.082835
15767080;0.061359
15768076;0.042951
15769078;0.062893
15770077;0.033748
15771078;0.064427
15772077;0.046019
15773078;0.056757
15774077;0.009204
15775078;0.024544
15776090;0.049087
15777080;0.023010
15778079;0.032214
15779080;-0.016874
15780078;0.013806
15781079;-0.027612
15782077;0.018408
15783079;0.004602
15784079;-0.044485
15785080;-0.009204
15786092;-0.024544
15787080;-0.001534
15788081;-0.029146
15789080;0.006136
15790081;-0.027612
15791080;-0.038350
15792081;-0.033748
15793080;-0.024544
15794081;-0.006136
15795080;-0.052155
15796081;-0.009204
15797090;-0.042951
15798078;-0.030680
15799080;-0.058291
15800078;-0.024544
15801079;-0.021476
15802078;-0.058291
15803079;-0.015340
15804078;-0.052155
15805079;-0.009204
15806078;-0.019942
15807079;-0.001534
15808090;-0.019942
15809081;-0.030680
15810080;0.001534
15811076;-0.012272
15812080;0.006136
15813081;-0.021476
15814079;0.016874
15815081;-0.023010
15816081;0.007670
15817081;0.023010
15818093;0.015340
15819078;0.021476
15820077;-0.013806
15821078;0.023010
15822077;-0.006136
15823078;0.042951
15824076;0.035282
15825078;0.027612
15826077;0.038350
15827078;0.053689
15828093;0.062893
15829081;0.050621
15830081;0.064427
15831079;0.055223
15832081;0.059825
15833079;0.044485
15834080;0.075165
15835080;0.090505
15836080;0.044485
15837078;0.093573
15838092;0.058291
15839081;0.093573
15840081;0.061359
15841080;0.101243
15842081;0.090505
15843081;0.067495
15844081;0.081301
15845080;0.087437
15846081;0.124252
15847080;0.081301
15848081;0.116583
15849094;0.079767
15850080;0.092039
15851078;0.118117
15852080;0.098175
15853079;0.121184
15854079;0.093573
15855078;0.099709
15856079;0.064427
15857078;0.107379
15858079;0.108913
15859094;0.098175
15860077;0.092039
15861078;0.062893
15862078;0.095107
15863077;0.064427
15864078;0.095107
15865077;0.076699
15866078;0.049087
15867077;0.046019
15868078;0.072097
15869077;0.078233
15870091;0.049087
15871079;0.072097
15872080;0.024544
15873077;0.055223
15874078;0.018408
15875077;0.038350
15876078;0.046019
15877081;-0.001534
15878077;0.026078
15879081;-0.015340
15880090;0.027612
15881078;-0.003068
15882079;0.018408
15883078;-0.004602
15884079;-0.033748
15885078;-0.018408
15886079;-0.012272
15887077;0.006136
15888078;-0.026078
15889077;-0.001534
15890092;-0.039884
15891077;-0.030680
15892080;-0.010738
15893080;-0.030680
15894078;-0.018408
15895079;-0.073631
15896077;-0.035282
15897078;-0.076699
15898077;-0.042951
15899079;-0.023010
15900090;-0.039884
15901081;-0.059825
15902079;-0.055223
15903080;-0.042951
15904078;-0.067495
15905079;-0.035282
15906077;-0.067495
15907078;-0.072097
15908077;-0.087437
15909078;-0.049087
15910090;-0.039884
15911091;-0.050621
15912078;-0.046019
15913079;-0.085903
15914077;-0.076699
15915079;-0.085903
15916077;-0.039884
15917078;-0.047553
15918077;-0.084369
15919078;-0.055223
15920077;-0.076699
15921090;-0.030680
15922078;-0.055223
15923080;-0.018408
15924077;-0.042951
15925079;-0.029146
15926077;-0.062893
15927077;-0.019942
15928081;-0.009204
15929077;-0.038350
15930081;-0.019942
15931094;-0.013806
15932076;-0.001534
15933078;-0.004602
15934081;0.010738
15935077;-0.009204
15936081;-0.026078
15937077;0.010738
15938077;-0.012272
15939078;0.036816
15940076;0.023010
15941078;0.052155
15942094;0.026078
15943077;0.052155
15944078;0.070563
15945076;0.059825
15946077;0.078233
15947080;0.032214
15948076;0.052155
15949080;0.033748
15950081;0.075165
15951079;0.090505
15952090;0.088971
15953078;0.082835
15954079;0.052155
15955078;0.082835
15956079;0.052155
15957077;0.116583
15958078;0.090505
15959076;0.061359
15960077;0.075165
15961081;0.076699
15962092;0.101243
15963077;0.073631
15964080;0.107379
15965076;0.076699
15966079;0.070563
15967080;0.059825
15968078;0.087437
15969080;0.099709
15970078;0.049087
15971079;0.081301
15972086;0.039884
15973090;0.075165
15974078;0.075165
15975080;0.072097
15976078;0.061359
15977079;0.024544
15978077;0.038350
15979078;0.030680
15980076;0.058291
15981078;0.036816
15982081;0.046019
15983093;0.000000
15984076;0.003068
15985077;0.029146
15986081;0.007670
15987077;0.021476
15988080;-0.023010
15989076;-0.010738
15990080;-0.039884
15991081;-0.015340
15992079;-0.010738
15993137;-0.015340
15994076;-0.033748
15995080;-0.070563
15996081;-0.046019
15997079;-0.055223
15998079;-0.046019
15999078;-0.090505
16000079;-0.095107
16001077;-0.079767
16002078;-0.101243
16003077;-0.049087
16004092;-0.087437
16005080;-0.081301
16006076;-0.121184
16007079;-0.092039
16008080;-0.128854
16009078;-0.102777
16010079;-0.090505
16011078;-0.144194
16012079;-0.130388
16013077;-0.131922
16014094;-0.119651
16015076;-0.115049
16016077;-0.113515
16017080;-0.130388
16018081;-0.161068
16019080;-0.151864
16020080;-0.147262
16021079;-0.125786
16022080;-0.055223
16023078;-0.127320
16024079;-0.181010
16025090;-0.145728
16026078;-0.130388
16027079;-0.148796
16028077;-0.141126
16029079;-0.182544
16030077;-0.139592
16031077;-0.179476
16032078;-0.141126
16033077;-0.131922
16034078;-0.138058
16035093;-0.131922
16036077;-0.141126
16037076;-0.131922
16038077;-0.136524
16039076;-0.039884
16040077;-0.150330
16041081;-0.110447
16042077;-0.153398
16043077;-0.128854
16044077;-0.116583
16045090;-0.121184
16046077;-0.113515
16047079;-0.150330
16048077;-0.115049
16049078;-0.147262
16050076;-0.102777
16051078;-0.098175
16052077;-0.125786
16053078;-0.092039
16054077;-0.121184
16055109;-0.078233
16056081;-0.087437
16057076;-0.067495
16058080;-0.069029
16059076;-0.082835
16060080;-0.075165
16061081;-0.052155
16062080;-0.042951
16063081;-0.047553
16064081;-0.026078
16065093;-0.062893
16066094;-0.024544
16067078;-0.007670
16068077;-0.009204
16069078;-0.006136
16070077;-0.032214
16071078;0.003068
16072077;-0.024544
16073078;0.021476
16074077;0.029146
16075078;0.033748
16076091;0.023010
16077080;0.018408
16078078;0.055223
16079079;0.049087
16080079;0.062893
16081079;-0.035282
16082078;0.055223
16083079;0.030680
16084078;0.042951
16085079;0.087437
16086108;0.079767
16087079;0.090505
16088081;0.053689
16089080;0.085903
16090081;0.153398
16091081;0.084369
16092081;0.093573
16093080;0.065961
16094081;0.096641
16095081;0.076699
16096081;0.113515
16097092;0.105845
16098077;0.119651
16099076;0.092039
16100077;0.104311
16101081;0.093573
16102077;0.118117
16103081;0.115049
16104077;0.093573
16105081;0.125786
16106081;0.081301
16107085;0.111981
16108091;0.125786
16109081;0.115049
16110080;0.108913
16111081;0.067495
16112081;0.111981
16113081;0.064427
16114081;0.107379
16115077;0.099709
16116080;0.107379
16117081;0.078233
16118092;0.061359
16119078;0.101243
16120077;0.084369
16121078;0.088971
16122076;0.042951
16123078;0.061359
16124077;0.049087
16125081;0.070563
16126077;0.079767
16127081;0.056757
16128092;0.067495
16129093;0.019942
16130080;0.049087
16131081;0.015340
16132078;0.052155
16133080;0.033748
16134077;0.009204
16135078;0.023010
16136077;0.006136
16137078;0.035282
16138077;0.007670
16139094;0.021476
16140077;0.004602
16141078;0.007670
16142077;-0.012272
16143078;-0.013806
16144077;-0.001534
16145081;-0.007670
16146079;-0.012272
16147079;-0.026078
16148078;-0.009204
16149093;0.001534
16150081;-0.010738
16151077;-0.012272
16152080;-0.055223
16153080;-0.019942
16154078;-0.052155
16155080;-0.006136
16156077;-0.021476
16157078;-0.009204
16158077;-0.027612
16159094;-0.046019
16160080;-0.009204
16161078;-0.029146
16162079;-0.007670
16163078;-0.032214
16164080;-0.039884
16165077;-0.036816
16166078;-0.015340
16167081;0.003068
16168077;-0.009204
16169081;0.004602
16170092;-0.042951
16171081;-0.003068
16172081;-0.036816
16173079;0.016874
16174080;0.016874
16175078;-0.015340
16176079;0.004602
16177077;0.006136
16178078;0.036816
16179077;0.018408
16180090;0.046019
16181077;0.013806
16182078;0.030680
16183077;0.026078
16184078;0.056757
16185077;0.064427
16186077;0.042951
16187081;0.070563
16188077;0.036816
16189081;0.113515
16190082;0.092039
16191094;0.070563
16192077;0.088971
16193078;0.062893
16194077;0.098175
16195079;0.070563
16196077;0.113515
16197078;0.093573
16198077;0.125786
16199078;0.102777
16200078;0.098175
16201093;0.121184
16202079;0.116583
16203078;0.119651
16204078;0.099709
16205077;0.116583
16206078;0.093573
16207081;0.125786
16208077;0.130388
16209080;0.125786
16210076;0.133456
16211080;0.090505
16212093;0.138058
16213076;0.079767
16214077;0.125786
16215081;0.116583
16216076;0.070563
16217080;0.102777
16218080;0.061359
16219079;0.107379
16220080;0.075165
16221078;0.101243
16222079;0.059825
16223092;0.081301
16224080;0.044485
16225080;0.078233
16226079;0.081301
16227080;0.033748
16228078;0.059825
16229079;0.006136
16230077;0.035282
16231079;0.041417
16232077;0.026078
16233089;0.024544
16234077;-0.019942
16235079;0.001534
16236077;-0.012272
16237078;0.010738
16238081;-0.016874
16239077;-0.021476
16240081;-0.053689
16241077;-0.055223
16242080;-0.042951
16243093;-0.053689
16244080;-0.047553
16245076;-0.087437
16246080;-0.062893
16247081;-0.096641
16248079;-0.154932
16249080;-0.099709
16250078;-0.107379
16251080;-0.130388
16252078;-0.156466
16253098;-0.121184
16254078;-0.153398
16255077;-0.124252
16256078;-0.148796
16257076;-0.171806
16258077;-0.158000
16259076;-0.181010
16260077;-0.148796
16261081;-0.170272
16262076;-0.150330
16263080;-0.208621
16264091;-0.177942
16265079;-0.194816
16266080;-0.177942
16267078;-0.170272
16268080;-0.196350
16269078;-0.188680
16270079;-0.227029
16271077;-0.193282
16272078;-0.190214
16273077;-0.196350
16274093;-0.202485
16275076;-0.239301
16276077;-0.205553
16277080;-0.227029
16278081;-0.199418
16279079;-0.222427
16280080;-0.199418
16281079;-0.219359
16282080;-0.211689
16283078;-0.199418
16284092;-0.202485
16285080;-0.193282
16286076;-0.222427
16287079;-0.208621
16288080;-0.240835
16289079;-0.202485
16290080;-0.193282
16291078;-0.187146
16292079;-0.199418
16293077;-0.230097
16294081;-0.196350
16295090;-0.217825
16296081;-0.181010
16297080;-0.191748
16298081;-0.230097
16299081;-0.197884
16300081;-0.177942
16301081;-0.168738
16302081;-0.188680
16303081;-0.162602
16304081;-0.190214
16305090;-0.164136
16306090;-0.191748
16307081;-0.162602
16308080;-0.144194
16309081;-0.188680
16310080;-0.153398
16311081;-0.185612
16312080;-0.150330
16313081;-0.133456
16314081;-0.125786
16315076;-0.133456
16316090;-0.131922
16317080;-0.115049
16318078;-0.150330
16319080;-0.104311
16320078;-0.115049
16321080;-0.113515
16322078;-0.124252
16323080;-0.108913
16324078;-0.087437
16325080;-0.087437
16326092;-0.070563
16327076;-0.105845
16328081;-0.072097
16329081;-0.101243
16330080;-0.064427
16331076;-0.050621
16332080;-0.042951
16333081;-0.038350
16334081;-0.075165
16335081;-0.027612
16336080;-0.055223
16337094;-0.015340
16338079;-0.029146
16339077;-0.049087
16340079;-0.029146
16341077;-0.012272
16342078;0.007670
16343077;-0.004602
16344078;0.019942
16345077;-0.016874
16346078;0.018408
16347090;0.000000
16348078;0.030680
16349079;0.052155
16350078;0.023010
16351079;0.026078
16352077;0.039884
16353079;0.023010
16354078;0.033748
16355080;0.055223
16356078;0.093573
16357079;0.041417
16358091;0.082835
16359077;0.067495
16360081;0.096641
16361081;0.081301
16362081;0.102777
16363077;0.087437
16364080;0.107379
16365081;0.121184
16366080;0.108913
16367081;0.127320
16368079;0.093573
16369093;0.125786
16370078;0.092039
16371077;0.138058
16372078;0.141126
16373077;0.144194
16374078;0.144194
16375077;0.113515
16376078;0.158000
16377076;0.141126
16378077;0.162602
16379090;0.141126
16380078;0.141126
16381080;0.153398
16382079;0.165670
16383080;0.174874
16384078;0.148796
16385079;0.187146
16386079;0.153398
16387077;0.179476
16388078;0.147262
16389091;0.174874
16390081;0.191748
16391080;0.154932
16392080;0.181010
16393078;0.150330
16394079;0.168738
16395077;0.176408
16396079;0.174874
16397081;0.170272
16398077;0.159534
16399134;0.179476
16400076;0.154932
16401079;0.177942
16402080;0.165670
16403078;0.173340
16404080;0.133456
16405078;0.153398
16406079;0.162602
16407077;0.153398
16408078;0.162602
16409077;0.118117
16410094;0.144194
16411076;0.108913
16412077;0.144194
16413081;0.141126
16414077;0.133456
16415081;0.111981
16416076;0.095107
16417079;0.122718
16418080;0.092039
16419077;0.119651
16420078;0.090505
16421093;0.088971
16422081;0.081301
16423077;0.098175
16424081;0.107379
16425077;0.069029
16426081;0.101243
16427077;0.036816
16428081;0.085903
16429077;0.044485
16430081;0.082835
16431090;0.082835
16432081;0.035282
16433079;0.056757
16434080;0.032214
16435078;0.070563
16436079;0.055223
16437077;0.069029
16438078;0.044485
16439077;0.024544
16440078;0.059825
16441077;0.042951
16442092;0.052155
16443079;0.023010
16444081;0.047553
16445079;0.000000
16446080;0.036816
16447077;0.049087
16448078;0.036816
16449077;0.027612
16450078;0.003068
16451077;0.050621
16452093;0.006136
16453080;0.039884
16454080;0.029146
16455078;0.030680
16456080;0.144194
16457077;0.029146
16458078;0.053689
16459077;0.044485
16460077;0.035282
16461081;0.124252
16462078;0.042951
16463094;0.013806
16464077;0.055223
16465078;0.065961
16466076;0.026078
16467078;0.070563
16468076;0.032214
16469077;0.059825
16470080;0.042951
16471076;0.079767
16472080;0.072097
16473094;0.042951
16474076;0.072097
16475078;0.070563
16476076;0.095107
16477077;0.081301
16478080;0.102777
16479076;0.078233
16480080;0.081301
16481081;0.113515
16482079;0.099709
16483091;0.119651
16484079;0.078233
16485080;0.107379
16486078;0.078233
16487079;0.113515
16488077;0.131922
16489078;0.119651
16490076;0.121184
16491078;0.084369
16492076;0.131922
16493124;0.087437
16494078;0.131922
16495077;0.115049
16496078;0.141126
16497081;0.096641
16498077;0.115049
16499081;0.131922
16500076;0.118117
16501080;0.133456
16502080;0.078233
16503079;0.108913
16504092;0.072097
16505080;0.107379
16506081;0.104311
16507079;0.062893
16508080;0.072097
16509079;0.064427
16510080;0.088971
16511078;0.069029
16512079;0.084369
16513077;0.056757
16514094;0.035282
16515077;0.030680
16516078;0.052155
16517076;0.049087
16518077;0.012272
16519080;0.041417
16520076;-0.006136
16521079;0.010738
16522081;0.021476
16523079;0.021476
16524080;0.004602
16525093;-0.035282
16526081;-0.029146
16527076;-0.036816
16528080;-0.033748
16529081;-0.032214
16530079;-0.027612
16531081;-0.050621
16532079;-0.084369
16533080;-0.046019
16534078;-0.062893
16535092;-0.052155
16536080;-0.095107
16537081;-0.069029
16538078;-0.111981
16539080;-0.088971
16540078;-0.081301
16541079;-0.090505
16542077;-0.099709
16543078;-0.138058
16544077;-0.107379
16545094;-0.136524
16546080;-0.113515
16547078;-0.139592
16548079;-0.153398
16549078;-0.130388
16550079;-0.165670
16551077;-0.122718
16552078;-0.139592
16553076;-0.128854
16554077;-0.185612
16555094;-0.147262
16556094;-0.184078
16557078;-0.164136
16558077;-0.133456
16559078;-0.174874
16560077;-0.154932
16561077;-0.162602
16562077;-0.162602
16563078;-0.158000
16564077;-0.161068
16565078;-0.164136
16566090;-0.168738
16567080;-0.158000
16568078;-0.184078
16569080;-0.141126
16570078;-0.158000
16571080;-0.136524
16572078;-0.179476
16573079;-0.144194
16574079;-0.125786
16575079;-0.141126
16576094;-0.118117
16577079;-0.156466
16578077;-0.131922
16579079;-0.171806
16580077;-0.124252
16581078;-0.130388
16582077;-0.124252
16583078;-0.124252
16584077;-0.147262
16585078;-0.107379
16586089;-0.116583
16587091;-0.099709
16588081;-0.111981
16589080;-0.127320
16590081;-0.121184
16591081;-0.096641
16592081;-0.082835
16593081;-0.087437
16594081;-0.075165
16595080;-0.105845
16596081;-0.070563
16597091;-0.092039
16598092;-0.058291
16599077;-0.062893
16600077;-0.082835
16601078;-0.047553
16602077;-0.062893
16603079;-0.027612
16604077;-0.032214
16605078;-0.012272
16606077;-0.027612
16607078;-0.030680
16608090;-0.038350
16609078;-0.012272
16610079;0.018408
16611079;-0.012272
16612079;0.023010
16613079;-0.001534
16614079;0.036816
16615079;0.053689
16616080;0.046019
16617078;0.056757
16618078;0.018408
16619078;0.047553
16620091;0.039884
16621081;0.085903
16622080;0.076699
16623081;0.095107
16624081;0.075165
16625081;0.067495
16626080;0.115049
16627081;0.099709
16628080;0.111981
16629081;0.084369
16630094;0.099709
16631080;0.088971
16632078;0.115049
16633079;0.133456
16634079;0.107379
16635080;0.125786
16636079;0.088971
16637079;0.131922
16638078;0.098175
16639079;0.138058
16640092;0.125786
16641080;0.096641
16642081;0.118117
16643081;0.130388
16644081;0.133456
16645081;0.118117
16646081;0.141126
16647080;0.102777
16648081;0.124252
16649078;0.092039
16650081;0.118117
16651093;0.127320
16652080;0.084369
16653081;0.121184
16654079;0.078233
16655080;0.113515
16656077;0.119651
16657078;0.107379
16658077;0.075165
16659079;0.058291
16660077;0.064427
16661093;0.073631
16662080;0.088971
16663080;0.055223
16664078;0.088971
16665080;0.062893
16666078;0.093573
16667080;0.052155
16668078;0.050621
16669080;0.053689
16670081;0.027612
16671090;0.041417
16672080;0.007670
16673078;0.038350
16674079;0.036816
16675078;0.039884
16676079;0.019942
16677077;-0.009204
16678078;0.030680
16679077;0.006136
16680078;0.018408
16681093;-0.010738
16682078;-0.033748
16683077;-0.027612
16684078;-0.024544
16685077;-0.006136
16686078;-0.044485
16687081;-0.012272
16688077;-0.059825
16689081;-0.026078
16690077;-0.062893
16691081;-0.027612
16692094;-0.030680
16693077;-0.069029
16694078;-0.044485
16695077;-0.058291
16696078;-0.027612
16697076;-0.039884
16698077;-0.030680
16699081;-0.064427
16700077;-0.067495
16701081;-0.069029
16702077;-0.041417
16703093;-0.029146
16704081;-0.055223
16705077;-0.023010
16706081;-0.072097
16707077;-0.036816
16708081;-0.010738
16709077;-0.027612
16710081;-0.026078
16711081;-0.062893
16712079;-0.024544
16713094;-0.052155
16714080;-0.013806
16715078;-0.012272
16716079;0.009204
16717077;-0.027612
16718078;-0.012272
16719077;0.009204
16720078;0.000000
16721077;0.019942
16722078;-0.016874
16723077;0.015340
16724091;-0.012272
16725077;0.009204
16726080;0.035282
16727076;-0.004602
16728079;0.058291
16729080;0.015340
16730079;0.059825
16731080;0.024544
16732078;0.070563
16733079;0.059825
16734093;0.042951
16735079;0.067495
16736077;0.041417
16737077;0.101243
16738081;0.088971
16739077;0.119651
16740080;0.085903
16741076;0.101243
16742080;0.067495
16743081;0.108913
16744079;0.119651
16745090;0.101243
16746078;0.130388
16747080;0.090505
16748078;0.133456
16749079;0.133456
16750077;0.150330
16751078;0.139592
16752077;0.104311
16753078;0.141126
16754076;0.113515
16755093;0.145728
16756078;0.131922
16757076;0.153398
16758077;0.121184
16759081;0.116583
16760077;0.148796
16761080;0.128854
16762076;0.150330
16763080;0.118117
16764081;0.116583
16765150;0.095107
16766079;0.128854
16767077;0.131922
16768077;0.084369
16769081;0.127320
16770077;0.111981
16771081;0.138058
16772077;0.084369
16773080;0.090505
16774076;0.069029
16775079;0.073631
16776091;0.102777
16777078;0.049087
16778079;0.072097
16779078;0.070563
16780079;0.082835
16781077;0.053689
16782078;0.018408
16783076;0.019942
16784078;0.012272
16785081;0.033748
16786087;0.006136
16787091;0.026078
16788079;-0.021476
16789080;-0.004602
16790078;-0.001534
16791079;-0.007670
16792077;-0.015340
16793079;-0.062893
16794077;-0.030680
16795078;-0.076699
16796076;-0.058291
16797092;-0.049087
16798080;-0.052155
16799076;-0.067495
16800079;-0.092039
16801080;-0.070563
16802079;-0.111981
16803080;-0.076699
16804078;-0.101243
16805079;-0.115049
16806077;-0.115049
16807092;-0.134990
16808080;-0.113515
16809076;-0.118117
16810079;-0.107379
16811081;-0.142660
16812079;-0.141126
16813080;-0.164136
16814078;-0.130388
16815079;-0.121184
16816078;-0.171806
16817116;-0.136524
16818078;-0.184078
16819079;-0.142660
16820078;-0.141126
16821079;-0.141126
16822078;-0.151864
16823079;-0.193282
16824078;-0.164136
16825080;-0.174874
16826078;-0.144194
16827079;-0.154932
16828094;-0.138058
16829079;-0.164136
16830077;-0.171806
16831078;-0.147262
16832077;-0.164136
16833078;-0.136524
16834077;-0.158000
16835078;-0.153398
16836077;-0.165670
16837077;-0.151864
16838090;-0.130388
16839081;-0.139592
16840080;-0.124252
16841081;-0.174874
16842080;-0.128854
16843076;-0.153398
16844081;-0.119651
16845081;-0.111981
16846081;-0.150330
16847081;-0.121184
16848080;-0.128854
16849094;-0.110447
16850077;-0.115049
16851077;-0.082835
16852077;-0.105845
16853078;-0.107379
16854077;-0.121184
16855078;-0.085903
16856077;-0.081301
16857078;-0.087437
16858077;-0.056757
16859078;-0.098175
16860091;-0.053689
16861081;0.072097
16862080;-0.047553
16863081;-0.023010
16864080;-0.064427
16865081;-0.036816
16866080;-0.055223
16867081;-0.009204
16868080;-0.018408
16869081;0.010738
16870094;-0.004602
16871079;-0.027612
16872078;0.018408
16873080;0.010738
16874079;0.030680
16875079;0.024544
16876077;0.058291
16877079;0.036816
16878077;0.085903
16879078;0.049087
16880092;0.075165
16881080;0.056757
16882081;0.038350
16883081;0.084369
16884081;0.047553
16885081;0.088971
16886081;0.099709
16887080;0.064427
16888081;0.096641
16889080;0.067495
16890090;0.113515
16891091;0.099709
16892081;0.119651
16893081;0.111981
16894081;0.085903
16895081;0.111981
16896081;0.082835
16897079;0.125786
16898080;0.105845
16899080;0.130388
16900081;0.102777
16901090;0.095107
16902080;0.131922
16903079;0.116583
16904080;0.131922
16905078;0.082835
16906080;0.127320
16907079;0.076699
16908079;0.113515
16909078;0.124252
16910079;0.110447
16911091;0.099709
16912079;0.069029
16913080;0.102777
16914078;0.064427
16915079;0.101243
16916077;0.090505
16917078;0.050621
16918077;0.072097
16919078;0.059825
16920077;0.079767
16921078;0.067495
16922093;0.079767
16923081;0.067495
16924077;0.050621
16925081;0.026078
16926081;0.055223
16927079;0.065961
16928080;0.019942
16929077;0.044485
16930078;0.007670
16931077;0.033748
16932092;0.041417
16933093;0.029146
16934081;0.023010
16935077;-0.015340
16936081;0.018408
16937076;-0.013806
16938079;0.003068
16939081;0.004602
16940079;0.021476
16941080;-0.001534
16942077;-0.024544
16943092;0.015340
16944078;-0.012272
16945079;0.010738
16946078;-0.006136
16947080;0.016874
16948078;-0.029146
16949080;-0.009204
16950077;0.010738
16951078;-0.010738
16952077;0.010738
16953090;-0.038350
16954081;-0.003068
16955079;-0.039884
16956081;0.003068
16957079;0.006136
16958080;-0.035282
16959078;-0.009204
16960079;-0.033748
16961077;-0.009204
16962078;-0.015340
16963090;0.009204
16964080;-0.001534
16965078;-0.006136
16966079;-0.026078
16967077;0.013806
16968078;0.023010
16969077;0.012272
16970078;0.030680
16971077;0.016874
16972078;0.038350
16973077;0.050621
16974095;0.041417
16975077;0.064427
16976078;0.024544
16977081;0.061359
16978077;0.027612
16979081;0.070563
16980077;0.059825
16981081;0.128854
16982081;0.073631
16983080;0.056757
16984093;0.084369
16985078;0.067495
16986079;0.084369
16987080;0.101243
16988078;0.113515
16989079;0.093573
16990078;0.108913
16991079;0.119651
16992077;0.116583
16993078;0.130388
16994076;0.084369
16995093;0.116583
16996081;0.084369
16997077;0.128854
16998080;0.139592
16999076;0.098175
17000079;0.133456
17001081;0.098175
17002079;0.131922
17003080;0.088971
17004078;0.131922
17005094;0.115049
17006077;0.090505
17007078;0.105845
17008076;0.095107
17009077;0.128854
17010081;0.102777
17011077;0.113515
17012080;0.099709
17013076;0.096641
17014080;0.105845
17015093;0.092039
17016079;0.108913
17017077;0.064427
17018077;0.098175
17019076;0.041417
17020077;0.072097
17021080;0.081301
17022076;0.070563
17023080;0.055223
17024080;0.026078
17025079;0.064427
17026094;0.030680
17027079;0.058291
17028077;0.033748
17029079;0.046019
17030077;0.013806
17031078;-0.006136
17032076;0.033748
17033077;0.006136
17034081;0.024544
17035077;-0.023010
17036152;-0.006136
17037081;-0.053689
17038079;-0.015340
17039080;-0.001534
17040078;-0.065961
17041080;-0.024544
17042078;-0.062893
17043079;-0.027612
17044077;-0.055223
17045078;-0.033748
17046086;-0.055223
17047090;-0.065961
17048077;-0.056757
17049079;-0.079767
17050077;-0.049087
17051078;-0.072097
17052076;-0.046019
17053077;-0.095107
17054080;-0.067495
17055076;-0.062893
17056079;-0.065961
17057092;-0.056757
17058080;-0.111981
17059076;-0.070563
17060079;-0.111981
17061080;-0.052155
17062078;-0.073631
17063079;-0.064427
17064078;-0.081301
17065079;-0.087437
17066077;-0.052155
17067093;-0.087437
17068079;-0.058291
17069077;-0.075165
17070078;-0.062893
17071076;-0.088971
17072077;-0.084369
17073080;-0.052155
17074076;-0.062893
17075080;-0.044485
17076080;-0.067495
17077088;-0.065961
17078092;-0.084369
17079080;-0.046019
17080079;-0.032214
17081080;-0.072097
17082079;-0.050621
17083080;-0.067495
17084079;-0.021476
17085080;-0.029146
17086079;-0.036816
17087080;-0.015340
17088090;-0.021476
17089081;-0.027612
17090080;0.019942
17091076;0.006136
17092080;-0.006136
17093081;0.026078
17094080;0.001534
17095081;0.030680
17096081;0.023010
17097081;0.036816
17098093;0.059825
17099081;0.016874
17100076;0.053689
17101081;0.024544
17102081;0.059825
17103081;0.070563
17104081;0.085903
17105081;0.064427
17106081;0.049087
17107080;0.069029
17108090;0.079767
17109079;0.095107
17110079;0.075165
17111077;0.108913
17112079;0.067495
17113079;0.095107
17114080;0.113515
17115079;0.104311
17116080;0.115049
17117077;0.069029
17118078;0.093573
17119092;0.069029
17120080;0.095107
17121081;0.108913
17122080;0.067495
17123076;0.098175
17124080;0.064427
17125081;0.101243
17126079;0.095107
17127081;0.113515
17128079;0.087437
17129080;0.065961
17130094;0.070563
17131080;0.070563
17132079;0.095107
17133079;0.055223
17134078;0.098175
17135079;0.058291
17136078;0.079767
17137079;0.087437
17138077;0.079767
17139078;0.084369
17140077;0.035282
17141090;0.058291
17142080;0.016874
17143079;0.058291
17144081;0.041417
17145079;0.049087
17146080;0.029146
17147079;-0.003068
17148081;0.033748
17149080;0.015340
17150081;0.030680
17151092;-0.010738
17152078;0.027612
17153077;-0.013806
17154078;-0.003068
17155077;0.006136
17156077;-0.007670
17157076;-0.007670
17158077;-0.046019
17159076;-0.018408
17160078;-0.052155
17161077;-0.021476
17162094;-0.027612
17163079;-0.065961
17164078;-0.044485
17165079;-0.062893
17166078;-0.039884
17167079;-0.079767
17168077;-0.038350
17169079;-0.065961
17170078;-0.055223
17171080;-0.085903
17172092;-0.062893
17173078;-0.056757
17174079;-0.084369
17175078;-0.062893
17176079;-0.095107
17177077;-0.062893
17178078;-0.050621
17179077;-0.062893
17180078;-0.069029
17181077;-0.101243
17182092;-0.065961
17183079;-0.092039
17184081;-0.055223
17185078;-0.056757
17186080;-0.050621
17187077;-0.076699
17188079;-0.067495
17189077;-0.058291
17190078;-0.055223
17191077;-0.046019
17192088;-0.062893
17193094;-0.058291
17194077;-0.062893
17195079;-0.090505
17196077;-0.047553
17197078;-0.038350
17198077;-0.075165
17199078;-0.053689
17200077;-0.027612
17201077;-0.055223
17202081;-0.015340
17203092;-0.009204
17204078;-0.049087
17205080;-0.012272
17206077;-0.033748
17207078;-0.003068
17208077;-0.006136
17209078;0.023010
17210077;-0.004602
17211078;0.010738
17212077;-0.006136
17213091;0.018408
17214078;0.047553
17215080;0.019942
17216077;0.053689
17217078;0.004602
17218077;0.055223
17219079;0.062893
17220077;0.076699
17221078;0.064427
17222081;0.041417
17223126;0.067495
17224078;0.059825
17225077;0.055223
17226078;0.078233
17227077;0.110447
17228078;0.069029
17229077;0.092039
17230078;0.119651
17231077;0.108913
17232078;0.121184
17233077;0.084369
17234140;0.118117
17235078;0.085903
17236077;0.116583
17237078;0.127320
17238077;0.127320
17239078;0.110447
17240077;0.082835
17241078;0.115049
17242077;0.090505
17243079;0.121184
17244077;0.111981
17245092;0.069029
17246079;0.095107
17247081;0.092039
17248081;0.107379
17249077;0.096641
17250080;0.119651
17251076;0.075165
17252080;0.079767
17253081;0.056757
17254079;0.075165
17255090;0.084369
17256078;0.032214
17257079;0.053689
17258077;0.012272
17259079;0.044485
17260077;0.050621
17261078;0.039884
17262076;0.010738
17263077;-0.003068
17264080;-0.009204
17265093;-0.012272
17266079;-0.006136
17267077;-0.019942
17268078;-0.024544
17269076;-0.049087
17270078;-0.046019
17271076;-0.032214
17272077;-0.046019
17273080;-0.052155
17274076;-0.108913
17275080;-0.069029
17276092;-0.110447
17277080;-0.088971
17278081;-0.099709
17279079;-0.093573
17280080;-0.102777
17281079;-0.134990
17282080;-0.107379
17283078;-0.118117
17284079;-0.125786
17285077;-0.130388
17286091;-0.153398
17287079;-0.167204
17288080;-0.162602
17289078;-0.141126
17290079;-0.153398
17291078;-0.161068
17292079;-0.187146
17293077;-0.176408
17294078;-0.216291
17295076;-0.176408
17296078;-0.167204
17297076;-0.225495
17298091;-0.199418
17299079;-0.202485
17300080;-0.197884
17301079;-0.217825
17302080;-0.204019
17303078;-0.214757
17304079;-0.274583
17305077;-0.220893
17306078;-0.227029
17307077;-0.205553
17308094;-0.222427
17309077;-0.199418
17310078;-0.250039
17311076;-0.220893
17312077;-0.205553
17313080;-0.207087
17314076;-0.204019
17315080;-0.245437
17316081;-0.211689
17317079;-0.253107
17318091;-0.214757
17319079;-0.210155
17320080;-0.211689
17321078;-0.216291
17322080;-0.236233
17323078;-0.205553
17324079;-0.227029
17325077;-0.196350
17326078;-0.208621
17327076;-0.219359
17328077;-0.242369
17329094;-0.214757
17330076;-0.174874
17331078;-0.200951
17332076;-0.179476
17333077;-0.188680
17334080;-0.194816
17335076;-0.219359
17336080;-0.185612
17337081;-0.167204
17338079;-0.216291
17339090;-0.168738
17340081;-0.211689
17341079;-0.162602
17342078;-0.173340
17343079;-0.154932
17344078;-0.170272
17345079;-0.174874
17346078;-0.184078
17347079;-0.153398
17348078;-0.136524
17349079;-0.151864
17350092;-0.131922
17351078;-0.167204
17352077;-0.130388
17353077;-0.108913
17354077;-0.101243
17355078;-0.105845
17356077;-0.151864
17357078;-0.102777
17358076;-0.138058
17359078;-0.095107
17360092;-0.102777
17361080;-0.076699
17362081;-0.085903
17363080;-0.116583
17364081;-0.064427
17365080;-0.067495
17366081;-0.052155
17367080;-0.072097
17368081;-0.075165
17369080;-0.067495
17370081;-0.039884
17371090;-0.021476
17372079;-0.027612
17373079;-0.010738
17374079;-0.049087
17375079;-0.010738
17376080;-0.033748
17377078;0.021476
17378078;0.013806
17379078;-0.019942
17380078;0.012272
17381154;0.009204
17382078;0.055223
17383080;0.050621
17384078;0.064427
17385080;0.032214
17386079;0.055223
17387079;0.049087
17388078;0.081301
17389080;0.101243
17390079;0.075165
17391079;0.108913
17392092;0.073631
17393078;0.115049
17394077;0.139592
17395078;0.133456
17396077;0.133456
17397077;0.110447
17398077;0.139592
17399078;0.119651
17400077;0.181010
17401078;0.181010
17402094;0.167204
17403080;0.164136
17404079;0.190214
17405080;0.136524
17406078;0.202485
17407079;0.188680
17408078;0.194816
17409079;0.204019
17410077;0.173340
17411079;0.222427
17412092;0.216291
17413081;0.213223
17414081;0.219359
17415080;0.171806
17416081;0.207087
17417079;0.171806
17418080;0.211689
17419080;0.193282
17420081;0.165670
17421079;0.191748
17422081;0.159534
17423092;0.205553
17424077;0.176408
17425081;0.199418
17426077;0.161068
17427081;0.167204
17428077;0.148796
17429081;0.179476
17430077;0.174874
17431081;0.133456
17432077;0.158000
17433090;0.119651
17434078;0.130388
17435081;0.150330
17436077;0.141126
17437080;0.115049
17438081;0.090505
17439079;0.104311
17440080;0.076699
17441078;0.108913
17442079;0.090505
17443077;0.104311
17444093;0.075165
17445080;0.070563
17446080;0.092039
17447077;0.073631
17448078;0.095107
17449077;0.038350
17450078;0.055223
17451077;0.015340
17452078;0.042951
17453077;0.053689
17454093;0.024544
17455080;0.026078
17456081;-0.010738
17457079;0.021476
17458079;-0.009204
17459077;0.018408
17460078;-0.007670
17461077;-0.029146
17462078;-0.016874
17463077;-0.036816
17464094;0.006136
17465077;-0.029146
17466078;-0.009204
17467077;-0.042951
17468078;-0.016874
17469077;-0.053689
17470078;-0.018408
17471077;-0.010738
17472078;-0.069029
17473077;-0.009204
17474091;-0.052155
17475077;-0.015340
17476080;-0.027612
17477080;-0.009204
17478077;-0.036816
17479078;-0.058291
17480077;-0.030680
17481078;-0.033748
17482077;-0.003068
17483079;-0.030680
17484130;0.004602
17485078;-0.041417
17486077;-0.006136
17487077;0.009204
17488080;0.003068
17489081;0.000000
17490079;-0.027612
17491081;0.013806
17492079;-0.024544
17493079;0.023010
17494078;0.023010
17495093;0.024544
17496080;0.026078
17497080;0.015340
17498077;0.052155
17499079;0.046019
17500077;0.072097
17501078;0.027612
17502077;0.046019
17503078;0.041417
17504077;0.079767
17505097;0.096641
17506077;0.056757
17507081;0.104311
17508077;0.062893
17509081;0.107379
17510081;0.087437
17511079;0.122718
17512080;0.119651
17513079;0.133456
17514080;0.124252
17515078;0.144194
17516089;0.088971
17517077;0.131922
17518078;0.210155
17519077;0.142660
17520078;0.167204
17521076;0.138058
17522077;0.177942
17523081;0.191748
17524077;0.154932
17525080;0.188680
17526089;0.148796
17527090;0.177942
17528077;0.188680
17529079;0.214757
17530077;0.177942
17531078;0.154932
17532076;0.194816
17533077;0.159534
17534080;0.194816
17535076;0.176408
17536079;0.184078
17537093;0.168738
17538076;0.158000
17539078;0.184078
17540076;0.173340
17541077;0.179476
17542080;0.151864
17543076;0.147262
17544079;0.113515
17545081;0.144194
17546079;0.150330
17547093;0.099709
17548078;0.118117
17549077;0.087437
17550078;0.119651
17551076;0.084369
17552078;0.108913
17553081;0.082835
17554077;0.064427
17555076;0.061359
17556077;0.052155
17557089;0.082835
17558093;0.061359
17559077;0.073631
17560078;-0.006136
17561076;0.032214
17562078;-0.009204
17563076;0.023010
17564077;0.018408
17565080;-0.030680
17566076;-0.007670
17567079;-0.052155
17568092;-0.004602
17569080;-0.019942
17570076;-0.021476
17571080;-0.047553
17572080;-0.052155
17573079;-0.052155
17574080;-0.079767
17575078;-0.058291
17576079;-0.085903
17577077;-0.072097
17578091;-0.111981
17579079;-0.098175
17580080;-0.088971
17581078;-0.104311
17582079;-0.105845
17583078;-0.159534
17584079;-0.127320
17585077;-0.167204
17586078;-0.131922
17587076;-0.145728
17588078;-0.179476
17589094;-0.162602
17590077;-0.177942
17591078;-0.144194
17592076;-0.188680
17593077;-0.165670
17594081;-0.187146
17595077;-0.196350
17596080;-0.196350
17597081;-0.187146
17598079;-0.168738
17599089;-0.202485
17600077;-0.174874
17601079;-0.223961
17602077;-0.190214
17603078;-0.227029
17604080;-0.199418
17605078;-0.193282
17606080;-0.234699
17607079;-0.187146
17608079;-0.231631
17609091;-0.199418
17610079;-0.199418
17611080;-0.181010
17612079;-0.205553
17613080;-0.210155
17614079;-0.197884
17615081;-0.196350
17616079;-0.182544
17617080;-0.188680
17618078;-0.194816
17619080;-0.204019
17620090;-0.185612
17621078;-0.188680
17622079;-0.191748
17623078;-0.204019
17624079;-0.216291
17625079;-0.185612
17626080;-0.211689
17627079;-0.162602
17628080;-0.176408
17629079;-0.200951
17630093;-0.184078
17631081;-0.194816
17632077;-0.150330
17633081;-0.164136
17634077;-0.144194
17635077;-0.161068
17636077;-0.147262
17637081;-0.167204
17638077;-0.148796
17639080;-0.127320
17640081;-0.167204
17641090;-0.108913
17642081;-0.158000
17643080;-0.119651
17644081;-0.148796
17645080;-0.101243
17646081;-0.101243
17647080;-0.125786
17648081;-0.104311
17649080;-0.115049
17650081;-0.076699
17651094;-0.088971
17652077;-0.082835
17653078;-0.090505
17654077;-0.067495
17655078;-0.050621
17656077;-0.062893
17657078;-0.039884
17658077;-0.076699
17659078;-0.019942
17660076;-0.062893
17661089;-0.030680
17662094;-0.007670
17663079;-0.003068
17664077;-0.018408
17665079;-0.033748
17666079;0.006136
17667079;-0.006136
17668078;0.009204
17669080;0.013806
17670078;0.001534
17671080;0.026078
17672092;0.023010
17673077;0.059825
17674081;0.049087
17675078;0.082835
17676076;0.036816
17677077;0.073631
17678081;0.049087
17679077;0.085903
17680081;0.108913
17681077;0.062893
17682110;0.107379
17683077;0.076699
17684078;0.128854
17685077;0.092039
17686078;0.138058
17687076;0.131922
17688077;0.107379
17689076;0.133456
17690078;0.141126
17691077;0.171806
17692078;0.154932
17693092;0.182544
17694078;0.159534
17695076;0.171806
17696078;0.190214
17697078;0.177942
17698077;0.205553
17699079;0.165670
17700077;0.200951
17701078;0.171806
17702077;0.205553
17703092;0.219359
17704079;0.211689
17705080;0.208621
17706078;0.181010
17707080;0.213223
17708078;0.181010
17709080;0.217825
17710077;0.194816
17711078;0.065961
17712077;0.179476
17713092;0.177942
17714079;0.205553
17715081;0.202485
17716079;0.207087
17717079;0.151864
17718077;0.185612
17719078;0.150330
17720077;0.177942
17721078;0.188680
17722077;0.162602
17723090;0.208621
17724081;0.115049
17725079;0.133456
17726080;0.139592
17727077;0.127320
17728077;0.121184
17729081;0.110447
17730077;0.108913
17731081;0.093573
17732077;0.113515
17733094;0.081301
17734079;0.108913
17735077;0.052155
17736078;0.075165
17737081;0.087437
17738077;0.070563
17739081;0.070563
17740077;0.018408
17741081;0.039884
17742077;0.010738
17743080;0.033748
17744093;0.039884
17745080;0.027612
17746080;0.015340
17747078;-0.024544
17748079;0.009204
17749077;-0.024544
17750078;0.006136
17751077;-0.016874
17752078;-0.047553
17753081;-0.041417
17754090;-0.038350
17755081;-0.013806
17756079;-0.039884
17757079;-0.026078
17758077;-0.084369
17759079;-0.062893
17760077;-0.092039
17761078;-0.050621
17762077;-0.047553
17763078;-0.095107
17764098;-0.053689
17765078;-0.101243
17766077;-0.067495
17767078;-0.087437
17768077;-0.052155
17769078;-0.070563
17770077;-0.092039
17771078;-0.093573
17772077;-0.078233
17773081;-0.062893
17774079;-0.081301
17775089;-0.056757
17776077;-0.092039
17777078;-0.075165
17778076;-0.053689
17779077;-0.067495
17780080;-0.052155
17781076;-0.093573
17782080;-0.056757
17783081;-0.085903
17784079;-0.039884
17785093;-0.046019
17786076;-0.030680
17787077;-0.044485
17788080;-0.064427
17789076;-0.021476
17790080;-0.042951
17791081;-0.009204
17792079;-0.049087
17793080;-0.023010
17794079;-0.035282
17795080;-0.010738
17796094;0.016874
17797077;0.006136
17798077;0.019942
17799081;-0.015340
17800077;0.013806
17801080;-0.003068
17802076;0.046019
17803080;0.047553
17804080;0.018408
17805079;0.050621
17806094;0.036816
17807076;0.070563
17808077;0.058291
17809080;0.076699
17810076;0.072097
17811080;0.061359
17812081;0.062893
17813079;0.092039
17814080;0.116583
17815079;0.088971
17816091;0.130388
17817079;0.088971
17818080;0.128854
17819078;0.145728
17820079;0.138058
17821077;0.147262
17822079;0.115049
17823077;0.133456
17824078;0.131922
17825076;0.170272
17826078;0.158000
17827094;0.181010
17828077;0.148796
17829078;0.156466
17830076;0.171806
17831077;0.158000
17832080;0.190214
17833076;0.170272
17834080;0.185612
17835076;0.161068
17836079;0.173340
17837080;0.187146
17838091;0.170272
17839080;0.179476
17840081;0.125786
17841079;0.165670
17842080;0.122718
17843079;0.162602
17844079;0.145728
17845078;0.113515
17846079;0.121184
17847077;0.101243
17848091;0.133456
17849079;0.111981
17850080;0.128854
17851079;0.087437
17852080;0.093573
17853078;0.065961
17854079;0.093573
17855078;0.095107
17856079;0.056757
17857077;0.084369
17858078;0.032214
17859090;0.059825
17860077;0.056757
17861078;0.030680
17862077;0.035282
17863078;0.000000
17864076;0.007670
17865077;-0.012272
17866079;0.021476
17867077;-0.001534
17868078;0.004602
17869092;-0.029146
17870076;-0.039884
17871081;-0.007670
17872081;-0.030680
17873080;-0.026078
17874081;-0.084369
17875080;-0.058291
17876081;-0.095107
17877080;-0.064427
17878081;-0.067495
17879094;-0.064427
17880077;-0.070563
17881078;-0.122718
17882077;-0.087437
17883078;-0.125786
17884077;-0.092039
17885078;-0.111981
17886077;-0.138058
17887077;-0.128854
17888081;-0.122718
17889077;-0.107379
17890090;-0.128854
17891081;-0.115049
17892079;-0.151864
17893081;-0.136524
17894079;-0.167204
17895080;-0.122718
17896079;-0.134990
17897080;-0.171806
17898079;-0.136524
17899080;-0.174874
17900094;-0.141126
17901079;-0.145728
17902078;-0.113515
17903079;-0.158000
17904078;-0.181010
17905080;-0.161068
17906079;-0.171806
17907078;-0.128854
17908077;-0.148796
17909078;-0.131922
17910077;-0.177942
17911092;-0.139592
17912078;-0.124252
17913077;-0.130388
17914077;-0.124252
17915077;-0.167204
17916078;-0.133456
17917077;-0.156466
17918077;-0.119651
17919081;-0.108913
17920077;-0.098175
17921092;-0.124252
17922092;-0.139592
17923078;-0.095107
17924076;-0.107379
17925077;-0.088971
17926081;-0.124252
17927076;-0.098175
17928081;-0.113515
17929081;-0.079767
17930080;-0.075165
17931076;-0.075165
17932090;-0.062893
17933081;-0.090505
17934080;-0.050621
17935081;-0.093573
17936080;-0.062893
17937081;-0.035282
17938080;-0.047553
17939077;-0.033748
17940080;-0.035282
17941081;0.007670
17942092;-0.016874
17943077;0.003068
17944081;-0.001534
17945077;-0.018408
17946081;-0.021476
17947077;0.018408
17948081;0.042951
17949077;0.019942
17950081;0.053689
17951077;0.009204
17952131;0.056757
17953077;0.078233
17954078;0.079767
17955077;0.096641
17956078;0.042951
17957076;0.090505
17958077;0.055223
17959077;0.096641
17960081;0.092039
17961077;0.113515
17962080;0.099709
17963094;0.107379
17964077;0.125786
17965078;0.122718
17966077;0.141126
17967077;0.121184
17968080;0.122718
17969081;0.124252
17970079;0.147262
17971081;0.162602
17972079;0.158000
17973090;0.162602
17974081;0.127320
17975079;0.158000
17976080;0.128854
17977077;0.150330
17978077;0.156466
17979081;0.125786
17980077;0.148796
17981081;0.138058
17982077;0.168738
17983081;0.145728
17984093;0.176408
17985080;0.136524
17986080;0.136524
17987078;0.122718
17988079;0.147262
17989077;0.162602
17990078;0.124252
17991077;0.138058
17992078;0.101243
17993081;0.133456
17994093;0.133456
17995079;0.128854
17996077;0.121184
17997078;0.092039
17998077;0.111981
17999078;0.082835
18000077;0.102777
18001078;0.090505
18002077;0.102777
18003078;0.062893
18004160;0.081301
18005081;0.082835
18006080;0.075165
18007081;0.070563
18008078;0.030680
18009080;0.039884
18010078;0.012272
18011079;0.038350
18012077;0.023010
18013079;0.009204
18014077;0.012272
18015094;-0.024544
18016077;-0.001534
18017077;-0.033748
18018081;0.006136
18019077;-0.013806
18020080;-0.049087
18021081;-0.023010
18022079;-0.030680
18023080;-0.018408
18024078;-0.047553
18025092;-0.027612
18026078;-0.065961
18027077;-0.049087
18028078;-0.090505
18029077;-0.061359
18030078;-0.050621
18031077;-0.093573
18032078;-0.062893
18033077;-0.104311
18034078;-0.064427
18035079;-0.072097
18036091;-0.064427
18037079;-0.075165
18038080;-0.113515
18039078;-0.070563
18040079;-0.107379
18041077;-0.087437
18042078;-0.092039
18043077;-0.087437
18044078;-0.116583
18045076;-0.079767
18046093;-0.075165
18047081;-0.082835
18048077;-0.076699
18049080;-0.115049
18050076;-0.082835
18051080;-0.110447
18052081;-0.088971
18053079;-0.076699
18054080;-0.067495
18055078;-0.085903
18056091;-0.095107
18057078;-0.055223
18058079;-0.067495
18059078;-0.047553
18060079;-0.070563
18061077;-0.062893
18062078;-0.072097
18063076;-0.055223
18064078;-0.033748
18065076;-0.053689
18066088;-0.021476
18067089;-0.055223
18068077;-0.023010
18069079;-0.049087
18070077;-0.007670
18071078;-0.001534
18072076;-0.052155
18073077;-0.001534
18074081;-0.024544
18075077;0.016874
18076080;0.016874
18077092;0.039884
18078080;0.027612
18079076;0.009204
18080079;0.053689
18081081;0.036816
18082079;0.070563
18083080;0.044485
18084078;0.081301
18085079;0.044485
18086078;0.081301
18087090;0.101243
18088077;0.096641
18089079;0.101243
18090077;0.075165
18091078;0.107379
18092076;0.082835
18093077;0.121184
18094080;0.127320
18095076;0.131922
18096079;0.111981
18097089;0.095107
18098080;0.141126
18099079;0.141126
18100080;0.154932
18101078;0.131922
18102079;0.133456
18103078;0.118117
18104079;0.148796
18105077;0.168738
18106078;0.130388
18107076;0.165670
18108094;0.121184
18109079;0.151864
18110078;0.119651
18111079;0.156466
18112077;0.150330
18113078;0.119651
18114076;0.133456
18115077;0.122718
18116081;0.153398
18117077;0.159534
18118080;0.154932
18119093;0.104311
18120078;0.118117
18121076;0.158000
18122077;0.122718
18123081;0.127320
18124077;0.084369
18125080;0.105845
18126076;0.075165
18127079;0.099709
18128078;0.108913
18129080;0.104311
18130094;0.069029
18131079;0.050621
18132078;0.082835
18133079;0.049087
18134078;0.073631
18135080;0.050621
18136079;0.067495
18137079;0.032214
18138078;0.018408
18139080;0.046019
18140092;0.030680
18141077;0.041417
18142081;-0.006136
18143077;0.018408
18144081;-0.023010
18145077;0.009204
18146081;0.010738
18147077;-0.039884
18148081;-0.015340
18149077;-0.016874
18150094;-0.026078
18151077;-0.033748
18152078;-0.001534
18153077;-0.056757
18154078;-0.070563
18155077;-0.052155
18156078;-0.073631
18157076;-0.036816
18158077;-0.062893
18159076;-0.044485
18160078;-0.092039
18161090;-0.064427
18162080;-0.053689
18163080;-0.072097
18164081;-0.056757
18165081;-0.098175
18166081;-0.075165
18167080;-0.105845
18168081;-0.070563
18169081;-0.073631
18170081;-0.067495
18171094;-0.079767
18172077;-0.107379
18173078;-0.067495
18174077;-0.079767
18175077;-0.064427
18176077;-0.090505
18177077;-0.056757
18178077;-0.092039
18179078;-0.073631
18180076;-0.058291
18181094;-0.064427
18182077;-0.047553
18183078;-0.101243
18184077;-0.058291
18185078;-0.090505
18186077;-0.039884
18187078;-0.042951
18188077;-0.084369
18189078;-0.053689
18190077;-0.067495
18191078;-0.024544
18192094;-0.046019
18193078;-0.009204
18194077;-0.029146
18195078;-0.015340
18196077;-0.041417
18197077;-0.012272
18198081;-0.004602
18199081;0.003068
18200081;0.001534
18201081;-0.018408
18202090;0.019942
18203081;0.041417
18204079;0.038350
18205081;0.070563
18206079;0.009204
18207080;0.038350
18208078;0.036816
18209080;0.073631
18210079;0.053689
18211080;0.090505
18212092;0.067495
18213077;0.062893
18214081;0.101243
18215077;0.079767
18216081;0.108913
18217076;0.069029
18218080;0.124252
18219076;0.076699
18220080;0.113515
18221077;0.119651
18222092;0.121184
18223078;0.133456
18224081;0.092039
18225077;0.133456
18226081;0.098175
18227077;0.141126
18228081;0.127320
18229077;0.105845
18230080;0.124252
18231081;0.119651
18232140;0.144194
18233078;0.133456
18234081;0.147262
18235077;0.102777
18236081;0.104311
18237081;0.113515
18238079;0.133456
18239079;0.145728
18240078;0.099709
18241079;0.125786
18242078;0.084369
18243094;0.121184
18244081;0.115049
18245077;0.119651
18246081;0.124252
18247077;0.079767
18248080;0.084369
18249081;0.067495
18250079;0.101243
18251081;0.076699
18252079;0.062893
18253092;0.061359
18254080;0.073631
18255081;0.049087
18256078;0.084369
18257079;0.056757
18258077;0.010738
18259080;0.055223
18260077;0.006136
18261078;0.030680
18262077;0.033748
18263093;0.033748
18264079;0.029146
18265081;-0.024544
18266077;0.007670
18267081;-0.018408
18268081;0.006136
18269080;-0.012272
18270080;-0.053689
18271078;-0.039884
18272079;-0.023010
18273077;-0.027612
18274093;-0.030680
18275081;-0.019942
18276081;-0.067495
18277079;-0.042951
18278081;-0.078233
18279079;-0.042951
18280080;-0.038350
18281078;-0.090505
18282079;-0.041417
18283078;-0.090505
18284093;-0.027612
18285081;-0.062893
18286077;-0.052155
18287080;-0.075165
18288080;-0.101243
18289078;-0.098175
18290079;-0.072097
18291078;-0.052155
18292079;-0.076699
18293078;-0.059825
18294092;-0.102777
18295080;-0.072097
18296081;-0.046019
18297076;-0.062893
18298077;-0.056757
18299081;-0.096641
18300076;-0.046019
18301080;-0.088971
18302081;-0.052155
18303079;-0.059825
18304080;-0.042951
18305094;-0.067495
18306077;-0.073631
18307078;-0.033748
18308076;-0.038350
18309078;-0.046019
18310076;-0.032214
18311077;-0.055223
18312080;-0.055223
18313076;-0.013806
18314080;-0.004602
18315090;-0.006136
18316078;0.001534
18317078;-0.032214
18318076;0.007670
18319078;-0.023010
18320076;0.012272
18321077;0.023010
18322081;0.004602
18323077;0.023010
18324080;0.035282
18325092;0.058291
18326079;0.047553
18327080;0.076699
18328078;0.046019
18329079;0.064427
18330077;0.041417
18331079;0.087437
18332077;0.101243
18333078;0.056757
18334076;0.108913
18335077;0.069029
18336093;0.108913
18337081;0.104311
18338077;0.113515
18339080;0.108913
18340076;0.093573
18341080;0.116583
18342080;0.116583
18343079;0.141126
18344080;0.125786
18345078;0.150330
18346092;0.133456
18347080;0.125786
18348076;0.156466
18349079;0.131922
18350080;0.158000
18351078;0.118117
18352080;0.148796
18353078;0.104311
18354079;0.141126
18355077;0.145728
18356094;0.131922
18357079;0.131922
18358077;0.115049
18359079;0.108913
18360077;0.122718
18361078;0.108913
18362076;0.119651
18363078;0.058291
18364076;0.087437
18365077;0.095107
18366080;0.101243
18367092;0.078233
18368080;0.093573
18369081;0.059825
18370079;0.070563
18371080;0.018408
18372079;0.059825
18373080;0.058291
18374078;0.015340
18375079;0.027612
18376077;-0.001534
18377078;0.033748
18378089;0.035282
18379078;0.021476
18380079;-0.004602
18381077;-0.015340
18382078;-0.033748
18383076;-0.023010
18384077;-0.012272
18385081;-0.044485
18386077;-0.019942
18387080;-0.053689
18388091;-0.052155
18389080;-0.046019
18390081;-0.062893
18391081;-0.062893
18392081;-0.107379
18393081;-0.079767
18394081;-0.130388
18395077;-0.070563
18396080;-0.107379
18397081;-0.088971
18398090;-0.113515
18399080;-0.147262
18400079;-0.111981
18401080;-0.128854
18402079;-0.110447
18403080;-0.145728
18404078;-0.150330
18405079;-0.161068
18406079;-0.145728
18407079;-0.131922
18408091;-0.164136
18409079;-0.142660
18410079;-0.184078
18411079;-0.151864
18412080;-0.190214
18413078;-0.150330
18414080;-0.161068
18415078;-0.193282
18416080;-0.168738
18417079;-0.187146
18418092;-0.159534
18419081;-0.167204
18420076;-0.150330
18421081;-0.176408
18422081;-0.174874
18423081;-0.199418
18424081;-0.171806
18425080;-0.154932
18426081;-0.182544
18427080;-0.156466
18428081;-0.199418
18429094;-0.164136
18430077;-0.142660
18431078;-0.159534
18432077;-0.161068
18433078;-0.184078
18434077;-0.151864
18435078;-0.174874
18436077;-0.141126
18437077;-0.156466
18438076;-0.130388
18439120;-0.156466
18440077;-0.164136
18441078;-0.125786
18442077;-0.142660
18443079;-0.115049
18444077;-0.159534
18445077;-0.125786
18446076;-0.147262
18447077;-0.119651
18448081;-0.107379
18449089;-0.145728
18450094;-0.098175
18451079;-0.133456
18452078;-0.099709
18453079;-0.127320
18454077;-0.079767
18455078;-0.082835
18456077;-0.113515
18457078;-0.090505
18458076;-0.087437
18459078;-0.036816
18460090;-0.069029
18461081;-0.039884
18462081;-0.039884
18463081;-0.041417
18464080;-0.047553
18465081;-0.016874
18466080;-0.032214
18467081;-0.032214
18468080;-0.029146
18469081;-0.044485
18470092;0.006136
18471080;0.013806
18472081;0.021476
18473080;0.016874
18474081;-0.015340
18475080;0.030680
18476081;0.013806
18477080;0.055223
18478081;0.023010
18479080;0.058291
18480094;0.035282
18481077;0.067495
18482077;0.085903
18483077;0.082835
18484081;0.101243
18485077;0.073631
18486081;0.088971
18487081;0.072097
18488079;0.107379
18489079;0.118117
18490078;0.084369
18491093;0.121184
18492080;0.092039
18493081;0.138058
18494079;0.118117
18495080;0.131922
18496077;0.128854
18497078;0.141126
18498077;0.130388
18499079;0.141126
18500077;0.168738
18501092;0.145728
18502077;0.170272
18503081;0.128854
18504081;0.141126
18505080;0.127320
18506081;0.165670
18507079;0.165670
18508080;0.122718
18509078;0.151864
18510080;0.124252
18511078;0.162602
18512092;0.142660
18513080;0.159534
18514081;0.136524
18515079;0.116583
18516081;0.148796
18517079;0.128854
18518080;0.138058
18519078;0.098175
18520079;0.133456
18521077;0.079767
18522078;0.118117
18523093;0.115049
18524080;0.110447
18525080;0.101243
18526078;0.065961
18527078;0.095107
18528077;0.055223
18529078;0.095107
18530077;0.072097
18531078;0.039884
18532077;0.061359
18533078;0.049087
18534094;0.067495
18535077;0.055223
18536078;0.072097
18537081;0.030680
18538077;0.030680
18539081;0.013806
18540077;0.030680
18541080;0.038350
18542081;-0.013806
18543079;0.016874
18544091;-0.009204
18545090;0.006136
18546077;-0.029146
18547078;-0.006136
18548077;0.003068
18549078;-0.033748
18550077;-0.013806
18551078;-0.036816
18552077;0.003068
18553078;-0.019942
18554077;0.001534
18555093;-0.018408
18556079;-0.024544
18557081;0.004602
18558078;-0.019942
18559077;-0.012272
18560076;-0.049087
18561077;-0.019942
18562080;-0.055223
18563076;-0.016874
18564080;-0.013806
18565091;-0.024544
18566079;-0.018408
18567080;-0.032214
18568078;-0.007670
18569079;-0.015340
18570077;-0.009204
18571078;-0.019942
18572080;0.006136
18573076;0.006136
18574079;-0.004602
18575091;0.021476
18576076;0.010738
18577080;0.030680
18578080;-0.013806
18579079;0.024544
18580080;0.000000
18581078;0.033748
18582079;0.050621
18583078;0.009204
18584079;0.049087
18585094;0.019942
18586079;0.070563
18587078;0.044485
18588079;0.079767
18589077;0.065961
18590078;0.049087
18591077;0.075165
18592078;0.079767
18593076;0.108913
18594077;0.096641
18595081;0.121184
18596091;0.084369
18597078;0.119651
18598079;0.139592
18599078;0.144194
18600079;0.150330
18601077;0.124252
18602078;0.150330
18603077;0.119651
18604078;0.156466
18605076;0.145728
18606093;0.168738
18607076;0.153398
18608077;0.131922
18609081;0.208621
18610077;0.141126
18611081;0.181010
18612076;0.142660
18613080;0.136524
18614080;0.158000
18615079;0.158000
18616093;0.171806
18617080;0.171806
18618076;0.185612
18619079;0.133456
18620081;0.161068
18621079;0.124252
18622080;0.158000
18623078;0.170272
18624079;0.122718
18625077;0.150330
18626094;0.113515
18627080;0.139592
18628078;0.104311
18629079;0.128854
18630078;0.108913
18631079;0.082835
18632077;0.096641
18633078;0.084369
18634076;0.102777
18635077;0.087437
18636080;0.102777
18637093;0.064427
18638081;0.050621
18639077;0.079767
18640080;0.055223
18641076;0.067495
18642079;0.035282
18643081;0.059825
18644079;0.001534
18645080;0.023010
18646078;0.032214
18647093;0.021476
18648076;0.000000
18649077;-0.033748
18650081;-0.003068
18651077;-0.052155
18652080;-0.018408
18653079;-0.026078
18654080;-0.073631
18655079;-0.055223
18656080;-0.062893
18657094;-0.042951
18658078;-0.096641
18659078;-0.050621
18660078;-0.079767
18661077;-0.085903
18662077;-0.111981
18663077;-0.090505
18664078;-0.079767
18665077;-0.118117
18666078;-0.088971
18667090;-0.139592
18668081;-0.116583
18669080;-0.156466
18670081;-0.122718
18671080;-0.119651
18672081;-0.153398
18673080;-0.156466
18674081;-0.161068
18675080;-0.153398
18676081;-0.111981
18677079;-0.128854
18678092;-0.156466
18679077;-0.182544
18680077;-0.142660
18681078;-0.177942
18682077;-0.150330
18683079;-0.170272
18684077;-0.148796
18685078;-0.173340
18686077;-0.165670
18687078;-0.147262
18688094;-0.154932
18689079;-0.154932
18690079;-0.202485
18691080;-0.153398
18692078;-0.193282
18693080;-0.158000
18694078;-0.148796
18695080;-0.193282
18696079;-0.154932
18697079;-0.182544
18698090;-0.144194
18699081;-0.177942
18700080;-0.141126
18701081;-0.144194
18702081;-0.168738
18703081;-0.158000
18704079;-0.148796
18705081;-0.141126
18706079;-0.136524
18707080;-0.119651
18708091;-0.139592
18709093;-0.124252
18710078;-0.156466
18711077;-0.111981
18712078;-0.105845
18713077;-0.133456
18714078;-0.107379
18715077;-0.136524
18716078;-0.090505
18717076;-0.076699
18718077;-0.078233
18719092;-0.072097
18720076;-0.107379
18721080;-0.065961
18722081;-0.098175
18723080;-0.062893
18724081;-0.062893
18725080;-0.039884
18726081;-0.055223
18727080;-0.042951
18728081;-0.021476
18729142;-0.055223
18730077;-0.009204
18731079;-0.041417
18732077;-0.015340
18733078;-0.041417
18734077;-0.004602
18735078;0.021476
18736077;-0.010738
18737077;0.029146
18738081;-0.013806
18739078;0.039884
18740090;0.001534
18741081;0.047553
18742081;0.047553
18743081;0.033748
18744081;0.058291
18745081;0.042951
18746077;0.082835
18747081;0.072097
18748077;0.101243
18749081;0.088971
18750090;0.076699
18751078;0.078233
18752079;0.104311
18753077;0.138058
18754078;0.111981
18755077;0.145728
18756078;0.108913
18757077;0.130388
18758077;0.159534
18759081;0.142660
18760093;0.162602
18761078;0.128854
18762077;0.161068
18763079;0.128854
18764077;0.170272
18765078;0.176408
18766077;0.150330
18767078;0.145728
18768076;0.138058
18769078;0.188680
18770155;0.141126
18771081;0.177942
18772079;0.148796
18773080;0.133456
18774078;0.154932
18775079;0.153398
18776077;0.170272
18777078;0.147262
18778076;0.142660
18779079;0.148796
18780077;0.136524
18781093;0.128854
18782079;0.139592
18783080;0.115049
18784078;0.096641
18785080;0.139592
18786078;0.090505
18787080;0.128854
18788078;0.127320
18789080;0.121184
18790077;0.087437
18791091;0.070563
18792078;0.072097
18793079;0.070563
18794077;0.101243
18795079;0.073631
18796077;0.092039
18797078;0.050621
18798077;0.018408
18799078;0.065961
18800077;0.055223
18801091;0.058291
18802077;0.026078
18803081;0.032214
18804077;0.000000
18805081;0.027612
18806077;0.033748
18807080;0.015340
18808081;0.015340
18809079;-0.023010
18810080;0.009204
18811078;-0.033748
18812091;0.006136
18813078;-0.013806
18814079;-0.030680
18815078;-0.023010
18816080;-0.042951
18817077;-0.006136
18818077;-0.032214
18819081;-0.012272
18820077;-0.035282
18821078;-0.056757
18822094;-0.056757
18823077;-0.030680
18824078;-0.019942
18825076;-0.070563
18826078;-0.019942
18827076;-0.070563
18828077;-0.038350
18829081;-0.021476
18830077;-0.050621
18831080;-0.032214
18832092;-0.072097
18833079;-0.039884
18834081;-0.059825
18835079;-0.027612
18836080;-0.029146
18837078;-0.018408
18838079;-0.033748
18839077;-0.046019
18840078;-0.003068
18841076;-0.015340
18842077;-0.001534
18843090;-0.035282
18844078;-0.023010
18845079;-0.021476
18846077;-0.004602
18847078;0.023010
18848076;0.018408
18849078;0.032214
18850076;-0.007670
18851078;0.021476
18852076;0.000000
18853093;0.042951
18854078;0.059825
18855077;0.021476
18856078;0.055223
18857076;0.039884
18858077;0.078233
18859081;0.075165
18860077;0.085903
18861080;0.072097
18862076;0.070563
18863090;0.075165
18864080;0.098175
18865079;0.125786
18866080;0.096641
18867078;0.138058
18868079;0.098175
18869078;0.136524
18870079;0.158000
18871077;0.144194
18872078;0.142660
18873077;0.127320
18874090;0.145728
18875079;0.125786
18876080;0.168738
18877077;0.158000
18878078;0.171806
18879077;0.162602
18880078;0.144194
18881076;0.177942
18882077;0.188680
18883076;0.156466
18884093;0.162602
18885076;0.168738
18886077;0.151864
18887080;0.173340
18888081;0.158000
18889079;0.167204
18890081;0.167204
18891079;0.125786
18892080;0.158000
18893078;0.122718
18894091;0.153398
18895076;0.148796
18896080;0.107379
18897080;0.125786
18898078;0.098175
18899080;0.131922
18900078;0.111981
18901079;0.122718
18902077;0.092039
18903078;0.079767
18904085;0.084369
18905090;0.085903
18906078;0.102777
18907079;0.062893
18908077;0.099709
18909079;0.033748
18910077;0.067495
18911078;0.072097
18912076;0.052155
18913078;0.047553
18914076;-0.003068
18915094;0.033748
18916076;-0.012272
18917077;0.018408
18918080;0.006136
18919076;0.010738
18920080;-0.010738
18921081;-0.049087
18922081;-0.006136
18923077;-0.023010
18924080;-0.018408
18925081;-0.050621
18926090;-0.047553
18927080;-0.081301
18928079;-0.055223
18929081;-0.046019
18930079;-0.062893
18931081;-0.062893
18932080;-0.101243
18933081;-0.079767
18934081;-0.108913
18935081;-0.076699
18936091;-0.088971
18937078;-0.122718
18938079;-0.108913
18939079;-0.104311
18940079;-0.092039
18941078;-0.105845
18942079;-0.101243
18943078;-0.116583
18944080;-0.122718
18945079;-0.133456
18946079;-0.125786
18947092;-0.102777
18948076;-0.133456
18949081;-0.101243
18950081;-0.145728
18951081;-0.111981
18952081;-0.105845
18953080;-0.111981
18954081;-0.124252
18955080;-0.134990
18956081;-0.118117
18957158;-0.134990
18958077;-0.085903
18959077;-0.108913
18960076;-0.092039
18961078;-0.119651
18962077;-0.102777
18963078;-0.082835
18964077;-0.102777
18965077;-0.081301
18966076;-0.101243
18967077;-0.090505
18968092;-0.122718
18969077;-0.085903
18970076;-0.062893
18971077;-0.064427
18972076;-0.053689
18973078;-0.104311
18974077;-0.056757
18975078;-0.098175
18976077;-0.046019
18977078;-0.052155
18978093;-0.076699
18979078;-0.053689
18980077;-0.055223
18981078;-0.012272
18982077;-0.035282
18983078;0.000000
18984076;-0.041417
18985078;-0.013806
18986077;-0.029146
18987078;0.004602
18988077;0.016874
18989092;0.010738
18990078;0.015340
18991077;0.015340
18992078;0.035282
18993077;0.047553
18994078;0.053689
18995077;0.059825
18996078;0.036816
18997081;0.061359
18998077;0.046019
18999090;0.095107
19000081;0.085903
19001081;0.125786
19002081;0.099709
19003080;0.092039
19004081;0.113515
19005081;0.095107
19006081;0.138058
19007080;0.099709
19008077;0.118117
19009104;0.101243
19010079;0.131922
19011077;0.156466
19012078;0.144194
19013077;0.153398
19014078;0.108913
19015077;0.150330
19016078;0.125786
19017081;0.156466
19018077;0.154932
19019081;0.121184
19020090;0.142660
19021077;0.118117
19022078;0.156466
19023077;0.139592
19024078;0.158000
19025077;0.127320
19026078;0.124252
19027077;0.111981
19028078;0.128854
19029077;0.144194
19030078;0.105845
19031092;0.144194
19032080;0.082835
19033080;0.124252
19034078;0.125786
19035080;0.095107
19036077;0.098175
19037078;0.065961
19038077;0.081301
19039078;0.055223
19040077;0.092039
19041093;0.070563
19042081;0.079767
19043077;0.035282
19044080;0.035282
19045081;0.067495
19046079;0.055223
19047080;0.059825
19048077;0.010738
19049078;0.019942
19050077;-0.015340
19051092;0.021476
19052078;0.032214
19053079;0.013806
19054077;0.012272
19055079;-0.036816
19056081;0.001534
19057077;-0.039884
19058080;-0.006136
19059081;-0.027612
19060079;-0.058291
19061093;-0.053689
19062079;-0.052155
19063081;-0.030680
19064077;-0.056757
19065081;-0.049087
19066077;-0.062893
19067081;-0.064427
19068077;-0.092039
19069081;-0.062893
19070081;-0.053689
19071079;-0.105845
19072092;-0.069029
19073079;-0.105845
19074080;-0.078233
19075078;-0.070563
19076079;-0.076699
19077077;-0.078233
19078078;-0.119651
19079077;-0.090505
19080079;-0.098175
19081077;-0.082835
19082092;-0.085903
19083077;-0.104311
19084078;-0.115049
19085076;-0.111981
19086077;-0.076699
19087080;-0.092039
19088081;-0.079767
19089079;-0.122718
19090080;-0.090505
19091079;-0.116583
19092090;-0.084369
19093081;-0.096641
19094079;-0.084369
19095080;-0.079767
19096079;-0.085903
19097079;-0.087437
19098077;-0.099709
19099079;-0.055223
19100077;-0.081301
19101078;-0.096641
19102076;-0.078233
19103090;-0.067495
19104078;-0.039884
19105080;-0.050621
19106078;0.076699
19107079;-0.059825
19108077;-0.041417
19109078;-0.049087
19110076;-0.018408
19111078;-0.009204
19112076;-0.024544
19113094;-0.010738
19114079;-0.033748
19115078;0.016874
19116079;0.015340
19117077;0.033748
19118077;0.023010
19119076;0.006136
19120077;0.010738
19121081;0.018408
19122077;0.061359
19123080;0.042951
19124091;0.081301
19125079;0.050621
19126080;0.059825
19127078;0.110447
19128079;0.067495
19129077;0.108913
19130078;0.069029
19131077;0.099709
19132077;0.070563
19133076;0.098175
19134092;0.108913
19135078;0.121184
19136076;0.118117
19137077;0.096641
19138080;0.164136
19139077;0.115049
19140080;0.150330
19141076;0.136524
19142079;0.113515
19143080;0.133456
19144079;0.147262
19145090;0.159534
19146078;0.151864
19147079;0.173340
19148077;0.151864
19149079;0.147262
19150077;0.131922
19151078;0.167204
19152076;0.177942
19153077;0.131922
19154081;0.162602
19155092;0.128854
19156080;0.158000
19157081;0.156466
19158079;0.162602
19159080;0.148796
19160079;0.115049
19161080;0.131922
19162078;0.147262
19163079;0.144194
19164077;0.121184
19165094;0.144194
19166079;0.105845
19167077;0.116583
19168078;0.122718
19169076;0.122718
19170077;0.116583
19171080;0.070563
19172076;0.093573
19173080;0.058291
19174081;0.088971
19175105;0.075165
19176080;0.082835
19177081;0.062893
19178080;0.030680
19179076;0.058291
19180080;0.033748
19181081;0.039884
19182080;0.026078
19183081;0.032214
19184081;0.016874
19185081;0.000000
19186094;0.027612
19187079;-0.007670
19188078;0.019942
19189080;-0.016874
19190078;-0.003068
19191080;-0.042951
19192078;-0.013806
19193080;-0.007670
19194079;-0.056757
19195079;-0.027612
19196092;-0.069029
19197076;-0.013806
19198080;-0.062893
19199076;-0.052155
19200080;-0.032214
19201081;-0.029146
19202080;-0.085903
19203076;-0.033748
19204081;-0.069029
19205081;-0.075165
19206092;-0.047553
19207080;-0.098175
19208081;-0.067495
19209079;-0.055223
19210080;-0.072097
19211079;-0.058291
19212080;-0.108913
19213079;-0.078233
19214080;-0.104311
19215079;-0.064427
19216090;-0.072097
19217078;-0.064427
19218078;-0.082835
19219078;-0.101243
19220079;-0.046019
19221077;-0.084369
19222078;-0.062893
19223077;-0.075165
19224078;-0.082835
19225076;-0.082835
19226078;-0.067495
19227091;-0.039884
19228078;-0.065961
19229080;-0.032214
19230078;-0.084369
19231080;-0.042951
19232078;-0.067495
19233080;-0.026078
19234079;-0.026078
19235079;-0.046019
19236079;-0.013806
19237092;-0.042951
19238080;0.003068
19239081;0.004602
19240081;0.018408
19241081;0.010738
19242079;-0.013806
19243081;0.016874
19244080;0.019942
19245081;0.050621
19246080;0.038350
19247081;0.058291
19248094;0.027612
19249079;0.059825
19250079;0.082835
19251080;0.082835
19252078;0.088971
19253080;0.056757
19254078;0.098175
19255080;0.070563
19256079;0.095107
19257078;0.110447
19258091;0.119651
19259077;0.119651
19260080;0.108913
19261081;0.131922
19262080;0.128854
19263081;0.156466
19264081;0.133456
19265081;0.108913
19266079;0.127320
19267080;0.153398
19268090;0.165670
19269078;0.124252
19270081;0.156466
19271077;0.122718
19272081;0.150330
19273077;0.121184
19274081;0.156466
19275077;0.165670
19276080;0.119651
19277081;0.145728
19278091;0.119651
19279095;0.153398
19280077;0.127320
19281078;0.153398
19282077;0.118117
19283079;0.101243
19284081;0.122718
19285077;0.119651
19286081;0.156466
19287077;0.085903
19288080;0.130388
19289093;0.078233
19290081;0.105845
19291077;0.115049
19292080;0.104311
19293081;0.101243
19294079;0.055223
19295080;0.078233
19296078;0.052155
19297079;0.064427
19298077;0.059825
19299092;0.079767
19300078;0.053689
19301080;0.018408
19302078;0.052155
19303079;0.033748
19304078;0.015340
19305080;-0.006136
19306077;-0.001534
19307078;-0.010738
19308077;0.036816
19309093;0.000000
19310078;0.007670
19311081;0.003068
19312077;-0.042951
19313081;-0.013806
19314077;-0.050621
19315081;-0.030680
19316077;-0.027612
19317079;-0.073631
19318081;-0.047553
19319079;-0.082835
19320093;-0.042951
19321081;-0.058291
19322077;-0.052155
19323081;-0.078233
19324077;-0.082835
19325081;-0.096641
19326077;-0.085903
19327081;-0.069029
19328081;-0.090505
19329079;-0.070563
19330094;-0.102777
19331077;-0.092039
19332078;-0.087437
19333081;-0.096641
19334077;-0.093573
19335081;-0.128854
19336077;-0.098175
19337080;-0.116583
19338081;-0.113515
19339079;-0.111981
19340090;-0.082835
19341080;-0.108913
19342078;-0.128854
19343079;-0.095107
19344077;-0.102777
19345078;-0.085903
19346077;-0.121184
19347078;-0.104311
19348076;-0.147262
19349078;-0.099709
19350081;-0.065961
19351094;-0.121184
19352076;-0.081301
19353077;-0.122718
19354080;-0.082835
19355077;-0.113515
19356080;-0.076699
19357081;-0.075165
19358079;-0.113515
19359080;-0.072097
19360078;-0.099709
19361091;-0.033748
19362076;-0.069029
19363080;-0.052155
19364080;-0.059825
19365079;-0.079767
19366080;-0.078233
19367078;-0.039884
19368078;-0.019942
19369077;-0.030680
19370078;-0.010738
19371077;-0.053689
19372089;-0.013806
19373077;0.004602
19374078;0.003068
19375077;0.012272
19376078;-0.019942
19377081;0.018408
19378077;-0.009204
19379081;0.039884
19380076;0.038350
19381080;0.058291
19382091;0.056757
19383077;0.042951
19384080;0.073631
19385081;0.073631
19386079;0.085903
19387080;0.065961
19388079;0.076699
19389080;0.058291
19390078;0.104311
19391079;0.121184
19392087;0.078233
19393091;0.127320
19394079;0.078233
19395080;0.133456
19396078;0.098175
19397079;0.144194
19398077;0.142660
19399078;0.104311
19400077;0.130388
19401078;0.147262
19402076;0.165670
19403092;0.151864
19404079;0.173340
19405080;0.142660
19406078;0.156466
19407079;0.147262
19408077;0.165670
19409078;0.147262
19410077;0.177942
19411078;0.173340
19412080;0.164136
19413090;0.127320
19414078;0.173340
19415079;0.165670
19416078;0.161068
19417079;0.127320
19418077;0.161068
19419078;0.124252
19420076;0.153398
19421077;0.131922
19422081;0.153398
19423092;0.118117
19424078;0.116583
19425076;0.138058
19426078;0.108913
19427076;0.130388
19428077;0.078233
19429081;0.105845
19430077;0.062893
19431080;0.098175
19432076;0.104311
19433080;0.053689
19434091;0.082835
19435079;0.035282
19436080;0.076699
19437078;0.030680
19438078;0.067495
19439080;0.047553
19440079;0.009204
19441079;0.023010
19442079;0.007670
19443080;0.039884
19444079;0.007670
19445092;0.029146
19446076;-0.019942
19447079;-0.001534
19448081;-0.035282
19449080;-0.001534
19450081;-0.012272
19451080;-0.046019
19452081;-0.023010
19453081;-0.065961
19454081;-0.030680
19455092;-0.027612
19456076;-0.044485
19457081;-0.044485
19458081;-0.085903
19459081;-0.053689
19460081;-0.079767
19461081;-0.033748
19462081;-0.079767
19463080;-0.038350
19464081;-0.087437
19465093;-0.078233
19466077;-0.053689
19467076;-0.073631
19468077;-0.072097
19469076;-0.099709
19470077;-0.087437
19471081;-0.111981
19472077;-0.070563
19473081;-0.062893
19474077;-0.118117
19475094;-0.081301
19476077;-0.107379
19477077;-0.070563
19478081;-0.111981
19479077;-0.064427
19480081;-0.092039
19481077;-0.104311
19482081;-0.081301
19483077;-0.082835
19484081;-0.055223
19485081;-0.069029
19486093;-0.041417
19487080;-0.087437
19488081;-0.049087
19489080;-0.076699
19490081;-0.042951
19491080;-0.029146
19492081;-0.065961
19493080;-0.044485
19494081;-0.053689
19495080;-0.021476
19496094;-0.013806
19497077;0.006136
19498078;-0.012272
19499077;-0.033748
19500078;0.012272
19501077;0.006136
19502078;0.030680
19503077;0.007670
19504078;0.035282
19505077;0.012272
19506078;0.039884
19507094;0.065961
19508079;0.036816
19509078;0.065961
19510079;0.035282
19511077;0.073631
19512079;0.049087
19513079;0.084369
19514080;0.090505
19515079;0.076699
19516080;0.095107
19517094;0.084369
19518079;0.104311
19519078;0.128854
19520080;0.124252
19521078;0.119651
19522079;0.130388
19523079;0.110447
19524079;0.142660
19525079;0.161068
19526079;0.125786
19527092;0.181010
19528076;0.130388
19529080;0.165670
19530081;0.138058
19531080;0.174874
19532077;0.182544
19533079;0.142660
19534077;0.173340
19535078;0.153398
19536077;0.190214
19537083;0.164136
19538092;0.196350
19539079;0.167204
19540080;0.158000
19541078;0.190214
19542080;0.177942
19543078;0.194816
19544079;0.161068
19545077;0.188680
19546078;0.139592
19547077;0.173340
19548091;0.182544
19549077;0.168738
19550081;0.188680
19551077;0.119651
19552081;0.156466
19553076;0.121184
19554080;0.144194
19555081;0.139592
19556078;0.105845
19557079;0.116583
19558087;0.116583
19559094;0.111981
19560081;0.108913
19561077;0.122718
19562081;0.084369
19563077;0.082835
19564081;0.065961
19565077;0.093573
19566081;0.099709
19567077;0.055223
19568080;0.078233
19569094;0.038350
19570081;0.070563
19571077;0.030680
19572081;0.070563
19573077;0.047553
19574081;0.018408
19575081;0.035282
19576080;0.013806
19577081;0.064427
19578078;0.029146
19579093;0.042951
19580080;0.018408
19581081;0.024544
19582079;0.030680
19583080;0.024544
19584077;0.027612
19585078;-0.007670
19586077;0.016874
19587078;-0.015340
19588077;0.007670
19589091;0.016874
19590081;0.021476
19591079;0.006136
19592080;-0.033748
19593078;0.009204
19594079;-0.026078
19595078;0.006136
19596079;-0.010738
19597077;-0.035282
19598078;-0.029146
19599077;-0.024544
19600094;0.010738
19601077;-0.012272
19602078;0.015340
19603077;-0.029146
19604078;0.003068
19605077;-0.023010
19606078;0.006136
19607076;0.021476
19608079;-0.023010
19609078;0.023010
19610093;-0.012272
19611077;0.021476
19612078;-0.009204
19613076;0.064427
19614077;0.033748
19615081;0.009204
19616077;0.026078
19617080;0.035282
19618081;0.042951
19619080;0.047553
19620094;0.075165
19621080;0.055223
19622078;0.067495
19623079;0.075165
19624077;0.182544
19625079;-0.095107
19626077;0.061359
19627078;0.090505
19628076;0.075165
19629077;0.125786
19630081;0.119651
19631093;0.139592
19632076;0.141126
19633077;0.113515
19634081;0.156466
19635077;0.128854
19636080;0.174874
19637081;0.159534
19638079;0.138058
19639080;0.161068
19640078;0.165670
19641090;0.205553
19642081;0.196350
19643079;0.204019
19644080;0.191748
19645078;0.214757
19646079;0.196350
19647077;0.227029
19648078;0.246971
19649077;0.207087
19650078;0.236233
19651143;0.213223
19652078;0.248505
19653081;0.211689
19654077;0.254641
19655080;0.237767
19656076;0.225495
19657080;0.242369
19658081;0.234699
19659079;0.273049
19660080;0.253107
19661078;0.285320
19662091;0.256175
19663077;0.279185
19664080;0.299126
19665076;0.296058
19666079;0.314466
19667080;0.285320
19668079;0.317534
19669080;0.294524
19670078;0.325204
19671079;0.329806
19672078;0.329806
19673091;0.329806
19674079;0.322136
19675081;0.329806
19676079;0.299126
19677080;0.329806
19678078;0.316000
19679079;0.286854
19680077;0.317534
19681079;0.314466
19682077;-2.831729
19683078;1.963495
19684092;1.925146
19685080;2.098486
19686081;0.331340
19687079;0.331340
19688080;0.349748
19689078;0.345146
19690079;0.331340
19691078;0.335942
19692079;0.331340
19693077;0.355884
19694090;0.343612
19695080;0.395767
19696079;0.395767
19697079;0.394233
19698077;0.431049
19699079;0.450990
19700077;0.493942
19701076;0.495476
19702078;0.533825
19703077;0.538427
19704078;0.566039
19705094;0.612058
19706080;0.627398
19707078;0.662680
19708079;0.641204
19709078;0.705631
19710080;0.690291
19711079;0.750117
19712079;0.777728
19713078;0.811476
19714079;0.834486
19715094;0.837554
19716077;0.894311
19717078;0.888175
19718076;0.963340
19719078;0.984816
19720077;0.997088
19721078;1.040039
19722077;1.098330
19723079;1.130544
19724077;1.150486
19725084;1.190369
19726094;1.190369
19727079;1.267068
19728078;1.268602
19729079;1.308486
19730078;1.349903
19731080;1.374447
19732078;1.461884
19733080;1.425068
19734078;1.494097
19735079;1.509437
19736092;1.570796
19737076;1.590738
19738081;1.609146
19739076;1.650563
19740080;1.684311
19741081;1.736466
19742081;1.745670
19743081;1.802428
19744081;1.836175
19745081;1.853049
19746139;1.903670
19747079;1.935884
19748080;1.977301
19749079;1.963495
19750080;2.038661
19751079;2.014117
19752080;2.069340
19753079;2.118428
19754080;2.147573
19755080;2.159845
19756089;2.150641
19757093;2.218136
19758078;2.219670
19759077;2.277961
19760078;2.284097
19761077;2.281029
19762078;2.308641
19763077;2.339321
19764077;2.371534
19765077;2.386874
19766078;2.425224
19767090;2.412952
19768081;2.440563
19769080;2.426758
19770081;2.475845
19771080;2.500389
19772081;2.471243
19773079;2.523398
19774081;2.494253
19775081;2.538738
19776081;2.531068
19777094;2.583224
19778077;2.574020
19779079;2.574020
19780077;2.578622
19781078;2.590894
19782077;2.620039
19783078;2.610835
19784077;2.633845
19785078;2.603165
19786077;2.616971
19787089;2.643049
19788090;2.623107
19789080;2.639981
19790079;2.593961
19791080;2.635379
19792079;2.601631
19793080;2.636913
19794080;2.636913
19795078;2.650719
19796080;2.635379
19797077;2.610835
19798091;2.647651
19799078;2.626175
19800079;2.644583
19801077;2.630777
19802078;2.632311
19803077;2.574020
19804078;2.616971
19805077;2.639981
19806078;2.623107
19807081;2.626175
19808092;2.578622
19809079;2.606233
19810081;2.581690
19811079;2.609301
19812080;2.616971
19813077;2.564816
19814078;2.593961
19815077;2.561748
19816078;2.603165
19817076;2.586292
19818093;2.598563
19819078;2.561748
19820077;2.595495
19821078;2.540272
19822077;2.577088
19823078;2.581690
19824077;2.538738
19825078;2.581690
19826077;2.508059
19827078;2.534136
19828144;2.558680
19829081;2.544874
19830079;2.537204
19831080;2.509593
19832078;2.506525
19833079;2.503457
19834077;2.521864
19835079;2.491185
19836077;2.492719
19837078;2.480447
19838076;2.454369
19839091;2.485049
19840078;2.463573
19841079;2.480447
19842078;2.457437
19843079;2.449767
19844077;2.431360
19845078;2.429826
19846077;2.446699
19847077;2.425224
19848081;2.425224
19849095;2.370000
19850077;2.394544
19851079;2.350059
19852077;2.408350
19853078;2.373068
19854081;2.323981
19855077;2.351593
19856081;2.320913
19857077;2.340855
19858080;2.300971
19859077;2.325515
19860092;2.276428
19861079;2.268758
19862080;2.244214
19863078;2.264156
19864080;2.267224
19865077;2.221204
19866078;2.244214
19867077;2.188991
19868078;2.204330
19869081;2.207398
19870092;2.184389
19871080;2.175185
19872081;2.123029
19873079;2.142971
19874080;2.110758
19875079;2.129165
19876080;2.106156
19877078;2.101554
19878079;2.058602
19879077;2.030991
19880093;2.063204
19881078;2.024855
19882077;2.027923
19883078;1.984971
19884076;1.968097
19885077;1.955826
19886080;1.951224
19887076;1.943554
19888079;1.917476
19889080;1.905204
19890148;1.859185
19891077;1.865321
19892080;1.826971
19893076;1.840777
19894080;1.826971
19895080;1.764078
19896079;1.787088
19897079;1.742602
19898077;1.764078
19899079;1.731864
19900077;1.734932
19901090;1.713457
19902078;1.675107
19903079;1.639825
19904078;1.661301
19905079;1.653631
19906077;1.599942
19907078;1.626020
19908076;1.561592
19909078;1.576932
19910081;1.581534
19911093;1.555457
19912076;1.532447
19913077;1.484893
19914080;1.492563
19915077;1.457282
19916080;1.480291
19917081;1.464952
19918079;1.452680
19919080;1.418932
19920078;1.409728
19921094;1.395923
19922080;1.382117
19923079;1.377515
19924079;1.345301
19925077;1.326893
19926079;1.291612
19927076;1.320758
19928077;1.308486
19929081;1.274738
19930077;1.280874
19931088;1.240991
19932093;1.250194
19933081;1.210311
19934076;1.233321
19935080;1.207243
19936076;1.190369
19937079;1.179631
19938080;1.165825
19939079;1.136680
19940079;1.136680
19941078;1.148952
19942091;1.129010
19943079;1.101398
19944080;1.116738
19945078;1.107534
19946080;1.109068
19947078;1.086058
19948079;1.092194
19949077;1.041573
19950079;1.067651
19951077;1.070719
19952092;1.050777
19953078;1.056913
19954081;0.998622
19955077;1.026233
19956080;0.994020
19957076;1.024699
19958079;1.010893
19959081;1.024699
19960079;0.997088
19961080;0.981748
19962078;1.006291
19963090;0.966408
19964081;0.995554
19965079;0.971010
19966080;0.943398
19967079;0.932660
19968080;0.972544
19969079;0.980214
19970079;0.969476
19971078;0.971010
19972079;0.932660
19973092;0.963340
19974077;0.932660
19975080;0.954136
19976081;0.954136
19977079;0.914253
19978081;0.952602
19979080;0.948000
19980080;0.964874
19981079;0.949534
19982080;0.972544
19983094;0.951068
19984079;0.944932
19985079;0.943398
19986080;0.952602
19987078;0.978680
19988079;0.954136
19989078;0.981748
19990080;0.948000
19991079;0.977146
19992079;0.989418
19993078;0.990952
19994092;0.984816
19995077;0.957204
19996076;0.989418
19997077;0.969476
19998081;1.006291
19999077;1.012427
20000081;1.024699
20001077;1.006291
20002080;1.001689
20003076;1.040039
20004094;1.036971
20005077;1.049243
20006077;1.035437
20007077;1.043107
20008077;1.038505
20009081;1.058447
20010077;1.075321
20011077;1.069185
20012077;1.087592
20013081;1.059981
20014077;1.096796
20015090;1.072253
20016078;1.124408
20017079;1.118272
20018078;1.098330
20019079;1.132078
20020078;1.142816
20021079;1.161224
20022079;1.145884
20023080;1.188835
20024078;1.165825
20025079;1.159690
20026090;1.162758
20027080;1.204175
20028079;1.248660
20029081;1.198039
20030079;1.242525
20031080;1.201107
20032079;1.251728
20033081;1.267068
20034079;1.285476
20035080;1.294680
20036092;1.262466
20037080;1.305418
20038081;1.299282
20039081;1.333029
20040081;1.346835
20041081;1.356039
20042081;1.357573
20043080;1.377515
20044081;1.391321
20045079;1.408194
20046094;1.414330
20047094;1.357573
20048078;1.437340
20049077;1.425068
20050078;1.461884
20051077;1.486427
20052078;1.487961
20053077;1.514039
20054078;1.480291
20055077;1.530913
20056078;1.527845
20057092;1.572330
20058078;1.581534
20059080;1.558524
20060077;1.599942
20061078;1.593806
20062077;1.629088
20063077;1.632156
20064081;1.661301
20065077;1.661301
20066081;1.659767
20067090;1.681243
20068078;1.707321
20069080;1.759476
20070077;1.745670
20071079;1.771748
20072077;1.742602
20073078;1.788622
20074077;1.822369
20075078;1.820835
20076077;1.843845
20077092;1.817767
20078077;1.876059
20079081;1.857651
20080077;1.897534
20081081;1.937418
20082077;1.954292
20083081;1.960428
20084077;1.951224
20085081;2.003379
20086077;2.003379
20087080;2.052466
20088093;2.034059
20089081;2.050932
20090077;2.041728
20091081;2.098486
20092077;2.127631
20093081;2.118428
20094076;2.158311
20095080;2.119962
20096080;2.175185
20097077;2.158311
20098093;2.210466
20099081;2.230408
20100077;2.208932
20101081;2.261088
20102077;2.276428
20103081;2.294835
20104081;2.297903
20105080;2.340855
20106081;2.348525
20107079;2.334719
20108080;2.362330
20109093;2.399146
20110081;2.431360
20111077;2.416020
20112081;2.465107
20113076;2.437495
20114080;2.485049
20115081;2.520330
20116078;2.521864
20117079;2.549476
20118077;2.524932
20119090;2.589360
20120081;2.561748
20121079;2.620039
20122080;2.638447
20123078;2.666059
20124079;2.672195
20125078;2.666059
20126080;2.724350
20127077;2.705942
20128077;2.782641
20129091;2.767301
20130081;2.771903
20131080;2.779573
20132078;2.807185
20133076;2.854738
20134077;2.860874
20135081;2.893088
20136077;2.879282
20137080;2.914564
20138081;2.896156
20139080;2.942175
20140092;2.980525
20141080;2.957515
20142081;3.018874
20143079;3.031146
20144080;3.046486
20145079;3.064894
20146080;3.095573
20147078;-3.080234
20148079;3.135457
20149078;3.132389
20150093;-3.117049
20151078;-3.109379
20152076;-3.072564
20153078;-3.052622
20154076;-3.060292
20155077;-3.032680
20156081;-2.997399
20157076;-3.003535
20158080;-2.934505
20159081;-2.994331
20160079;-2.931437
20161093;-2.946777
20162076;-2.893088
20163078;-2.871612
20164076;-2.865476
20165077;-2.856272
20166080;-2.868544
20167076;-2.808719
20168079;-2.804117
20169080;-2.776505
20170079;-2.767301
20171093;-2.781107
20172078;-2.762699
20173077;-2.702874
20174078;-2.687534
20175076;-2.689068
20176077;-2.658389
20177080;-2.690602
20178081;-2.639981
20179080;-2.652253
20180081;-2.598563
20181090;-2.580156
20182081;-2.606233
20183079;-2.572486
20184080;-2.577088
20185079;-2.521864
20186080;-2.521864
20187078;-2.489651
20188079;-2.451301
20189078;-2.494253
20190079;-2.475845
20191077;-2.452835
20192093;-2.405282
20193076;-2.408350
20194077;-2.379204
20195080;-2.399146
20196076;-2.363864
20197080;-2.333185
20198080;-2.328583
20199079;-2.305573
20200080;-2.334719
20201078;-2.285631
20202090;-2.313243
20203079;-2.242680
20204079;-2.242680
20205078;-2.218136
20206079;-2.221204
20207077;-2.228874
20208077;-2.181321
20209081;-2.184389
20210077;-2.153709
20211081;-2.170583
20212092;-2.167515
20213078;-2.136835
20214076;-2.124563
20215077;-2.095418
20216081;-2.101554
20217076;-2.080078
20218080;-2.103088
20219081;-2.061670
20220079;-2.086214
20221080;-2.034059
20222078;-2.021787
20223092;-2.046330
20224078;-2.009515
20225081;-2.027923
20226081;-1.966563
20227081;-1.981903
20228080;-1.968097
20229081;-1.961962
20230080;-1.966563
20231081;-1.938952
20232080;-1.932816
20233091;-1.915942
20234079;-1.919010
20235080;-1.888330
20236079;-1.919010
20237080;-1.879127
20238078;-1.863787
20239080;-1.853049
20240078;-1.854583
20241080;-1.888330
20242078;-1.846913
20243080;-1.854583
20244092;-1.819301
20245077;-1.833107
20246081;-1.807029
20247077;-1.805495
20248080;-1.843845
20249081;-1.782486
20250081;-1.787088
20251077;-1.808563
20252080;-1.780952
20253081;-1.776350
20254094;-1.780952
20255080;-1.771748
20256078;-1.759476
20257079;-1.750272
20258078;-1.734932
20259079;-1.747204
20260078;-1.736466
20261080;-1.761010
20262079;-1.724194
20263080;-1.738000
20264092;-1.751806
20265077;-1.724194
20266081;-1.738000
20267076;-1.707321
20268080;-1.711923
20269076;-1.691981
20270080;-1.708855
20271081;-1.699651
20272080;-1.724194
20273081;-1.695049
20274151;-1.665903
20275079;-1.708855
20276081;-1.682777
20277079;-1.721126
20278080;-1.687379
20279079;-1.670505
20280079;-1.678175
20281078;-1.675107
20282079;-1.714991
20283078;-1.681243
20284079;-1.705787
20285090;-1.676641
20286081;-1.691981
20287080;-1.675107
20288081;-1.702719
20289080;-1.672039
20290081;-1.665903
20291080;-1.687379
20292081;-1.676641
20293080;-1.698117
20294081;-1.685845
20295092;-1.733398
20296079;-1.695049
20297080;-1.682777
20298078;-1.698117
20299079;-1.690447
20300079;-1.727262
20301079;-1.690447
20302078;-1.708855
20303079;-1.696583
20304078;-1.684311
20305079;-1.721126
20306094;-1.718059
20307079;-1.724194
20308078;-1.708855
20309080;-1.731864
20310078;-1.727262
20311080;-1.748738
20312078;-1.745670
20313080;-1.768680
20314079;-1.751806
20315079;-1.741068
20316090;-1.785554
20317080;-1.762544
20318078;-1.797826
20319077;-1.745670
20320078;-1.777884
20321077;-1.773282
20322078;-1.794758
20323077;-1.816233
20324078;-1.803962
20325081;-1.816233
20326090;-1.797826
20327080;-1.820835
20328077;-1.807029
20329078;-1.862253
20330077;-1.837709
20331079;-1.826971
20332077;-1.846913
20333078;-1.848447
20334077;-1.889864
20335077;-1.868389
20336081;-1.899068
20337090;-1.874525
20338080;-1.885262
20339078;-1.894466
20340079;-1.912874
20341077;-1.932816
20342079;-1.894466
20343077;-1.931282
20344078;-1.926680
20345077;-1.957360
20346078;-1.960428
20347090;-2.000311
20348080;-1.980369
20349078;-1.984971
20350079;-1.994175
20351077;-2.001845
20352078;-2.037127
20353077;-2.018719
20354078;-2.064738
20355077;-2.030991
20356077;-2.063204
20357081;-2.063204
20358095;-2.087748
20359079;-2.089282
20360077;-2.142971
20361078;-2.110758
20362077;-2.024855
20363079;-2.142971
20364077;-2.162913
20365078;-2.176719
20366081;-2.161379
20367077;-2.161379
20368080;-2.224272
20369092;-2.192059
20370079;-2.245748
20371081;-2.227340
20372079;-2.224272
20373079;-2.228874
20374078;-2.259554
20375079;-2.290233
20376078;-2.288699
20377079;-2.319379
20378077;-2.310175
20379091;-2.333185
20380077;-2.325515
20381081;-2.359262
20382076;-2.380738
20383080;-2.371534
20384080;-2.399146
20385078;-2.399146
20386080;-2.446699
20387077;-2.434427
20388079;-2.488117
20389093;-2.463573
20390079;-2.432894
20391077;-2.485049
20392078;-2.511127
20393077;-2.552544
20394081;-2.549476
20395079;-2.584758
20396080;-2.561748
20397078;-2.580156
20398079;-2.635379
20399077;-2.627709
20400094;-2.630777
20401076;-2.629243
20402077;-2.661457
20403080;-2.658389
20404076;-2.698272
20405080;-2.692136
20406080;-2.745826
20407078;-2.736622
20408079;-2.739690
20409078;-2.773437
20410079;-2.787243
20411092;-2.844001
20412079;-2.819457
20413080;-2.824059
20414078;-2.850136
20415080;-2.862408
20416078;-2.919166
20417079;-2.905360
20418077;-2.931437
20419078;-2.919166
20420076;-2.925302
20421093;-2.952913
20422081;-2.995865
20423077;-3.025010
20424080;-2.997399
20425076;-3.040350
20426079;-3.040350
20427080;-3.080234
20428078;-3.090971
20429079;3.129321
20430077;-3.121651
20431090;-3.124719
20432078;3.129321
20433079;3.117049
20434076;3.064894
20435078;3.089437
20436076;3.040350
20437077;3.057224
20438080;3.020408
20439076;2.989729
20440080;2.971321
20441080;2.963651
20442094;2.982059
20443077;2.943709
20444078;2.945243
20445076;2.885418
20446078;2.891554
20447081;2.837865
20448076;2.859340
20449080;2.851670
20450081;2.788777
20451079;2.822525
20452093;2.761165
20453081;2.782641
20454077;2.778039
20455080;2.764233
20456076;2.727418
20457079;2.696738
20458080;2.702874
20459079;2.672195
20460080;2.678330
20461078;2.649185
20462094;2.653787
20463076;2.618505
20464078;2.647651
20465076;2.540272
20466077;2.564816
20467080;2.554078
20468076;2.532602
20469079;2.528000
20470080;2.469709
20471079;2.506525
20472090;2.491185
20473081;2.469709
20474079;2.462039
20475080;2.394544
20476078;2.439029
20477079;2.383806
20478077;2.406816
20479078;2.383806
20480077;2.319379
20481078;2.342389
20482076;2.325515
20483089;2.334719
20484080;2.300971
20485078;2.304039
20486079;2.261088
20487077;2.262622
20488081;2.221204
20489077;2.238078
20490081;2.245748
20491077;2.202796
20492081;2.228874
20493093;2.153709
20494094;2.190525
20495078;2.159845
20496077;2.165981
20497077;2.136835
20498081;2.104622
20499078;2.119962
20500076;2.089282
20501078;2.107690
20502077;2.081612
20503078;2.083146
20504092;2.023321
20505076;2.040195
20506080;2.080078
20507076;2.021787
20508080;2.023321
20509076;1.963495
20510081;1.984971
20511081;1.948156
20512081;1.971165
20513081;1.969631
20514094;1.954292
20515080;1.937418
20516078;1.892932
20517079;1.917476
20518077;1.886796
20519079;1.914408
20520078;1.882195
20521079;1.871457
20522078;1.842311
20523079;1.846913
20524078;1.865321
20525094;1.833107
20526079;1.839243
20527077;1.811631
20528078;1.813165
20529077;1.771748
20530078;1.797826
20531077;1.803962
20532078;1.751806
20533076;1.785554
20534077;1.730330
20535090;1.765612
20536081;1.777884
20537080;1.761010
20538081;1.748738
20539080;1.721126
20540081;1.739534
20541080;1.791690
20542081;1.727262
20543081;1.704253
20544081;1.721126
20545092;1.681243
20546078;1.687379
20547076;1.698117
20548078;1.682777
20549077;1.693515
20550078;1.629088
20551077;1.673573
20552078;1.632156
20553077;1.659767
20554078;1.667437
20555090;1.653631
20556078;1.644427
20557079;1.621418
20558078;1.642893
20559079;1.627554
20560078;1.650563
20561079;1.638291
20562079;1.607612
20563080;1.621418
20564078;1.627554
20565092;1.635224
20566081;1.615282
20567081;1.658233
20568079;1.601476
20569081;1.564660
20570080;1.599942
20571076;1.619884
20572081;1.556991
20573081;1.581534
20574081;1.616816
20575081;1.572330
20576094;1.604544
20577079;1.609146
20578078;1.618350
20579079;1.606078
20580079;1.590738
20581077;1.593806
20582078;1.593806
20583077;1.619884
20584078;1.603010
20585081;1.622952
20586090;1.572330
20587081;1.609146
20588079;1.622952
20589080;1.609146
20590078;1.619884
20591079;1.586136
20592077;1.615282
20593079;1.586136
20594081;1.613748
20595077;1.632156
20596094;1.629088
20597078;1.636757
20598076;1.595340
20599078;1.632156
20600077;1.633690
20601078;1.644427
20602077;1.638291
20603079;1.626020
20604077;1.642893
20605078;1.636757
20606077;1.667437
20607094;1.678175
20608077;1.676641
20609078;1.653631
20610077;1.681243
20611079;1.638291
20612077;1.681243
20613078;1.696583
20614077;1.656699
20615078;1.698117
20616081;1.675107
20617094;1.714991
20618081;1.722660
20619078;1.730330
20620081;1.724194
20621077;1.701185
20622081;1.767146
20623077;1.733398
20624081;1.764078
20625076;1.738000
20626080;1.773282
20627093;1.747204
20628080;1.768680
20629081;1.796292
20630079;1.788622
20631080;1.813165
20632078;1.776350
20633079;1.813165
20634078;1.790156
20635079;1.831573
20636077;1.849981
20637107;1.853049
20638081;1.857651
20639079;1.836175
20640081;1.876059
20641079;1.853049
20642080;1.908272
20643078;1.897534
20644080;1.899068
20645077;1.903670
20646078;1.929748
20647081;1.998777
20648090;1.945088
20649077;1.975767
20650079;1.943554
20651077;1.981903
20652078;1.963495
20653077;1.997243
20654078;2.038661
20655077;1.995709
20656081;2.037127
20657079;2.017185
20658095;2.061670
20659076;2.078544
20660079;2.100020
20661080;2.098486
20662078;2.092350
20663079;2.129165
20664078;2.116894
20665079;2.158311
20666077;2.158311
20667078;2.184389
20668076;2.165981
20669094;2.192059
20670077;2.224272
20671078;2.216602
20672076;2.213534
20673077;2.235010
20674081;2.297903
20675077;2.282563
20676080;2.273360
20677081;2.299437
20678079;2.313243
20679090;2.330117
20680078;2.302505
20681079;2.353127
20682077;2.350059
20683079;2.394544
20684077;2.391476
20685078;2.383806
20686076;2.414486
20687077;2.428292
20688080;2.469709
20689077;2.462039
20690091;2.497321
20691080;2.469709
20692081;2.511127
20693079;2.492719
20694080;2.543340
20695078;2.566350
20696079;2.529534
20697077;2.584758
20698078;2.566350
20699077;2.609301
20700078;2.632311
20701091;2.653787
20702079;2.658389
20703080;2.653787
20704079;2.713612
20705080;2.702874
20706078;2.728952
20707079;2.741224
20708077;2.768835
20709079;2.732020
20710077;2.779573
20711089;2.808719
20712080;2.813321
20713078;2.839399
20714079;2.805651
20715078;2.857806
20716079;2.840933
20717077;2.886952
20718077;2.913030
20719076;2.939107
20720077;2.926836
20721093;2.951379
20722079;2.978991
20723077;2.971321
20724078;3.015806
20725076;3.017340
20726078;3.003535
20727081;3.011204
20728077;3.061826
20729080;3.092505
20730076;3.087903
20731091;3.121651
20732092;3.092505
20733081;-3.141593
20734077;3.113981
20735080;-3.104777
20736076;-3.083302
20737079;-3.104777
20738080;-3.064894
20739079;-3.066428
20740079;-3.034214
20741078;-3.008137
20742094;-2.994331
20743077;-2.991263
20744078;-2.983593
20745076;-2.945243
20746078;-2.945243
20747076;-2.911496
20748077;-2.914564
20749080;-2.876214
20750079;-2.903826
20751080;-2.871612
20752126;-2.836331
20753077;-2.834797
20754078;-2.805651
20755077;-2.853204
20756078;-2.796447
20757076;-2.814855
20758077;-2.764233
20759076;-2.748894
20760078;-2.718214
20761077;-2.735088
20762078;-2.744292
20763090;-2.681398
20764080;-2.702874
20765079;-2.661457
20766080;-2.682932
20767079;-2.662991
20768080;-2.661457
20769079;-2.618505
20770079;-2.597029
20771078;-2.621573
20772079;-2.566350
20773092;-2.598563
20774077;-2.554078
20775080;-2.564816
20776081;-2.528000
20777079;-2.523398
20778081;-2.561748
20779080;-2.515728
20780080;-2.497321
20781079;-2.469709
20782080;-2.457437
20783093;-2.429826
20784081;-2.428292
20785077;-2.448233
20786080;-2.399146
20787081;-2.405282
20788081;-2.379204
20789081;-2.382272
20790080;-2.340855
20791081;-2.389942
20792081;-2.343923
20793081;-2.322447
20794094;-2.328583
20795080;-2.313243
20796079;-2.340855
20797079;-2.294835
20798078;-2.304039
20799079;-2.281029
20800077;-2.264156
20801079;-2.264156
20802079;-2.256486
20803080;-2.264156
20804092;-2.216602
20805080;-2.231942
20806081;-2.196661
20807080;-2.222738
20808081;-2.205864
20809080;-2.215068
20810081;-2.182855
20811080;-2.162913
20812081;-2.185923
20813080;-2.152175
20814081;-2.176719
20815094;-2.136835
20816079;-2.193593
20817076;-2.124563
20818077;-2.119962
20819076;-2.144505
20820077;-2.116894
20821081;-2.110758
20822077;-2.084680
20823081;-2.095418
20824077;-2.070874
20825092;-2.103088
20826080;-2.078544
20827081;-2.055534
20828080;-2.060136
20829081;-2.047864
20830081;-2.087748
20831081;-2.063204
20832080;-2.077010
20833081;-2.034059
20834080;-2.034059
20835090;-2.034059
20836078;-2.034059
20837078;-2.040195
20838077;-2.003379
20839078;-2.037127
20840077;-1.998777
20841078;-2.012583
20842077;-1.991107
20843079;-2.023321
20844081;-2.012583
20845079;-1.984971
20846094;-2.014117
20847076;-1.983437
20848077;-2.023321
20849081;-1.994175
20850081;-2.024855
20851080;-1.986505
20852080;-1.983437
20853078;-2.017185
20854080;-1.977301
20855078;-2.012583
20856156;-1.981903
20857077;-1.988039
20858080;-1.969631
20859076;-1.984971
20860079;-1.981903
20861080;-2.009515
20862078;-1.981903
20863079;-1.954292
20864077;-2.011049
20865078;-1.975767
20866077;-2.009515
20867090;-1.978835
20868078;-1.974233
20869079;-1.989573
20870078;-1.984971
20871080;-2.037127
20872077;-1.998777
20873078;-2.024855
20874077;-1.991107
20875079;-1.997243
20876077;-1.978835
20877078;-2.007981
20878093;-2.014117
20879081;-1.984971
20880077;-2.035593
20881081;-2.006447
20882077;-2.054000
20883081;-2.023321
20884077;-2.041728
20885081;-1.975767
20886077;-2.040195
20887080;-2.052466
20888091;-2.024855
20889077;-2.067806
20890081;-2.046330
20891077;-2.067806
20892080;-2.043262
20893077;-2.058602
20894081;-2.096952
20895077;-2.066272
20896080;-2.092350
20897080;-2.077010
20898077;-2.080078
20899093;-2.077010
20900080;-2.104622
20901081;-2.113826
20902079;-2.138369
20903080;-2.115360
20904078;-2.106156
20905079;-2.149107
20906078;-2.116894
20907080;-2.172117
20908078;-2.149107
20909116;-2.139903
20910079;-2.150641
20911078;-2.155243
20912079;-2.205864
20913078;-2.175185
20914080;-2.178253
20915077;-2.198195
20916078;-2.202796
20917076;-2.236544
20918080;-2.215068
20919078;-2.247282
20920092;-2.221204
20921080;-2.231942
20922076;-2.238078
20923080;-2.297903
20924080;-2.267224
20925079;-2.310175
20926080;-2.285631
20927078;-2.285631
20928078;-2.297903
20929077;-2.302505
20930089;-2.356194
20931081;-2.334719
20932079;-2.399146
20933080;-2.353127
20934078;-2.362330
20935079;-2.409884
20936077;-2.400680
20937078;-2.422156
20938076;-2.386874
20939077;-2.405282
20940081;-2.408350
20941092;-2.446699
20942080;-2.452835
20943080;-2.492719
20944079;-2.466641
20945080;-2.458971
20946078;-2.520330
20947079;-2.512661
20948077;-2.551010
20949079;-2.521864
20950077;-2.526466
20951089;-2.531068
20952077;-2.557146
20953078;-2.595495
20954077;-2.584758
20955078;-2.613903
20956076;-2.598563
20957077;-2.626175
20958080;-2.616971
20959076;-2.675262
20960079;-2.666059
20961093;-2.659923
20962079;-2.693670
20963078;-2.684466
20964079;-2.742758
20965077;-2.709010
20966078;-2.774971
20967076;-2.755030
20968077;-2.748894
20969081;-2.776505
20970077;-2.774971
20971081;-2.828661
20972092;-2.810253
20973080;-2.847068
20974081;-2.825593
20975079;-2.840933
20976080;-2.885418
20977078;-2.880816
20978079;-2.899224
20979078;-2.886952
20980078;-2.922234
20981077;-2.925302
20982093;-2.962117
20983079;-2.971321
20984077;-3.009670
20985078;-2.978991
20986076;-3.009670
20987077;-2.919166
20988080;-3.032680
20989076;-3.057224
20990080;-3.054156
20991081;-3.081768
20992079;-3.069496
20993091;-3.095573
20994078;3.138525
20995080;-3.133923
20996078;3.117049
20997079;3.132389
20998077;3.101709
20999078;3.110913
21000076;3.071030
21001077;3.057224
21002081;3.049554
21003091;3.029612
21004076;3.041884
21005079;2.968253
21006081;3.005069
21007079;2.942175
21008079;2.966719
21009078;2.963651
21010079;2.942175
21011078;2.932971
21012076;2.960583
21013091;2.900758
21014079;2.857806
21015080;2.873146
21016078;2.853204
21017079;2.808719
21018078;2.785709
21019080;2.796447
21020078;2.813321
21021079;2.785709
21022077;2.797981
21023079;2.727418
21024092;2.730486
21025077;2.682932
21026081;2.721282
21027076;2.719748
21028080;2.666059
21029076;2.684466
21030080;2.626175
21031081;2.653787
21032081;2.643049
21033081;2.607767
21034081;2.607767
21035090;2.570952
21036081;2.593961
21037079;2.555612
21038080;2.558680
21039079;2.551010
21040080;2.543340
21041078;2.512661
21042080;2.511127
21043079;2.515728
21044080;2.491185
21045092;2.488117
21046077;2.425224
21047081;2.462039
21048076;2.370000
21049081;2.414486
21050081;2.420622
21051081;2.405282
21052081;2.385340
21053081;2.343923
21054081;2.362330
21055080;2.340855
21056094;2.351593
21057079;2.322447
21058077;2.299437
21059078;2.304039
21060077;2.288699
21061078;2.304039
21062077;2.265690
21063078;2.254952
21064077;2.235010
21065078;2.245748
21066094;2.207398
21067079;2.221204
21068077;2.224272
21069078;2.181321
21070077;2.212000
21071077;2.152175
21072077;2.169049
21073078;2.184389
21074077;2.175185
21075078;2.176719
21076094;2.127631
21077081;2.153709
21078077;2.118428
21079080;2.165981
21080081;2.124563
21081080;2.161379
21082081;2.110758
21083081;2.144505
21084081;2.156777
21085080;2.132233
21086089;2.156777
21087092;2.107690
21088077;2.153709
21089081;2.106156
21090076;2.149107
21091081;2.147573
21092077;2.139903
21093081;2.142971
21094081;2.139903
21095080;2.147573
21096081;2.126097
21097079;2.182855
21098092;2.162913
21099077;2.136835
21100081;2.161379
21101077;2.130699
21102081;2.190525
21103077;2.179787
21104081;2.199728
21105078;2.156777
21106079;2.184389
21107077;2.159845
21108078;2.202796
21109094;2.218136
21110081;2.179787
21111077;2.204330
21112081;2.169049
21113077;2.215068
21114081;2.247282
21115077;2.216602
21116080;2.236544
21117081;2.204330
21118090;2.247282
21119092;2.225806
21120078;2.265690
21121080;2.236544
21122077;2.288699
21123079;2.258020
21124077;2.259554
21125078;2.285631
21126081;2.274894
21127077;2.310175
21128080;2.261088
21129094;2.316311
21130079;2.270292
21131077;2.281029
21132078;2.340855
21133077;2.310175
21134078;2.305573
21135077;2.297903
21136078;2.350059
21137081;2.337787
21138077;2.353127
21139081;2.351593
21140091;2.351593
21141078;2.346991
21142079;2.374602
21143077;2.379204
21144078;2.382272
21145077;2.412952
21146078;2.393010
21147077;2.405282
21148078;2.383806
21149077;2.396078
21150093;2.439029
21151081;2.397612
21152077;2.455903
21153081;2.422156
21154076;2.463573
21155080;2.466641
21156080;2.481981
21157077;2.475845
21158078;2.457437
21159077;2.491185
21160094;2.477379
21161079;2.532602
21162077;2.535670
21163079;2.540272
21164077;2.466641
21165078;2.541806
21166077;2.558680
21167077;2.560214
21168080;2.564816
21169081;2.515728
21170093;2.584758
21171079;2.546408
21172077;2.593961
21173078;2.598563
21174077;2.606233
21175078;2.610835
21176077;2.569418
21177078;2.607767
21178077;2.597029
21179078;2.627709
21180101;2.639981
21181076;2.632311
21182080;2.601631
21183080;2.656855
21184079;2.678330
21185080;2.666059
21186078;2.689068
21187079;2.669127
21188077;2.693670
21189079;2.656855
21190077;2.718214
21191089;2.733554
21192077;2.727418
21193078;2.727418
21194077;2.705942
21195078;2.755030
21196076;2.744292
21197077;2.716680
21198081;2.759631
21199077;2.776505
21200080;2.738156
21201092;2.784175
21202078;2.807185
21203076;2.787243
21204077;2.822525
21205081;2.773437
21206076;2.808719
21207080;2.837865
21208080;2.820991
21209079;2.862408
21210080;2.807185
21211078;2.842467
21212092;2.828661
21213080;2.886952
21214081;2.873146
21215079;2.886952
21216080;2.868544
21217078;2.860874
21218079;2.893088
21219078;2.871612
21220079;2.911496
21221077;2.882350
21222078;2.916098
21223092;2.868544
21224080;2.931437
21225081;2.942175
21226079;2.926836
21227080;2.946777
21228079;2.909962
21229080;2.925302
21230078;2.923768
21231079;2.954447
21232077;2.966719
21233094;2.931437
21234077;2.977457
21235078;2.919166
21236076;2.989729
21237077;2.986661
21238080;3.006603
21239076;2.998933
21240080;3.012738
21241081;2.985127
21242079;3.006603
21243106;3.028078
21244076;3.005069
21245080;3.032680
21246081;2.992797
21247079;3.034214
21248080;3.051088
21249078;3.037282
21250079;3.034214
21251078;3.009670
21252079;3.046486
21253077;3.025010
21254090;3.067962
21255078;3.081768
21256080;3.061826
21257078;3.069496
21258079;3.055690
21259077;3.095573
21260078;3.080234
21261076;3.126253
21262078;3.110913
21263076;3.094039
21264090;3.081768
21265078;3.077166
21266079;3.124719
21267078;3.109379
21268079;3.133923
21269077;3.078700
21270078;3.115515
21271076;3.092505
21272077;3.123185
21273081;-3.140059
21274094;3.097107
21275079;3.129321
21276078;3.107845
21277078;-3.135457
21278077;3.133923
21279078;-3.121651
21280077;3.129321
21281078;3.129321
21282077;-3.140059
21283079;-3.127787
21284092;-3.112447
21285081;3.136991
21286081;-3.100175
21287080;3.135457
21288080;-3.115515
21289079;-3.089437
21290081;-3.109379
21291080;-3.094039
21292081;-3.140059
21293081;-3.101709
21294081;-3.126253
21295090;-3.095573
21296078;-3.095573
21297079;-3.080234
21298077;-3.098641
21299080;-3.117049
21300078;-3.089437
21301079;-3.089437
21302078;-3.087903
21303079;-3.077166
21304079;-3.107845
21305080;-3.094039
21306094;-3.072564
21307079;-3.061826
21308077;-3.077166
21309078;-3.064894
21310077;-3.107845
21311078;-3.075632
21312077;-3.104777
21313078;-3.064894
21314077;-3.055690
21315078;-3.106311
21316077;-3.063360
21317090;-3.107845
21318081;-3.061826
21319080;-3.069496
21320081;-3.058758
21321081;-3.074098
21322081;-3.110913
21323080;-3.066428
21324081;-3.064894
21325079;-3.046486
21326081;-3.080234
21327093;-3.055690
21328078;-3.090971
21329077;-3.090971
21330078;-3.057224
21331077;-3.078700
21332078;-3.054156
21333077;-3.123185
21334078;-3.071030
21335077;-3.107845
21336078;-3.086370
21337076;-3.067962
21338094;-3.067962
21339079;-3.069496
21340078;-3.092505
21341079;-3.071030
21342078;-3.106311
21343080;-3.077166
21344078;-3.094039
21345080;-3.097107
21346078;-3.092505
21347079;-3.095573
21348094;-3.077166
21349077;-3.092505
21350078;-3.066428
21351077;3.133923
21352078;-3.098641
21353077;-3.135457
21354078;-3.113981
21355077;-3.084836
21356078;-3.140059
21357076;-3.109379
21358085;-3.138525
21359092;-3.109379
21360077;-3.103243
21361081;-3.113981
21362077;-3.112447
21363077;3.136991
21364077;-3.123185
21365081;-3.133923
21366077;3.133923
21367077;-3.141593
21368080;-3.112447
21369093;3.118583
21370081;3.126253
21371077;-3.132389
21372080;-3.141593
21373080;-3.127787
21374078;3.112447
21375079;3.138525
21376077;3.095573
21377078;3.126253
21378077;3.133923
21379092;3.123185
21380077;3.129321
21381080;3.052622
21382081;3.118583
21383079;3.103243
21384080;3.120117
21385077;3.101709
21386078;3.075632
21387077;3.066428
21388078;3.089437
21389088;3.110913
21390094;3.092505
21391077;3.103243
21392078;3.078700
21393077;3.075632
21394078;3.040350
21395077;3.075632
21396078;3.075632
21397081;3.060292
21398077;3.084836
21399081;3.040350
21400093;3.052622
21401080;3.084836
21402081;3.061826
21403080;3.064894
21404080;3.017340
21405077;3.038816
21406078;3.035748
21407081;3.043418
21408077;3.040350
21409079;3.028078
21410093;2.997399
21411081;3.028078
21412081;3.028078
21413080;3.025010
21414081;3.040350
21415078;2.988195
21416080;3.035748
21417077;2.975923
21418078;3.002001
21419077;3.021942
21420078;3.003535
21421093;3.015806
21422081;2.968253
21423077;2.998933
21424081;2.965185
21425076;2.988195
21426080;3.000467
21427080;2.945243
21428077;2.995865
21429078;2.954447
21430077;2.997399
21431092;2.986661
21432079;2.983593
21433080;2.959049
21434077;2.959049
21435079;2.925302
21436077;2.962117
21437078;2.974389
21438077;2.916098
21439078;2.966719
21440077;2.913030
21441091;2.959049
21442081;2.957515
21443077;2.939107
21444078;2.951379
21445076;2.897690
21446078;2.939107
21447076;2.905360
21448077;2.936039
21449080;2.922234
21450076;2.945243
21451079;2.908428
21452094;2.863942
21453077;2.928370
21454078;2.909962
21455076;2.925302
21456077;2.900758
21457080;2.914564
21458076;2.867010
21459080;2.896156
21460076;2.917632
21461080;2.896156
21462092;2.896156
21463078;2.844001
21464076;2.890020
21465077;2.865476
21466081;2.883884
21467077;2.859340
21468080;2.854738
21469076;2.877748
21470080;2.851670
21471081;2.890020
21472079;2.859340
21473092;2.888486
21474079;2.845534
21475080;2.862408
21476078;2.810253
21477079;2.856272
21478077;2.870078
21479078;2.833263
21480077;2.857806
21481078;2.819457
21482076;2.819457
21483093;2.857806
21484080;2.862408
21485076;2.860874
21486080;2.814855
21487081;2.845534
21488079;2.819457
21489080;2.859340
21490078;2.819457
21491080;2.857806
21492078;2.831729
21493079;2.825593
21494092;2.850136
21495080;2.816389
21496076;2.844001
21497079;2.805651
21498080;2.847068
21499079;2.787243
21500079;2.820991
21501078;2.842467
21502079;2.825593
21503077;2.831729
21504090;2.785709
21505078;2.825593
21506079;2.797981
21507078;2.825593
21508079;2.831729
21509077;2.781107
21510078;2.820991
21511076;2.814855
21512077;2.807185
21513081;2.830195
21514090;2.819457
21515081;2.801049
21516079;2.804117
21517080;2.802583
21518078;2.804117
21519079;2.820991
21520077;2.805651
21521078;2.810253
21522076;2.805651
21523078;2.816389
21524076;2.834797
21525094;2.813321
21526079;2.817923
21527077;2.788777
21528078;2.813321
21529077;2.774971
21530078;2.804117
21531076;2.811787
21532077;2.810253
21533080;2.817923
21534076;2.787243
21535131;2.813321
21536079;2.807185
21537080;2.817923
21538078;2.771903
21539079;2.822525
21540079;2.764233
21541079;2.781107
21542079;2.837865
21543080;2.785709
21544078;2.814855
21545079;2.779573
21546094;2.813321
21547079;2.771903
21548077;2.797981
21549078;2.811787
21550077;2.774971
21551077;2.802583
21552077;2.774971
21553078;2.804117
21554077;2.773437
21555078;2.820991
21556094;2.796447
21557076;2.779573
21558077;2.785709
21559076;2.804117
21560077;2.828661
21561081;2.802583
21562077;2.808719
21563077;2.776505
21564077;2.790311
21565081;2.811787
21566094;2.816389
21567076;2.851670
21568077;2.765767
21569081;2.811787
21570077;2.784175
21571077;2.797981
21572077;2.833263
21573081;2.816389
21574077;2.810253
21575081;2.787243
21576077;2.820991
21577092;2.791845
21578076;2.834797
21579081;2.793379
21580077;2.820991
21581081;2.788777
21582081;2.808719
21583080;2.782641
21584081;2.822525
21585081;2.827127
21586081;2.761165
21587094;2.813321
21588078;2.785709
21589077;2.816389
21590078;2.833263
21591077;2.779573
21592078;2.844001
21593077;2.768835
21594078;2.830195
21595077;2.810253
21596078;2.825593
21597094;2.807185
21598079;2.779573
21599078;2.816389
21600079;2.808719
21601079;2.833263
21602079;2.808719
21603078;2.836331
21604079;2.781107
21605077;2.850136
21606078;2.830195
21607092;2.828661
21608080;2.845534
21609081;2.797981
21610081;2.822525
21611077;2.790311
21612080;2.840933
21613081;2.842467
21614079;2.831729
21615080;2.830195
21616079;2.822525
21617093;2.839399
21618092;2.839399
21619078;2.853204
21620076;2.853204
21621077;2.830195
21622081;2.813321
21623077;2.816389
21624081;2.830195
21625077;2.840933
21626081;2.842467
21627077;2.794913
21628090;2.830195
21629090;2.797981
21630078;2.837865
21631079;2.837865
21632077;2.808719
21633078;2.848602
21634077;2.810253
21635078;2.828661
21636077;2.807185
21637077;2.845534
21638081;2.807185
21639077;2.824059
21640090;2.794913
21641078;2.825593
21642079;2.853204
21643077;2.814855
21644078;2.833263
21645077;2.782641
21646078;2.817923
21647081;2.836331
21648077;2.820991
21649081;2.810253
21650094;2.773437
21651081;2.805651
21652077;2.788777
21653081;2.837865
21654077;2.830195
21655081;2.816389
21656076;2.788777
21657079;2.791845
21658081;2.820991
21659080;2.785709
21660078;2.811787
21661091;2.750428
21662079;2.788777
21663080;2.727418
21664078;2.773437
21665079;2.785709
21666077;2.761165
21667078;2.764233
21668077;2.732020
21669078;2.733554
21670077;2.721282
21671094;2.742758
21672077;2.758098
21673078;2.707476
21674077;2.732020
21675079;2.707476
21676077;2.724350
21677078;2.702874
21678077;2.715146
21679078;2.672195
21680077;2.679864
21681092;2.673729
21682079;2.644583
21683081;2.684466
21684079;2.586292
21685079;2.676796
21686078;2.626175
21687079;2.644583
21688077;2.655321
21689078;2.629243
21690077;2.618505
21691090;2.590894
21692080;2.601631
21693078;2.607767
21694079;2.615437
21695077;2.584758
21696079;2.593961
21697081;2.538738
21698077;2.581690
21699081;2.552544
21700077;2.561748
21701091;2.567884
21702076;2.503457
21703080;2.543340
21704080;2.495787
21705081;2.521864
21706077;2.534136
21707080;2.524932
21708076;2.515728
21709080;2.475845
21710081;2.506525
21711079;2.488117
21712090;2.497321
21713078;2.469709
21714079;2.425224
21715078;2.451301
21716079;2.478913
21717077;2.462039
21718077;2.442097
21719076;2.452835
21720077;2.406816
21721081;2.437495
21722082;2.393010
21723090;2.419088
21724078;2.403748
21725079;2.376136
21726077;2.388408
21727078;2.371534
21728076;2.382272
21729077;2.383806
21730081;2.363864
21731077;2.379204
21732080;2.334719
21733093;2.359262
21734079;2.343923
21735077;2.354661
21736079;2.334719
21737077;2.339321
21738077;2.316311
21739076;2.322447
21740077;2.340855
21741080;2.325515
21742076;2.336253
21743085;2.294835
21744093;2.320913
21745076;2.264156
21746077;2.300971
21747080;2.317845
21748081;2.310175
21749079;2.304039
21750081;2.270292
21751079;2.293301
21752080;2.267224
21753078;2.302505
21754089;2.294835
21755078;2.268758
21756079;2.277961
21757077;2.285631
21758077;2.300971
21759076;2.287165
21760077;2.291767
21761080;2.256486
21762076;2.271826
21763080;2.242680
21764092;2.274894
21765080;2.279495
21766081;2.248816
21767079;2.281029
21768080;2.230408
21769078;2.270292
21770079;2.274894
21771078;2.271826
21772079;2.279495
21773077;2.231942
21774078;2.247282
21775093;2.239612
21776081;2.270292
21777077;2.256486
21778080;2.276428
21779076;2.241146
21780079;2.244214
21781080;2.270292
21782079;2.251884
21783080;2.274894
21784078;2.244214
21785094;2.261088
21786077;2.225806
21787078;2.262622
21788076;2.262622
21789078;2.254952
21790076;2.253418
21791077;2.208932
21792081;2.239612
21793077;2.212000
21794080;2.248816
21795076;2.245748
21796090;2.208932
21797078;2.231942
21798077;2.224272
21799078;2.245748
21800077;2.231942
21801077;2.251884
21802077;2.227340
21803078;2.219670
21804077;2.193593
21805078;2.228874
21806094;2.245748
21807078;2.198195
21808077;2.238078
21809078;2.199728
21810077;2.227340
21811078;2.244214
21812077;2.239612
21813078;2.222738
21814077;2.190525
21815078;2.213534
21816090;2.193593
21817077;2.233476
21818078;2.212000
21819077;2.235010
21820078;2.202796
21821077;2.212000
21822077;2.227340
21823077;2.213534
21824078;2.227340
21825077;2.188991
21826078;2.228874
21827101;2.224272
21828078;2.219670
21829079;2.224272
21830079;2.207398
21831080;2.201262
21832078;2.296369
21833080;2.202796
21834079;2.172117
21835079;2.207398
21836079;2.205864
21837079;2.167515
21838091;2.195127
21839080;2.204330
21840081;2.202796
21841079;2.196661
21842080;2.205864
21843080;2.192059
21844080;2.184389
21845079;2.162913
21846080;2.187457
21847079;2.192059
21848106;2.150641
21849079;2.190525
21850079;2.147573
21851079;2.182855
21852079;2.185923
21853078;2.182855
21854079;2.195127
21855078;2.138369
21856080;2.192059
21857078;2.152175
21858079;2.190525
21859090;2.182855
21860078;2.188991
21861080;2.159845
21862079;2.156777
21863080;2.185923
21864078;2.161379
21865079;2.175185
21866079;2.153709
21867079;2.164447
21868078;2.124563
21869080;2.156777
21870094;2.181321
21871076;2.155243
21872078;2.167515
21873077;2.113826
21874078;2.132233
21875077;2.147573
21876078;2.150641
21877076;2.152175
21878077;2.130699
21879076;2.135301
21880078;2.127631
21881090;2.164447
21882081;2.133767
21883080;2.184389
21884081;2.118428
21885080;2.124563
21886081;2.103088
21887080;2.138369
21888081;2.147573
21889080;2.129165
21890081;2.135301
21891091;2.095418
21892081;2.132233
21893080;2.132233
21894080;2.126097
21895078;2.130699
21896079;2.092350
21897077;2.126097
21898078;2.086214
21899077;2.113826
21900078;2.118428
21901092;2.126097
21902077;2.115360
21903081;2.095418
21904077;2.132233
21905081;2.101554
21906077;2.119962
21907081;2.103088
21908077;2.142971
21909080;2.098486
21910081;2.107690
21911079;2.116894
21912090;2.116894
21913081;2.095418
21914079;2.070874
21915081;2.080078
21916079;2.080078
21917079;2.080078
21918077;2.110758
21919078;2.072408
21920077;2.104622
21921078;2.064738
21922077;2.107690
21923092;2.136835
21924080;2.107690
21925081;2.104622
21926079;2.077010
21927081;2.092350
21928079;2.098486
21929079;2.123029
21930077;2.100020
21931079;2.115360
21932077;2.135301
21933091;2.087748
21934078;2.081612
21935079;2.141437
21936078;2.098486
21937079;2.090816
21938077;2.113826
21939078;2.080078
21940077;2.113826
21941078;2.118428
21942077;2.135301
21943091;2.100020
21944081;2.080078
21945079;2.127631
21946081;2.124563
21947079;2.141437
21948080;2.118428
21949078;2.133767
21950079;2.093884
21951077;2.093884
21952078;2.139903
21953077;2.100020
21954092;2.162913
21955078;2.095418
21956080;2.098486
21957077;2.089282
21958078;2.139903
21959077;2.147573
21960078;2.092350
21961081;2.132233
21962077;2.081612
21963081;2.126097
21964094;2.095418
21965077;2.135301
21966078;2.123029
21967079;2.113826
21968080;2.133767
21969078;2.113826
21970079;2.142971
21971078;2.119962
21972079;2.127631
21973077;2.109224
21974089;2.123029
21975080;2.152175
21976078;2.138369
21977079;2.141437
21978077;2.098486
21979079;2.152175
21980077;2.109224
21981078;2.132233
21982076;2.153709
21983078;2.150641
21984091;2.123029
21985077;2.098486
21986080;2.133767
21987076;2.116894
21988080;2.149107
21989076;2.118428
21990079;2.141437
21991081;2.116894
21992079;2.103088
21993080;2.147573
21994078;2.164447
21995091;2.138369
21996077;2.106156
21997080;2.112292
21998081;2.081612
21999079;2.126097
22000080;2.129165
22001079;2.081612
22002080;2.110758
22003078;2.066272
22004079;2.113826
22005094;2.098486
22006079;2.121495
22007077;2.101554
22008078;2.070874
22009076;2.106156
22010077;2.083146
22011080;2.116894
22012076;2.100020
22013080;2.115360
22014080;2.083146
22015156;2.049398
22016080;2.096952
22017078;2.090816
22018078;2.081612
22019077;2.063204
22020078;2.075476
22021076;2.034059
22022077;2.050932
22023081;2.077010
22024077;2.060136
22025080;2.066272
22026093;2.035593
22027076;2.052466
22028077;2.027923
22029080;2.058602
22030076;2.058602
22031080;2.063204
22032081;2.014117
22033079;2.037127
22034080;2.064738
22035079;2.023321
22036090;2.027923
22037077;2.029457
22038078;2.030991
22039079;2.001845
22040081;2.007981
22041079;2.021787
22042080;2.007981
22043078;2.029457
22044079;1.972699
22045077;2.000311
22046090;1.978835
22047078;2.030991
22048079;2.009515
22049077;1.966563
22050078;1.984971
22051077;1.978835
22052078;2.000311
22053076;2.007981
22054077;2.009515
22055080;1.997243
22056092;1.951224
22057077;2.012583
22058081;1.980369
22059077;1.984971
22060080;1.965029
22061079;1.992641
22062079;1.928214
22063078;1.981903
22064079;1.974233
22065078;2.003379
22066131;1.997243
22067077;1.940486
22068078;1.975767
22069077;1.931282
22070077;1.975767
22071077;1.968097
22072078;1.981903
22073077;1.969631
22074078;1.966563
22075077;1.984971
22076077;1.960428
22077092;1.977301
22078077;1.971165
22079081;1.965029
22080077;1.951224
22081081;1.958894
22082077;1.995709
22083081;1.942020
22084076;1.978835
22085080;1.931282
22086081;1.951224
22087090;1.932816
22088094;1.954292
22089079;1.971165
22090078;1.937418
22091080;1.951224
22092078;1.943554
22093080;1.972699
22094078;1.991107
22095080;1.981903
22096078;1.957360
22097079;1.931282
22098077;1.963495
22099094;1.938952
22100078;1.958894
22101077;1.940486
22102077;1.961962
22103077;1.892932
22104078;1.937418
22105077;1.955826
22106078;1.932816
22107076;1.942020
22108077;1.891398
22109092;1.923612
22110077;1.915942
22111081;1.915942
22112077;1.928214
22113081;1.942020
22114077;1.909806
22115077;1.888330
22116077;1.911340
22117081;1.889864
22118077;1.909806
22119080;1.879127
22120092;1.879127
22121077;1.848447
22122080;1.871457
22123076;1.886796
22124080;1.854583
22125081;1.886796
22126080;1.823903
22127081;1.849981
22128080;1.813165
22129081;1.843845
22130081;1.843845
22131090;1.802428
22132081;1.830039
22133081;1.800894
22134081;1.840777
22135081;1.820835
22136081;1.826971
22137080;1.803962
22138081;1.780952
22139080;1.813165
22140081;1.791690
22141092;1.779418
22142077;1.761010
22143081;1.768680
22144077;1.756408
22145081;1.762544
22146077;1.793224
22147081;1.736466
22148077;1.750272
22149081;1.711923
22150077;1.741068
22151081;1.704253
22152077;1.724194
22153092;1.727262
22154079;1.733398
22155081;1.701185
22156079;1.702719
22157079;1.714991
22158077;1.695049
22159079;1.708855
22160077;1.684311
22161078;1.678175
22162077;1.650563
22163079;1.676641
22164090;1.679709
22165077;1.633690
22166078;1.658233
22167081;1.610680
22168077;1.645961
22169081;1.610680
22170076;1.638291
22171080;1.639825
22172081;1.596874
22173079;1.626020
22174093;1.598408
22175079;1.636757
22176081;1.606078
22177079;1.626020
22178079;1.595340
22179078;1.586136
22180079;1.612214
22181078;1.592272
22182080;1.601476
22183077;1.553923
22184091;1.595340
22185076;1.530913
22186079;1.567728
22187080;1.583068
22188077;1.561592
22189079;1.553923
22190077;1.527845
22191078;1.558524
22192077;1.526311
22193078;1.555457
22194077;1.537049
22195093;1.546253
22196078;1.543185
22197081;1.514039
22198077;1.538583
22199081;1.515573
22200081;1.523243
22201079;1.483359
22202081;1.500233
22203079;1.460350
22204079;1.494097
22205091;1.500233
22206081;1.452680
22207079;1.486427
22208080;1.440408
22209078;1.469554
22210079;1.435806
22211077;1.489495
22212078;1.458816
22213077;1.429670
22214078;1.443476
22215081;1.423534
22216093;1.458816
22217080;1.443476
22218081;1.448078
22219079;1.418932
22220081;1.422000
22221079;1.441942
22222080;1.426602
22223077;1.429670
22224078;1.359107
22225077;1.417398
22226104;1.386719
22227079;1.398991
22228077;1.405126
22229076;1.394389
22230080;1.389787
22231081;1.363709
22232079;1.394389
22233080;1.374447
22234079;1.369845
22235080;1.363709
22236078;1.375981
22237094;1.331495
22238077;1.362175
22239078;1.365243
22240076;1.345301
22241077;1.359107
22242081;1.302350
22243077;1.326893
22244080;1.302350
22245076;1.325359
22246080;1.316156
22247092;1.316156
22248080;1.303884
22249081;1.294680
22250079;1.310020
22251081;1.305418
22252079;1.300816
22253080;1.285476
22254078;1.279340
22255079;1.257864
22256077;1.282408
22257094;1.291612
22258080;1.270136
22259079;1.293146
22260079;1.231787
22261078;1.254796
22262079;1.267068
22263077;1.254796
22264078;1.259398
22265077;1.211845
22266078;1.257864
22267091;1.222583
22268076;1.259398
22269080;1.233321
22270081;1.228719
22271079;1.216447
22272080;1.190369
22273078;1.217981
22274079;1.199573
22275078;1.213379
22276079;1.190369
22277077;1.205709
22278093;1.150486
22279081;1.181165
22280077;1.188835
22281080;1.181165
22282076;1.170427
22283079;1.125942
22284080;1.153554
22285078;1.119806
22286080;1.135146
22287077;1.141282
22288088;1.101398
22289093;1.122874
22290076;1.096796
22291078;1.116738
22292076;1.098330
22293077;1.116738
22294080;1.086058
22295076;1.086058
22296080;1.010893
22297080;1.086058
22298078;1.078389
22299093;1.047709
22300076;1.063049
22301077;1.012427
22302081;1.040039
22303077;1.043107
22304080;1.027767
22305076;1.020097
22306079;0.981748
22307080;1.006291
22308078;0.978680
22309091;1.000155
22310079;0.980214
22311080;0.992486
22312079;0.966408
22313080;0.943398
22314078;0.971010
22315079;0.951068
22316077;0.958738
22317078;0.908117
22318076;0.937262
22319090;0.892777
22320076;0.912719
22321079;0.921923
22322081;0.908117
22323077;0.892777
22324080;0.851359
22325081;0.875903
22326080;0.843689
22327080;0.891243
22328078;0.854427
22329079;0.819146
22330092;0.836020
22331078;0.822214
22332076;0.839087
22333077;0.822214
22334081;0.822214
22335077;0.788466
22336081;0.791534
22337076;0.753185
22338080;0.779262
22339076;0.786932
22340093;0.733243
22341081;0.762388
22342077;0.724039
22343081;0.751651
22344077;0.740913
22345081;0.740913
22346077;0.716369
22347081;0.699495
22348077;0.701029
22349081;0.676486
22350077;0.694893
22351092;0.674952
22352078;0.642738
22353077;0.659612
22354078;0.681087
22355077;0.647340
22356077;0.647340
22357076;0.633534
22358077;0.601321
22359076;0.627398
22360078;0.585981
22361092;0.610524
22362080;0.615126
22363076;0.601321
22364080;0.592117
22365081;0.552233
22366080;0.590583
22367081;0.541495
22368080;0.573709
22369081;0.544563
22370081;0.516952
22371076;0.523087
22372091;0.521553
22373079;0.536893
22374080;0.518486
22375079;0.520020
22376080;0.475534
22377079;0.493942
22378080;0.461728
22379079;0.490874
22380081;0.489340
22381079;0.443320
22382092;0.452524
22383080;0.423379
22384081;0.443320
22385080;0.443320
22386081;0.446388
22387080;0.414175
22388081;0.400369
22389080;0.397301
22390081;0.400369
22391080;0.418777
22392081;0.381961
22393094;0.411107
22394079;0.366621
22395078;0.383495
22396079;0.380427
22397078;0.380427
22398079;0.375825
22399077;0.331340
22400078;0.343612
22401077;0.331340
22402078;0.348214
22403093;0.340544
22404080;0.332874
22405081;0.331340
22406080;0.331340
22407081;0.345146
22408079;0.331340
22409081;0.331340
22410081;0.331340
22411076;0.331340
22412080;0.331340
22413094;0.337476
22414077;0.358952
22415078;0.346680
22416079;0.343612
22417077;0.331340
22418078;0.340544
22419077;0.331340
22420078;1.691981
22421077;1.974233
22422078;1.889864
22423077;1.719592
22424092;1.598408
22425079;1.868389
22426080;1.922078
22427078;1.871457
22428079;2.021787
22429077;2.227340
22430078;0.329806
22431077;0.322136
22432078;0.329806
22433077;0.305262
22434091;0.329806
22435079;0.326738
22436079;0.329806
22437077;0.329806
22438077;0.329806
22439081;0.329806
22440077;0.326738
22441081;0.329806
22442076;0.326738
22443080;0.329806
22444092;0.329806
22445079;0.329806
22446081;0.311398
22447079;0.309864
22448080;0.329806
22449078;0.314466
22450079;0.329806
22451077;0.308330
22452078;0.311398
22453077;0.317534
22454092;0.319068
22455078;0.325204
22456077;0.326738
22457081;0.329806
22458078;0.316000
22459081;0.329806
22460078;0.292990
22461080;0.329806
22462077;0.309864
22463078;0.286854
22464077;0.291456
22465092;0.273049
22466079;0.311398
22467080;0.286854
22468078;0.303728
22469080;0.292990
22470077;0.269981
22471078;0.277651
22472077;0.279185
22473078;0.300660
22474077;0.268447
22475103;0.305262
22476078;0.265379
22477081;0.292990
22478077;0.297592
22479081;0.285320
22480081;0.289922
22481080;0.260777
22482081;0.273049
22483080;0.251573
22484081;0.280719
22485079;0.279185
22486093;0.266913
22487080;0.260777
22488081;0.243903
22489079;0.273049
22490080;0.239301
22491076;0.276117
22492078;0.251573
22493081;0.259243
22494077;0.242369
22495080;0.256175
22496092;0.263845
22497080;0.265379
22498081;0.268447
22499080;0.227029
22500081;0.251573
22501079;0.220893
22502080;0.242369
22503078;0.262311
22504079;0.220893
22505077;0.251573
22506089;0.214757
22507094;0.256175
22508077;0.256175
22509078;0.243903
22510076;0.231631
22511077;0.207087
22512080;0.214757
22513076;0.222427
22514080;0.242369
22515080;0.205553
22516079;0.236233
22517092;0.202485
22518080;0.197884
22519081;0.230097
22520079;0.219359
22521080;0.234699
22522079;0.181010
22523080;0.228563
22524078;0.176408
22525079;0.211689
22526077;0.217825
22527078;0.217825
22528093;0.193282
22529081;0.171806
22530077;0.214757
22531080;0.168738
22532076;0.217825
22533079;0.190214
22534080;0.170272
22535079;0.184078
22536080;0.181010
22537078;0.207087
22538091;0.196350
22539080;0.202485
22540081;0.161068
22541079;0.184078
22542080;0.159534
22543078;0.190214
22544079;0.202485
22545078;0.151864
22546079;0.187146
22547077;0.147262
22548078;0.181010
22549090;0.176408
22550077;0.193282
22551079;0.168738
22552077;0.154932
22553078;0.161068
22554076;0.165670
22555078;0.177942
22556076;0.154932
22557077;0.177942
22558080;0.133456
22559093;0.154932
22560076;0.176408
22561077;0.156466
22562081;0.139592
22563077;0.148796
22564080;0.158000
22565081;0.145728
22566079;0.164136
22567080;0.139592
22568078;0.156466
22569089;0.151864
22570080;0.115049
22571079;0.156466
22572080;0.119651
22573078;0.145728
22574079;0.145728
22575077;0.111981
22576078;0.131922
22577076;0.141126
22578077;0.150330
22579081;0.133456
22580090;0.158000
22581078;0.118117
22582079;0.133456
22583077;0.101243
22584078;0.130388
22585079;0.151864
22586078;0.111981
22587079;0.133456
22588077;0.093573
22589078;0.131922
22590091;0.133456
22591079;0.113515
22592080;0.116583
22593079;0.092039
22594080;0.118117
22595080;0.096641
22596081;0.121184
22597080;0.119651
22598081;0.131922
22599080;0.099709
22600089;0.098175
22601090;0.127320
22602081;0.110447
22603081;0.127320
22604081;0.082835
22605080;0.113515
22606081;0.075165
22607080;0.113515
22608081;0.110447
22609080;0.110447
22610081;0.107379
22611092;0.070563
22612077;0.107379
22613081;0.070563
22614077;0.108913
22615081;0.096641
22616077;0.065961
22617081;0.081301
22618076;0.092039
22619081;0.104311
22620081;0.093573
22621080;0.105845
22622092;0.069029
22623077;0.095107
22624081;0.056757
22625077;0.088971
22626081;0.101243
22627077;0.064427
22628081;0.078233
22629077;0.055223
22630081;0.090505
22631077;0.093573
22632091;0.085903
22633079;0.090505
22634079;0.049087
22635079;0.056757
22636081;0.067495
22637079;0.082835
22638081;0.076699
22639079;0.085903
22640081;0.061359
22641079;0.153398
22642087;0.082835
22643094;0.072097
22644079;0.082835
22645077;0.050621
22646078;0.070563
22647077;0.038350
22648077;0.062893
22649076;0.078233
22650078;0.070563
22651077;0.072097
22652078;0.026078
22653090;0.064427
22654081;0.007670
22655081;0.064427
22656081;0.072097
22657080;0.029146
22658081;0.050621
22659080;0.042951
22660081;0.070563
22661080;0.021476
22662081;0.067495
22663094;0.042951
22664079;0.042951
22665077;0.032214
22666079;0.042951
22667078;0.007670
22668079;0.042951
22669078;0.036816
22670080;0.036816
22671079;0.053689
22672079;0.046019
22673092;0.052155
22674081;0.049087
22675076;0.016874
22676080;0.047553
22677081;0.013806
22678081;0.046019
22679079;0.059825
22680079;0.058291
22681077;0.046019
22682079;0.006136
22683107;0.044485
22684081;0.023010
22685079;0.056757
22686080;0.030680
22687077;0.055223
22688078;0.023010
22689077;0.032214
22690078;0.049087
22691077;0.044485
22692077;0.059825
22693081;0.019942
22694093;0.032214
22695081;0.003068
22696077;0.039884
22697080;0.035282
22698081;0.007670
22699079;0.027612
22700081;0.000000
22701079;0.039884
22702080;0.003068
22703077;0.036816
22704091;0.035282
22705078;-0.009204
22706079;0.023010
22707077;-0.003068
22708079;0.021476
22709077;0.013806
22710078;0.039884
22711077;0.023010
22712078;0.012272
22713081;0.041417
22714090;0.024544
22715078;0.039884
22716079;0.029146
22717077;0.033748
22718078;-0.023010
22719077;0.024544
22720079;0.039884
22721077;0.027612
22722078;0.035282
22723077;-0.006136
22724078;0.019942
22725092;0.006136
22726080;0.033748
22727080;0.035282
22728077;0.018408
22729079;0.021476
22730077;-0.009204
22731078;0.033748
22732077;0.012272
22733078;0.038350
22734077;0.010738
22735092;-0.001534
22736079;0.007670
22737079;0.016874
22738077;0.039884
22739079;-0.010738
22740077;0.035282
22741078;-0.013806
22742077;0.024544
22743078;-0.015340
22744077;0.021476
22745088;0.038350
22746090;0.000000
22747077;0.009204
22748079;-0.012272
22749077;0.023010
22750078;0.013806
22751077;0.039884
22752078;0.015340
22753079;-0.006136
22754080;0.027612
22755078;0.019942
22756089;0.052155
22757077;0.003068
22758078;0.029146
22759077;-0.004602
22760078;0.018408
22761076;0.036816
22762077;0.024544
22763076;0.027612
22764077;-0.007670
22765080;0.021476
22766090;-0.015340
22767078;0.018408
22768079;0.010738
22769077;0.030680
22770078;0.004602
22771077;0.015340
22772077;-0.015340
22773081;0.015340
22774077;0.010738
22775080;-0.004602
22776093;0.012272
22777078;0.006136
22778076;-0.006136
22779078;0.024544
22780081;0.006136
22781077;0.029146
22782080;-0.010738
22783076;0.006136
22784080;-0.021476
22785081;0.010738
22786079;0.021476
22787092;-0.019942
22788080;0.010738
22789080;-0.021476
22790079;0.018408
22791080;0.021476
22792078;0.015340
22793079;-0.003068
22794077;-0.018408
22795079;0.004602
22796077;-0.027612
22797093;0.015340
22798079;-0.004602
22799077;0.026078
22800078;-0.013806
22801077;-0.003068
22802078;0.015340
22803077;-0.009204
22804077;0.013806
22805081;-0.021476
22806077;0.000000
22807122;-0.029146
22808076;0.001534
22809080;0.023010
22810076;0.010738
22811080;-0.006136
22812080;-0.033748
22813079;0.006136
22814080;-0.029146
22815078;0.009204
22816079;-0.009204
22817088;-0.023010
22818092;-0.016874
22819080;-0.006136
22820076;-0.006136
22821079;-0.016874
22822080;0.010738
22823079;-0.036816
22824080;-0.012272
22825078;-0.036816
22826079;-0.019942
22827077;-0.001534
22828094;-0.032214
22829080;-0.001534
22830078;-0.033748
22831079;-0.003068
22832077;0.010738
22833078;-0.003068
22834076;-0.012272
22835078;-0.039884
22836076;-0.003068
22837077;-0.030680
22838087;-0.015340
22839093;-0.006136
22840076;0.007670
22841077;-0.032214
22842081;-0.018408
22843077;0.006136
22844080;-0.004602
22845076;0.009204
22846080;-0.032214
22847078;-0.003068
22848079;-0.036816
22849094;-0.004602
22850080;0.004602
22851079;0.003068
22852080;-0.007670
22853078;-0.032214
22854080;-0.003068
22855078;-0.006136
22856080;0.009204
22857078;-0.018408
22858079;-0.032214
22859104;-0.029146
22860081;-0.010738
22861077;0.003068
22862081;-0.010738
22863077;-0.003068
22864081;-0.026078
22865077;-0.001534
22866081;-0.036816
22867081;-0.006136
22868081;0.010738
22869076;-0.026078
22870094;0.003068
22871079;-0.036816
22872078;-0.004602
22873080;0.004602
22874078;0.003068
22875080;0.003068
22876078;-0.015340
22877079;0.000000
22878077;-0.007670
22879079;-0.015340
22880091;-0.035282
22881079;0.010738
22882080;-0.016874
22883080;-0.024544
22884080;0.009204
22885079;0.001534
22886080;0.006136
22887079;-0.032214
22888080;-0.006136
22889079;-0.041417
22890079;-0.003068
22891094;0.003068
22892079;-0.001534
22893078;0.004602
22894079;-0.039884
22895078;-0.001534
22896080;-0.039884
22897078;-0.013806
22898079;-0.015340
22899079;-0.046019
22900079;-0.016874
22901094;-0.030680
22902077;0.006136
22903078;-0.012272
22904077;0.006136
22905078;0.081301
22906077;-0.039884
22907078;-0.041417
22908077;-0.007670
22909078;0.004602
22910077;-0.032214
22911078;-0.001534
22912092;-0.036816
22913078;-0.009204
22914076;0.009204
22915078;-0.003068
22916077;-0.015340
22917077;-0.036816
22918081;-0.007670
22919077;-0.021476
22920081;-0.003068
22921076;-0.016874
22922094;0.004602
22923079;-0.018408
22924078;-0.018408
22925079;0.006136
22926077;-0.012272
22927078;0.003068
22928077;-0.029146
22929078;-0.013806
22930077;-0.042951
22931077;-0.013806
22932116;0.010738
22933078;-0.003068
22934079;-0.009204
22935078;-0.049087
22936079;-0.009204
22937078;-0.038350
22938078;-0.007670
22939077;-0.013806
22940079;-0.046019
22941080;-0.016874
22942078;-0.030680
22943090;-0.006136
22944077;-0.010738
22945078;-0.001534
22946077;-0.030680
22947078;-0.024544
22948077;-0.046019
22949078;-0.006136
22950077;-0.004602
22951078;-0.036816
22952077;-0.018408
22953092;-0.046019
22954081;-0.009204
22955080;-0.007670
22956081;0.021476
22957079;-0.018408
22958079;-0.042951
22959077;-0.003068
22960078;-0.024544
22961077;-0.003068
22962078;-0.023010
22963090;0.003068
22964080;-0.035282
22965077;-0.026078
22966078;-0.009204
22967081;-0.024544
22968077;0.004602
22969081;-0.041417
22970076;-0.015340
22971080;-0.046019
22972081;-0.024544
22973079;-0.003068
22974090;-0.003068
22975077;-0.018408
22976078;-0.049087
22977081;-0.006136
22978077;-0.042951
22979081;-0.015340
22980077;-0.016874
22981081;-0.021476
22982081;-0.015340
22983080;-0.013806
22984095;-0.010738
22985080;-0.035282
22986078;-0.021476
22987080;-0.001534
22988078;-0.018408
22989080;-0.046019
22990077;-0.015340
22991078;-0.001534
22992077;-0.049087
22993078;-0.018408
22994077;-0.049087
22995136;-0.006136
22996077;-0.021476
22997081;-0.003068
22998081;-0.026078
22999080;-0.049087
23000080;-0.007670
23001078;-0.018408
23002079;-0.009204
23003077;-0.023010
23004079;0.003068
23005077;-0.029146
23006094;-0.018408
23007081;-0.003068
23008077;-0.015340
23009081;-0.004602
23010077;-0.049087
23011081;-0.007670
23012077;-0.064427
23013081;-0.015340
23014077;-0.001534
23015081;-0.006136
23016090;-0.021476
23017077;-0.052155
23018078;-0.003068
23019077;-0.030680
23020078;-0.006136
23021076;-0.019942
23022077;-0.055223
23023081;-0.038350
23024077;-0.042951
23025080;0.010738
23026093;-0.016874
23027078;-0.004602
23028076;-0.038350
23029078;-0.024544
23030076;-0.046019
23031077;-0.018408
23032081;-0.004602
23033077;-0.053689
23034080;-0.030680
23035076;-0.046019
23036080;-0.018408
23037089;-0.003068
23038077;-0.009204
23039078;-0.026078
23040077;-0.049087
23041078;-0.023010
23042076;-0.052155
23043077;-0.009204
23044081;-0.027612
23045077;-0.003068
23046080;-0.027612
23047090;-0.029146
23048078;-0.015340
23049079;-0.023010
23050077;-0.007670
23051078;-0.042951
23052076;-0.024544
23053078;-0.052155
23054076;-0.032214
23055077;-0.003068
23056081;-0.026078
23057092;-0.007670
23058078;-0.055223
23059077;-0.021476
23060078;-0.064427
23061076;-0.015340
23062078;-0.012272
23063076;-0.049087
23064077;-0.012272
23065081;-0.052155
23066077;-0.015340
23067142;-0.018408
23068076;-0.006136
23069080;-0.030680
23070081;-0.036816
23071079;-0.046019
23072080;-0.021476
23073078;-0.007670
23074079;-0.035282
23075078;-0.009204
23076079;-0.046019
23077077;-0.042951
23078093;-0.012272
23079081;-0.021476
23080077;-0.003068
23081080;-0.052155
23082076;-0.019942
23083080;-0.049087
23084081;-0.021476
23085079;-0.021476
23086080;-0.042951
23087078;-0.030680
23088089;-0.038350
23089078;-0.018408
23090079;-0.006136
23091077;-0.001534
23092078;-0.004602
23093076;-0.052155
23094077;-0.047553
23095080;-0.041417
23096076;-0.006136
23097079;-0.018408
23098080;-0.007670
23099092;-0.044485
23100080;-0.023010
23101076;-0.056757
23102079;-0.018408
23103080;-0.012272
23104079;-0.044485
23105080;-0.007670
23106078;-0.058291
23107079;-0.030680
23108077;-0.004602
23109091;-0.027612
23110079;-0.027612
23111081;-0.055223
23112079;-0.036816
23113080;-0.049087
23114079;-0.021476
23115080;-0.032214
23116079;-0.007670
23117080;-0.035282
23118078;-0.033748
23119080;-0.009204
23120092;0.000000
23121077;-0.006136
23122081;-0.055223
23123078;-0.023010
23124077;-0.055223
23125078;-0.021476
23126077;-0.010738
23127077;-0.030680
23128076;-0.019942
23129078;-0.052155
23130086;-0.009204
23131090;-0.052155
23132081;-0.012272
23133081;-0.018408
23134081;-0.052155
23135080;-0.024544
23136081;-0.039884
23137079;-0.006136
23138081;-0.024544
23139079;-0.006136
23140080;-0.033748
23141094;-0.029146
23142079;-0.036816
23143078;-0.016874
23144079;-0.009204
23145078;-0.049087
23146080;-0.007670
23147078;-0.049087
23148079;-0.023010
23149078;-0.004602
23150080;-0.027612
23151091;-0.018408
23152079;-0.046019
23153080;-0.032214
23154079;-0.039884
23155080;-0.009204
23156078;-0.029146
23157079;-0.018408
23158077;-0.039884
23159078;-0.049087
23160077;-0.015340
23161078;-0.023010
23162090;-0.007670
23163081;-0.041417
23164080;-0.035282
23165081;-0.052155
23166081;-0.021476
23167081;-0.016874
23168079;-0.016874
23169081;-0.023010
23170080;-0.052155
23171076;-0.023010
23172094;-0.052155
23173079;-0.009204
23174079;-0.015340
23175080;-0.049087
23176078;-0.027612
23177079;-0.052155
23178078;-0.003068
23179080;-0.024544
23180078;-0.009204
23181079;-0.062893
23182094;-0.042951
23183077;-0.053689
23184078;-0.035282
23185077;-0.010738
23186078;-0.039884
23187077;-0.001534
23188078;-0.049087
23189077;-0.016874
23190077;-0.010738
23191077;-0.023010
23192078;-0.027612
23193094;-0.029146
23194079;-0.046019
23195079;-0.046019
23196079;-0.015340
23197077;-0.007670
23198078;-0.006136
23199077;-0.027612
23200078;-0.050621
23201077;-0.012272
23202079;-0.052155
23203091;0.081301
23204076;-0.035282
23205080;-0.047553
23206080;-0.047553
23207077;-0.024544
23208078;-0.010738
23209077;-0.001534
23210078;-0.006136
23211077;-0.047553
23212078;-0.018408
23213094;-0.046019
23214077;-0.019942
23215078;-0.019942
23216077;-0.044485
23217077;-0.026078
23218080;-0.042951
23219081;-0.009204
23220079;-0.030680
23221080;-0.009204
23222077;-0.026078
23223078;-0.042951
23224093;-0.064427
23225081;-0.016874
23226077;-0.012272
23227081;-0.023010
23228077;-0.010738
23229081;-0.036816
23230081;-0.027612
23231080;-0.010738
23232080;-0.013806
23233078;-0.009204
23234090;-0.044485
23235078;-0.013806
23236080;-0.049087
23237077;-0.013806
23238078;-0.016874
23239077;-0.003068
23240078;-0.007670
23241077;-0.036816
23242078;-0.006136
23243077;-0.030680
23244092;-0.006136
23245078;-0.027612
23246077;-0.030680
23247077;-0.026078
23248080;-0.024544
23249081;-0.006136
23250079;-0.016874
23251081;-0.001534
23252079;-0.026078
23253079;-0.021476
23254078;-0.053689
23255095;-0.010738
23256077;0.001534
23257077;-0.036816
23258081;-0.009204
23259077;-0.036816
23260080;-0.003068
23261081;-0.038350
23262079;0.000000
23263081;-0.001534
23264078;-0.033748
23265095;-0.016874
23266077;-0.029146
23267078;0.003068
23268077;-0.018408
23269078;0.003068
23270077;-0.010738
23271078;-0.033748
23272077;0.023010
23273078;-0.006136
23274077;0.007670
23275092;-0.021476
23276078;0.000000
23277079;-0.032214
23278080;-0.004602
23279076;-0.001534
23280080;0.006136
23281081;-0.007670
23282079;-0.027612
23283080;0.001534
23284078;-0.021476
23285094;0.006136
23286076;-0.004602
23287077;-0.024544
23288080;-0.024544
23289076;-0.027612
23290080;0.003068
23291076;-0.006136
23292079;0.018408
23293080;-0.016874
23294078;0.007670
23295079;-0.035282
23296090;0.001534
23297078;-0.016874
23298079;-0.029146
23299077;-0.010738
23300078;-0.009204
23301076;0.010738
23302078;-0.009204
23303076;-0.004602
23304077;0.003068
23305081;-0.027612
23306077;-0.009204
23307094;-0.021476
23308077;0.015340
23309078;-0.003068
23310076;0.039884
23311078;-0.029146
23312076;-0.006136
23313077;0.018408
23314081;-0.003068
23315077;0.023010
23316080;-0.018408
23317091;0.016874
23318077;-0.030680
23319080;0.006136
23320076;0.023010
23321080;-0.001534
23322081;0.018408
23323080;-0.024544
23324080;0.009204
23325079;-0.006136
23326080;0.015340
23327078;0.003068
23328091;-0.021476
23329079;-0.004602
23330080;-0.015340
23331079;0.015340
23332080;0.004602
23333078;0.015340
23334079;-0.018408
23335078;-0.006136
23336079;-0.019942
23337077;0.003068
23338077;0.019942
23339089;-0.024544
23340077;0.010738
23341078;-0.024544
23342076;0.009204
23343077;-0.032214
23344080;0.003068
23345076;-0.003068
23346080;-0.027612
23347080;-0.001534
23348078;-0.016874
23349079;0.015340
23350094;0.010738
23351077;0.013806
23352078;-0.009204
23353076;-0.018408
23354077;0.007670
23355080;0.000000
23356076;0.015340
23357079;-0.027612
23358081;0.010738
23359079;-0.041417
23360132;-0.003068
23361076;0.010738
23362079;0.009204
23363081;0.000000
23364079;-0.039884
23365080;-0.001534
23366078;-0.039884
23367079;0.009204
23368077;-0.012272
23369078;-0.044485
23370076;-0.108913
23371092;-0.036816
23372077;-0.006136
23373081;-0.018408
23374077;0.015340
23375080;-0.030680
23376081;-0.016874
23377080;-0.047553
23378081;-0.015340
23379080;0.004602
23380081;-0.058291
23381090;-0.015340
23382080;-0.046019
23383079;-0.015340
23384080;-0.046019
23385079;0.001534
23386080;-0.013806
23387079;-0.042951
23388080;-0.026078
23389079;-0.050621
23390081;-0.003068
23391094;-0.019942
23392076;-0.001534
23393078;-0.030680
23394077;-0.018408
23395079;-0.004602
23396077;-0.021476
23397077;0.006136
23398081;-0.038350
23399077;0.001534
23400081;-0.036816
23401092;-0.007670
23402078;0.001534
23403080;-0.021476
23404078;-0.026078
23405079;-0.021476
23406079;-0.007670
23407078;-0.021476
23408077;-0.003068
23409078;-0.007670
23410077;-0.041417
23411078;-0.012272
23412090;-0.015340
23413081;0.003068
23414081;-0.018408
23415081;-0.003068
23416081;-0.021476
23417081;-0.018408
23418080;-0.049087
23419081;-0.035282
23420081;0.007670
23421081;-0.019942
23422079;0.003068
23423091;-0.038350
23424081;0.012272
23425081;-0.036816
23426081;-0.001534
23427080;-0.001534
23428081;-0.033748
23429080;-0.009204
23430081;-0.024544
23431079;0.015340
23432081;-0.001534
23433093;0.029146
23434078;-0.018408
23435077;-0.016874
23436078;0.010738
23437076;-0.004602
23438077;0.004602
23439076;-0.039884
23440078;0.016874
23441076;-0.035282
23442078;0.010738
23443090;0.016874
23444090;-0.004602
23445081;0.004602
23446079;-0.035282
23447080;0.003068
23448078;-0.033748
23449080;0.012272
23450078;-0.007670
23451080;-0.032214
23452078;-0.016874
23453080;-0.027612
23454092;0.027612
23455077;-0.023010
23456081;0.018408
23457076;-0.027612
23458080;0.018408
23459076;-0.018408
23460080;0.009204
23461081;0.023010
23462080;-0.004602
23463081;0.023010
23464090;-0.019942
23465078;0.013806
23466079;-0.024544
23467077;0.015340
23468079;0.016874
23469077;-0.023010
23470079;0.012272
23471077;-0.006136
23472078;0.021476
23473077;0.016874
23474086;0.024544
23475094;-0.004602
23476076;-0.004602
23477078;0.024544
23478076;0.003068
23479078;0.027612
23480077;0.000000
23481078;0.024544
23482077;-0.006136
23483078;0.000000
23484081;0.029146
23485093;0.018408
23486081;0.029146
23487077;-0.013806
23488080;0.024544
23489081;-0.018408
23490079;0.018408
23491081;0.032214
23492079;-0.019942
23493079;0.012272
23494077;-0.013806
23495091;0.018408
23496078;-0.015340
23497079;0.030680
23498077;-0.010738
23499078;-0.013806
23500077;-0.001534
23501078;-0.001534
23502077;0.033748
23503078;0.009204
23504077;0.036816
23505094;0.001534
23506079;0.004602
23507081;-0.015340
23508077;0.035282
23509081;-0.016874
23510077;-0.079767
23511081;0.023010
23512077;-0.009204
23513081;0.018408
23514081;0.026078
23515091;0.018408
23516081;0.018408
23517079;-0.019942
23518079;0.018408
23519078;-0.021476
23520079;0.021476
23521077;0.012272
23522078;0.027612
23523077;0.010738
23524078;-0.015340
23525081;0.029146
23526091;0.007670
23527077;0.030680
23528078;-0.004602
23529077;0.010738
23530078;-0.015340
23531077;0.006136
23532078;0.029146
23533081;-0.001534
23534077;0.035282
23535081;-0.024544
23536090;0.010738
23537077;-0.019942
23538078;0.016874
23539077;0.009204
23540076;-0.027612
23541079;0.003068
23542081;-0.027612
23543079;0.010738
23544080;0.009204
23545078;0.009204
23546091;-0.003068
23547078;-0.026078
23548079;-0.018408
23549077;-0.021476
23550078;0.009204
23551077;-0.018408
23552078;0.010738
23553076;-0.032214
23554077;-0.004602
23555081;0.015340
23556092;-0.006136
23557078;0.010738
23558076;-0.024544
23559077;-0.004602
23560081;-0.033748
23561077;-0.001534
23562080;0.016874
23563076;0.006136
23564080;-0.007670
23565081;-0.030680
23566151;0.006136
23567079;-0.030680
23568077;0.001534
23569079;0.001534
23570077;-0.013806
23571078;-0.018408
23572076;0.000000
23573077;0.009204
23574080;-0.010738
23575076;0.009204
23576079;-0.016874
23577092;0.000000
23578080;-0.032214
23579081;0.003068
23580079;0.016874
23581080;-0.023010
23582079;0.021476
23583080;-0.029146
23584078;0.007670
23585079;0.016874
23586077;0.021476
23587094;0.010738
23588079;-0.032214
23589078;-0.001534
23590079;-0.015340
23591077;-0.003068
23592078;0.001534
23593076;0.023010
23594077;0.003068
23595080;-0.012272
23596076;0.023010
23597089;-0.006136
23598092;0.026078
23599080;-0.016874
23600076;-0.015340
23601080;-0.015340
23602081;0.013806
23603079;0.026078
23604080;0.010738
23605078;0.015340
23606080;-0.030680
23607077;0.007670
23608091;-0.021476
23609079;0.018408
23610080;0.012272
23611078;-0.007670
23612079;-0.013806
23613078;-0.009204
23614079;0.012272
23615077;-0.004602
23616078;0.016874
23617076;0.010738
23618090;-0.016874
23619078;-0.006136
23620079;-0.006136
23621077;0.015340
23622078;0.004602
23623076;0.030680
23624077;-0.019942
23625080;0.013806
23626076;0.027612
23627079;0.023010
23628080;0.033748
23629090;-0.007670
23630081;0.023010
23631079;-0.015340
23632080;0.018408
23633077;0.033748
23634081;0.021476
23635077;0.007670
23636081;-0.021476
23637077;0.013806
23638081;-0.006136
23639092;0.023010
23640081;0.013806
23641081;-0.018408
23642080;-0.001534
23643076;-0.006136
23644080;0.027612
23645081;0.015340
23646080;0.027612
23647081;0.000000
23648079;0.007670
23649081;0.000000
23650092;0.019942
23651078;0.026078
23652077;-0.013806
23653078;0.029146
23654076;-0.015340
23655078;0.010738
23656077;0.026078
23657077;0.023010
23658076;0.021476
23659078;-0.003068
23660092;0.001534
23661077;-0.003068
23662081;0.027612
23663077;0.010738
23664081;0.030680
23665077;0.016874
23666081;-0.003068
23667076;0.029146
23668081;0.007670
23669081;0.029146
23670090;-0.023010
23671079;0.029146
23672080;-0.016874
23673078;0.012272
23674079;0.021476
23675079;0.021476
23676079;0.010738
23677077;-0.016874
23678078;0.018408
23679077;-0.009204
23680092;0.024544
23681080;0.009204
23682081;-0.016874
23683080;0.001534
23684081;0.009204
23685080;0.024544
23686081;0.019942
23687080;0.023010
23688081;-0.015340
23689080;0.001534
23690081;-0.012272
23691093;0.010738
23692078;0.016874
23693077;-0.019942
23694078;0.012272
23695077;-0.018408
23696078;0.021476
23697077;0.013806
23698077;0.024544
23699077;0.006136
23700077;-0.007670
23701090;-0.006136
23702080;-0.001534
23703079;0.010738
23704080;-0.001534
23705079;0.029146
23706080;0.001534
23707079;-0.015340
23708080;0.016874
23709079;0.012272
23710081;0.024544
23711091;-0.023010
23712079;0.009204
23713080;-0.021476
23714079;0.015340
23715080;0.016874
23716078;0.010738
23717078;-0.004602
23718077;-0.003068
23719078;-0.026078
23720077;0.015340
23721077;-0.003068
23722092;-0.024544
23723078;-0.012272
23724076;-0.016874
23725078;-0.004602
23726077;0.018408
23727081;0.004602
23728081;0.018408
23729079;-0.033748
23730081;-0.016874
23731080;-0.033748
23732090;-0.052155
23733081;0.004602
23734079;-0.032214
23735080;-0.001534
23736078;-0.027612
23737079;0.004602
23738077;-0.010738
23739078;0.009204
23740077;-0.015340
23741078;-0.032214
23742102;-0.036816
23743077;0.018408
23744081;0.023010
23745077;-0.021476
23746081;0.007670
23747077;-0.049087
23748080;-0.006136
23749081;0.010738
23750079;0.003068
23751080;0.003068
23752078;-0.039884
23753091;-0.007670
23754080;-0.039884
23755078;0.004602
23756080;-0.006136
23757077;-0.010738
23758078;-0.012272
23759077;-0.038350
23760078;0.006136
23761077;-0.004602
23762078;0.006136
23763077;-0.035282
23764094;-0.004602
23765077;-0.036816
23766078;0.003068
23767081;0.006136
23768077;-0.018408
23769081;0.004602
23770077;-0.032214
23771081;0.016874
23772077;-0.033748
23773081;0.006136
23774094;0.004602
23775077;-0.027612
23776078;-0.021476
23777081;-0.018408
23778077;0.006136
23779081;0.001534
23780077;-0.009204
23781081;-0.018408
23782077;-0.015340
23783081;-0.029146
23784092;-0.001534
23785078;0.010738
23786081;-0.016874
23787077;0.010738
23788081;-0.012272
23789077;0.006136
23790081;0.010738
23791077;0.015340
23792081;0.003068
23793077;-0.030680
23794081;-0.003068
23795090;-0.021476
23796077;0.015340
23797078;-0.009204
23798077;0.018408
23799078;-0.013806
23800077;-0.018408
23801078;0.013806
23802080;0.007670
23803076;0.010738
23804079;-0.029146
23805091;0.006136
23806077;-0.035282
23807081;0.001534
23808076;0.013806
23809080;0.012272
23810081;-0.010738
23811079;-0.032214
23812080;0.015340
23813078;-0.033748
23814079;0.009204
23815132;-0.007670
23816076;-0.027612
23817079;-0.010738
23818080;-0.030680
23819079;0.018408
23820080;-0.003068
23821078;0.010738
23822079;-0.004602
23823078;0.006136
23824079;-0.010738
23825077;0.003068
23826090;0.001534
23827080;0.024544
23828079;-0.006136
23829080;-0.027612
23830078;-0.007670
23831079;0.003068
23832077;0.009204
23833079;0.010738
23834077;-0.039884
23835078;-0.019942
23836076;-0.012272
23837090;0.012272
23838077;-0.010738
23839079;0.015340
23840077;-0.023010
23841078;-0.003068
23842076;0.010738
23843077;0.016874
23844080;0.010738
23845076;-0.027612
23846080;0.006136
23847093;-0.033748
23848076;0.012272
23849077;-0.001534
23850081;0.015340
23851077;0.003068
23852080;-0.035282
23853076;0.003068
23854080;-0.015340
23855081;0.018408
23856079;-0.001534
23857091;-0.018408
23858094;-0.021476
23859077;-0.004602
23860078;0.018408
23861076;-0.007670
23862078;0.007670
23863076;-0.023010
23864077;-0.006136
23865080;-0.024544
23866076;0.004602
23867080;0.021476
23868089;-0.030680
23869078;0.010738
23870079;-0.033748
23871077;0.006136
23872078;0.015340
23873076;0.018408
23874077;0.004602
23875080;-0.027612
23876076;-0.026078
23877079;-0.012272
23878090;0.009204
23879078;-0.016874
23880079;0.015340
23881078;-0.029146
23882079;0.006136
23883077;0.010738
23884078;0.007670
23885076;0.018408
23886077;-0.032214
23887080;0.001534
23888092;-0.033748
23889078;0.003068
23890076;0.012272
23891077;0.015340
23892081;-0.003068
23893077;-0.030680
23894080;0.009204
23895081;0.000000
23896081;0.012272
23897080;0.001534
23898090;-0.027612
23899090;-0.018408
23900080;-0.004602
23901079;0.016874
23902080;-0.023010
23903079;0.010738
23904080;-0.019942
23905078;-0.004602
23906080;-0.030680
23907079;0.000000
23908079;0.009204
23909090;-0.041417
23910081;0.009204
23911079;-0.029146
23912080;0.004602
23913079;0.004602
23914080;0.010738
23915079;0.003068
23916080;-0.033748
23917079;0.001534
23918080;-0.015340
23919092;0.015340
23920077;-0.004602
23921081;0.015340
23922077;-0.004602
23923077;0.000000
23924077;0.010738
23925081;0.006136
23926077;-0.001534
23927081;-0.007670
23928077;0.019942
23929114;-0.016874
23930081;0.001534
23931076;-0.007670
23932080;-0.015340
23933081;0.015340
23934081;-0.024544
23935081;0.010738
23936081;-0.018408
23937081;0.015340
23938080;-0.029146
23939076;-0.035282
23940094;-0.004602
23941079;-0.012272
23942079;0.018408
23943080;-0.007670
23944078;0.016874
23945079;-0.016874
23946079;-0.003068
23947078;-0.030680
23948077;0.003068
23949078;0.021476
23950094;-0.016874
23951077;0.010738
23952078;-0.023010
23953077;0.007670
23954078;0.009204
23955077;0.015340
23956078;-0.001534
23957076;-0.018408
23958077;-0.001534
23959076;-0.006136
23960140;0.015340
23961080;0.001534
23962081;0.016874
23963080;-0.004602
23964081;-0.001534
23965080;0.010738
23966081;0.010738
23967080;0.023010
23968080;-0.026078
23969080;0.000000
23970081;-0.027612
23971094;0.006136
23972078;0.016874
23973077;0.018408
23974078;0.009204
23975077;-0.033748
23976078;0.003068
23977077;-0.012272
23978077;0.012272
23979077;0.001534
23980077;-0.026078
23981094;-0.006136
23982079;0.000000
23983078;0.003068
23984080;-0.010738
23985078;0.018408
23986079;-0.007670
23987078;0.006136
23988079;-0.024544
23989080;0.003068
23990078;0.021476
23991089;-0.027612
23992090;0.003068
23993078;-0.024544
23994079;0.007670
23995078;0.021476
23996080;0.015340
23997077;-0.003068
23998077;-0.010738
23999081;-0.026078
24000077;-0.021476
24001081;0.015340
24002077;0.004602
24003090;0.015340
24004081;-0.013806
24005079;-0.012272
24006080;0.018408
24007077;0.004602
24008078;0.016874
24009077;-0.019942
24010078;0.001534
24011077;-0.024544
24012078;0.006136
24013091;0.015340
24014081;0.018408
24015079;-0.001534
24016081;-0.026078
24017079;0.033748
24018079;-0.030680
24019077;0.018408
24020078;0.001534
24021077;-0.024544
24022078;-0.007670
24023077;-0.027612
24024090;0.009204
24025078;-0.036816
24026079;0.016874
24027077;-0.006136
24028078;0.007670
24029077;-0.030680
24030078;0.006136
24031077;-0.007670
24032077;-0.013806
24033081;0.003068
24034094;-0.007670
24035079;-0.015340
24036077;-0.007670
24037078;0.006136
24038077;-0.001534
24039078;-0.021476
24040077;-0.004602
24041078;-0.015340
24042077;0.021476
24043078;-0.001534
24044077;0.021476
24045092;-0.004602
24046079;-0.006136
24047080;0.010738
24048077;0.007670
24049079;0.023010
24050081;-0.021476
24051077;-0.001534
24052081;-0.024544
24053081;-0.003068
24054079;0.010738
24055093;0.009204
24056079;0.010738
24057081;-0.024544
24058079;0.012272
24059079;-0.021476
24060077;0.015340
24061079;-0.012272
24062077;-0.029146
24063078;0.006136
24064081;-0.012272
24065093;0.023010
24066076;-0.003068
24067077;0.010738
24068080;-0.015340
24069077;0.006136
24070080;-0.024544
24071081;0.009204
24072079;0.019942
24073080;-0.018408
24074079;0.006136
24075087;-0.024544
24076090;0.009204
24077078;0.016874
24078078;0.018408
24079077;-0.003068
24080078;-0.026078
24081076;-0.001534
24082078;-0.013806
24083076;0.018408
24084077;-0.007670
24085080;0.021476
24086090;-0.001534
24087078;-0.015340
24088079;0.018408
24089077;-0.016874
24090078;0.016874
24091077;-0.023010
24092077;0.006136
24093076;-0.024544
24094077;0.015340
24095080;0.007670
24096093;0.009204
24097080;0.004602
24098076;-0.026078
24099080;0.001534
24100081;-0.012272
24101079;0.021476
24102080;-0.001534
24103078;-0.012272
24104079;-0.018408
24105077;-0.021476
24106091;0.021476
24107076;0.001534
24108080;0.023010
24109076;-0.013806
24110079;0.000000
24111080;-0.026078
24112079;0.009204
24113080;0.026078
24114078;-0.013806
24115079;0.010738
24116077;-0.027612
24117093;0.013806
24118080;0.009204
24119077;0.033748
24120080;0.004602
24121081;-0.027612
24122079;-0.004602
24123081;-0.003068
24124079;0.018408
24125080;0.009204
24126078;0.021476
24127079;0.006136
24128091;0.003068
24129079;0.018408
24130081;0.007670
24131079;0.021476
24132080;-0.019942
24133078;-0.001534
24134079;-0.024544
24135078;0.006136
24136079;0.004602
24137077;0.007670
24138093;-0.001534
24139076;-0.019942
24140077;0.004602
24141081;-0.006136
24142077;0.024544
24143081;0.001534
24144077;-0.023010
24145080;-0.012272
24146076;-0.024544
24147079;0.018408
24148091;-0.001534
24149079;0.027612
24150080;-0.013806
24151078;0.006136
24152079;-0.024544
24153077;0.010738
24154079;0.018408
24155077;-0.016874
24156078;0.003068
24157081;-0.023010
24158084;0.018408
24159092;0.023010
24160076;0.021476
24161081;0.004602
24162081;-0.023010
24163080;0.003068
24164081;-0.026078
24165081;0.021476
24166081;0.003068
24167080;0.021476
24168081;-0.001534
24169081;0.000000
24170094;0.018408
24171079;0.006136
24172078;0.019942
24173079;-0.003068
24174078;0.006136
24175080;-0.023010
24176078;0.000000
24177079;0.021476
24178077;0.018408
24179080;0.021476
24180092;-0.023010
24181077;0.007670
24182081;-0.010738
24183077;0.021476
24184081;-0.006136
24185077;-0.015340
24186081;-0.004602
24187077;-0.021476
24188081;0.026078
24189077;-0.004602
24190092;0.023010
24191081;-0.004602
24192081;0.009204
24193080;-0.023010
24194081;0.015340
24195080;0.023010
24196081;-0.019942
24197080;0.010738
24198081;-0.024544
24199080;0.015340
24200094;0.023010
24201077;0.009204
24202078;0.015340
24203077;-0.018408
24204078;0.001534
24205077;-0.027612
24206078;0.021476
24207077;-0.004602
24208077;0.021476
24209081;-0.010738
24210086;0.001534
24211092;0.012272
24212076;0.018408
24213081;0.026078
24214081;0.006136
24215080;-0.004602
24216081;-0.023010
24217080;0.000000
24218081;0.010738
24219080;0.015340
24220081;0.016874
24221094;-0.021476
24222079;0.015340
24223077;-0.027612
24224078;0.018408
24225077;0.004602
24226078;-0.021476
24227077;-0.013806
24228078;-0.006136
24229077;0.021476
24230078;0.004602
24231090;0.021476
24232094;-0.001534
24233080;0.010738
24234079;-0.021476
24235079;0.010738
24236077;0.023010
24237079;-0.026078
24238077;0.010738
24239078;-0.032214
24240076;0.007670
24241078;0.010738
24242092;0.012272
24243078;-0.007670
24244076;0.001534
24245078;0.024544
24246077;-0.007670
24247078;0.012272
24248076;0.007670
24249078;0.032214
24250077;0.004602
24251081;0.009204
24252090;0.021476
24253078;-0.009204
24254079;0.021476
24255078;-0.004602
24256079;-0.016874
24257077;-0.027612
24258078;0.010738
24259077;0.023010
24260078;0.006136
24261077;0.006136
24262091;-0.027612
24263077;0.010738
24264081;-0.021476
24265077;0.021476
24266081;0.007670
24267077;-0.024544
24268081;0.003068
24269077;-0.015340
24270081;0.018408
24271076;0.001534
24272089;0.018408
24273095;-0.009204
24274077;0.003068
24275079;-0.015340
24276077;0.007670
24277078;0.026078
24278077;-0.021476
24279078;0.035282
24280077;-0.024544
24281077;0.001534
24282081;0.021476
24283091;0.021476
24284078;0.099709
24285079;-0.026078
24286078;0.001534
24287079;-0.021476
24288077;0.021476
24289078;0.015340
24290077;0.023010
24291079;-0.001534
24292077;0.000000
24293093;0.021476
24294080;0.009204
24295081;0.023010
24296079;-0.012272
24297081;-0.010738
24298079;-0.024544
24299079;0.006136
24300077;0.016874
24301079;0.009204
24302077;0.016874
24303093;-0.010738
24304078;0.009204
24305077;-0.027612
24306078;0.015340
24307077;0.013806
24308078;-0.024544
24309077;-0.006136
24310078;-0.009204
24311077;0.021476
24312078;-0.004602
24313090;0.027612
24314081;-0.001534
24315080;0.006136
24316080;-0.027612
24317077;0.010738
24318078;0.015340
24319077;-0.018408
24320078;0.016874
24321077;-0.023010
24322078;0.007670
24323077;0.026078
24324092;-0.006136
24325077;0.001534
24326078;-0.024544
24327079;0.001534
24328077;-0.006136
24329078;0.015340
24330076;0.003068
24331078;0.019942
24332076;-0.001534
24333077;-0.012272
24334090;0.021476
24335076;0.000000
24336079;0.021476
24337080;0.001534
24338078;0.007670
24339080;-0.029146
24340078;0.007670
24341079;0.023010
24342077;0.013806
24343078;0.010738
24344077;-0.027612
24345090;0.000000
24346078;0.003068
24347079;0.015340
24348077;-0.004602
24349079;0.041417
24350077;0.030680
24351078;0.003068
24352076;-0.006136
24353077;0.010738
24354081;0.035282
24355092;0.000000
24356078;0.001534
24357076;-0.015340
24358077;-0.006136
24359081;0.009204
24360077;-0.023010
24361080;0.023010
24362081;-0.013806
24363080;0.018408
24364080;0.016874
24365079;0.021476
24366090;0.016874
24367078;-0.024544
24368079;0.006136
24369077;-0.024544
24370078;0.015340
24371077;0.006136
24372077;0.015340
24373081;-0.001534
24374077;-0.015340
24375080;0.015340
24376093;0.010738
24377078;0.018408
24378076;0.006136
24379077;-0.010738
24380081;-0.019942
24381077;0.006136
24382080;0.024544
24383076;0.015340
24384079;0.023010
24385080;-0.027612
24386078;0.015340
24387090;-0.027612
24388078;0.012272
24389080;0.021476
24390078;-0.021476
24391079;0.001534
24392077;-0.021476
24393078;0.000000
24394077;0.016874
24395078;0.027612
24396076;-0.001534
24397092;-0.009204
24398080;-0.019942
24399076;0.006136
24400079;0.009204
24401081;-0.009204
24402079;0.010738
24403080;-0.029146
24404078;0.013806
24405079;0.023010
24406077;0.015340
24407089;0.006136
24408077;-0.024544
24409078;-0.004602
24410077;-0.027612
24411078;-0.001534
24412076;0.003068
24413077;-0.033748
24414080;-0.004602
24415076;-0.016874
24416079;0.006136
24417093;0.001534
24418076;0.027612
24419078;-0.009204
24420078;0.001534
24421077;-0.033748
24422078;0.007670
24423077;0.023010
24424078;0.013806
24425076;0.027612
24426078;-0.024544
24427092;0.012272
24428079;-0.024544
24429081;0.018408
24430080;0.007670
24431081;-0.024544
24432080;-0.001534
24433081;-0.030680
24434080;0.027612
24435081;-0.007670
24436079;0.019942
24437080;-0.003068
24438094;-0.016874
24439079;-0.026078
24440078;-0.010738
24441080;0.016874
24442078;-0.012272
24443080;0.015340
24444078;-0.027612
24445080;0.010738
24446078;0.015340
24447079;0.010738
24448092;0.012272
24449077;-0.027612
24450081;0.016874
24451078;-0.009204
24452076;0.027612
24453077;0.004602
24454080;0.015340
24455081;0.001534
24456081;0.003068
24457081;0.015340
24458094;-0.006136
24459078;0.006136
24460078;0.001534
24461077;-0.006136
24462077;-0.018408
24463077;0.006136
24464078;0.023010
24465077;0.006136
24466078;0.019942
24467077;-0.018408
24468091;0.009204
24469079;-0.024544
24470081;0.010738
24471079;0.010738
24472080;-0.018408
24473079;0.006136
24474080;-0.021476
24475079;0.023010
24476080;0.004602
24477079;0.023010
24478080;0.004602
24479094;-0.030680
24480079;-0.016874
24481077;-0.012272
24482079;0.010738
24483079;-0.010738
24484079;0.015340
24485079;-0.023010
24486079;0.007670
24487078;0.023010
24488078;0.007670
24489092;0.015340
24490081;-0.024544
24491077;0.003068
24492081;-0.027612
24493081;0.010738
24494080;-0.006136
24495081;0.021476
24496081;0.004602
24497081;-0.012272
24498080;0.018408
24499093;-0.016874
24500080;0.023010
24501081;-0.001534
24502080;-0.010738
24503081;-0.024544
24504081;0.010738
24505081;0.023010
24506080;0.010738
24507081;0.012272
24508080;-0.024544
24509138;0.007670
24510078;-0.024544
24511080;0.015340
24512078;0.009204
24513081;-0.023010
24514077;0.001534
24515081;-0.024544
24516077;-0.003068
24517080;0.007670
24518081;0.015340
24519079;0.004602
24520093;-0.004602
24521081;-0.006136
24522077;0.009204
24523081;0.023010
24524077;-0.015340
24525081;0.026078
24526076;-0.016874
24527079;0.010738
24528080;0.009204
24529077;0.010738
24530090;0.023010
24531081;-0.023010
24532079;0.004602
24533079;-0.023010
24534078;0.018408
24535079;0.007670
24536078;0.021476
24537079;-0.012272
24538077;-0.023010
24539078;0.015340
24540077;0.010738
24541091;0.010738
24542078;-0.013806
24543079;-0.006136
24544077;-0.021476
24545079;0.007670
24546081;0.021476
24547077;0.009204
24548081;0.027612
24549077;-0.023010
24550081;0.013806
24551132;-0.024544
24552080;0.021476
24553077;0.003068
24554078;-0.024544
24555077;0.001534
24556078;-0.018408
24557081;0.016874
24558077;0.003068
24559081;0.009204
24560077;0.001534
24561081;-0.001534
24562094;-0.015340
24563077;0.009204
24564078;0.024544
24565077;-0.012272
24566078;0.016874
24567081;-0.015340
24568077;0.010738
24569081;0.030680
24570077;0.016874
24571081;0.015340
24572093;-0.021476
24573078;0.015340
24574077;-0.019942
24575078;0.018408
24576077;0.024544
24577078;0.018408
24578077;0.007670
24579079;-0.016874
24580077;0.027612
24581078;0.013806
24582095;0.036816
24583080;0.001534
24584078;-0.010738
24585080;-0.006136
24586077;0.010738
24587079;0.024544
24588079;0.010738
24589081;0.029146
24590079;-0.019942
24591080;0.010738
24592078;-0.024544
24593091;0.021476
24594079;0.015340
24595080;-0.021476
24596078;0.013806
24597079;-0.018408
24598077;0.015340
24599078;0.004602
24600077;0.009204
24601078;0.004602
24602076;-0.006136
24603091;-0.016874
24604077;-0.009204
24605080;0.021476
24606076;-0.001534
24607079;0.016874
24608080;-0.016874
24609078;0.006136
24610080;0.021476
24611078;0.021476
24612079;0.009204
24613094;-0.036816
24614079;0.003068
24615078;-0.019942
24616079;0.024544
24617077;0.013806
24618077;0.019942
24619076;0.009204
24620077;-0.021476
24621080;0.021476
24622076;-0.006136
24623080;0.027612
24624091;-0.001534
24625077;-0.012272
24626080;-0.012272
24627076;0.007670
24628079;0.026078
24629081;0.004602
24630079;0.023010
24631080;-0.019942
24632078;0.012272
24633079;-0.027612
24634093;0.010738
24635079;0.007670
24636077;-0.026078
24637078;0.006136
24638076;-0.027612
24639077;-0.001534
24640081;0.004602
24641077;0.024544
24642080;0.003068
24643076;-0.018408
24644079;-0.033748
24645090;0.007670
24646078;0.021476
24647079;0.010738
24648077;0.026078
24649078;-0.024544
24650077;0.010738
24651078;0.029146
24652076;0.013806
24653077;0.027612
24654081;-0.019942
24655090;0.003068
24656077;-0.024544
24657078;0.015340
24658077;0.010738
24659078;0.024544
24660076;0.001534
24661077;0.009204
24662081;0.018408
24663077;0.013806
24664080;-0.010738
24665091;-0.001534
24666079;0.009204
24667080;0.000000
24668079;0.018408
24669080;0.021476
24670078;0.013806
24671079;0.013806
24672077;-0.033748
24673079;0.007670
24674077;-0.021476
24675090;-0.003068
24676080;0.004602
24677078;-0.027612
24678079;-0.003068
24679077;-0.009204
24680079;0.010738
24681077;0.012272
24682081;0.015340
24683077;-0.003068
24684080;-0.009204
24685094;-0.016874
24686094;-0.006136
24687079;0.012272
24688078;-0.007670
24689079;0.010738
24690078;-0.030680
24691080;0.006136
24692079;0.010738
24693080;0.000000
24694078;-0.010738
24695079;-0.027612
24696092;-0.010738
24697077;-0.024544
24698081;0.009204
24699076;-0.007670
24700080;0.021476
24701081;-0.010738
24702080;0.000000
24703081;0.010738
24704081;0.001534
24705081;0.010738
24706091;-0.018408
24707093;-0.010738
24708078;-0.030680
24709077;0.003068
24710078;0.023010
24711077;0.001534
24712078;0.001534
24713077;-0.024544
24714078;0.009204
24715077;-0.035282
24716077;0.018408
24717094;0.015340
24718079;-0.024544
24719078;-0.004602
24720080;-0.018408
24721078;0.027612
24722079;0.001534
24723079;0.032214
24724079;-0.010738
24725078;0.006136
24726079;-0.021476
24727078;0.015340
24728092;0.027612
24729077;-0.021476
24730081;0.024544
24731077;-0.024544
24732081;0.013806
24733077;0.021476
24734081;0.021476
24735077;0.019942
24736081;-0.021476
24737077;0.010738
24738094;-0.015340
24739090;0.027612
24740080;0.009204
24741079;0.044485
24742080;-0.016874
24743079;0.000000
24744081;0.044485
24745079;0.010738
24746080;0.027612
24747079;-0.021476
24748080;0.018408
24749092;-0.036816
24750092;0.010738
24751077;0.018408
24752081;0.029146
24753077;0.012272
24754081;-0.019942
24755078;0.015340
24756076;-0.021476
24757077;0.018408
24758081;-0.001534
24759077;-0.024544
24760094;-0.024544
24761080;-0.003068
24762079;0.009204
24763079;-0.010738
24764077;0.015340
24765079;-0.030680
24766079;0.007670
24767079;0.006136
24768077;-0.007670
24769078;0.006136
24770090;-0.021476
24771079;-0.010738
24772080;-0.001534
24773078;-0.003068
24774079;-0.001534
24775080;0.009204
24776077;-0.001534
24777078;-0.036816
24778076;-0.010738
24779079;-0.026078
24780092;0.012272
24781078;-0.006136
24782077;0.010738
24783078;-0.023010
24784077;0.000000
24785078;0.010738
24786077;0.003068
24787078;0.010738
24788077;-0.032214
24789078;0.001534
24790077;-0.027612
24791093;0.006136
24792080;0.016874
24793081;0.010738
24794079;0.013806
24795081;-0.018408
24796079;0.018408
24797079;-0.015340
24798077;0.021476
24799078;0.007670
24800077;-0.003068
24801091;-0.019942
24802078;0.006136
24803079;0.030680
24804077;-0.001534
24805079;0.030680
24806077;0.001534
24807077;0.018408
24808081;-0.019942
24809077;0.019942
24810080;0.038350
24811095;-0.019942
24812080;0.016874
24813077;-0.016874
24814078;0.030680
24815077;0.023010
24816078;0.032214
24817081;0.007670
24818077;-0.016874
24819081;0.012272
24820077;0.006136
24821085;0.006136
24822094;-0.001534
24823077;0.030680
24824078;0.004602
24825081;0.018408
24826077;0.030680
24827081;0.013806
24828077;0.033748
24829080;-0.013806
24830081;0.018408
24831079;-0.018408
24832094;0.018408
24833077;0.027612
24834078;0.018408
24835076;0.007670
24836077;-0.015340
24837080;0.023010
24838081;-0.013806
24839079;0.023010
24840081;0.016874
24841079;-0.013806
24842093;-0.009204
24843081;-0.018408
24844077;0.015340
24845081;-0.010738
24846081;0.016874
24847079;-0.019942
24848079;0.006136
24849078;-0.032214
24850079;0.006136
24851078;0.015340
24852094;-0.030680
24853080;-0.001534
24854078;-0.033748
24855079;-0.009204
24856077;0.003068
24857078;0.009204
24858076;-0.009204
24859077;-0.030680
24860081;-0.010738
24861077;-0.006136
24862080;0.006136
24863094;-0.018408
24864077;0.010738
24865078;-0.033748
24866076;-0.003068
24867077;-0.004602
24868081;0.003068
24869077;0.010738
24870080;-0.050621
24871076;-0.007670
24872079;-0.055223
24873092;0.004602
24874078;-0.009204
24875077;-0.003068
24876077;-0.012272
24877081;-0.006136
24878077;0.000000
24879080;-0.016874
24880076;0.018408
24881079;-0.012272
24882081;-0.029146
24883094;-0.001534
24884080;-0.006136
24885078;0.006136
24886079;-0.024544
24887077;0.019942
24888078;-0.029146
24889076;-0.003068
24890077;-0.108913
24891080;0.006136
24892076;0.009204
24893080;-0.023010
24894091;-0.001534
24895079;-0.033748
24896080;0.010738
24897078;0.010738
24898079;0.021476
24899078;0.012272
24900079;-0.013806
24901077;-0.012272
24902078;0.001534
24903076;0.016874
24904094;-0.004602
24905076;0.024544
24906077;-0.010738
24907080;0.009204
24908081;0.021476
24909079;0.010738
24910080;0.029146
24911079;-0.013806
24912080;0.013806
24913078;-0.018408
24914092;0.023010
24915078;0.027612
24916076;0.023010
24917077;0.009204
24918080;-0.021476
24919076;0.021476
24920080;-0.006136
24921081;0.027612
24922079;-0.009204
24923081;-0.012272
24924079;-0.004602
24925091;0.006136
24926079;0.019942
24927080;0.001534
24928078;0.016874
24929079;-0.023010
24930077;0.018408
24931079;-0.021476
24932077;0.027612
24933078;0.021476
24934076;-0.021476
24935090;0.010738
24936081;-0.015340
24937079;0.010738
24938080;-0.001534
24939078;0.015340
24940079;-0.001534
24941077;-0.015340
24942079;-0.013806
24943077;-0.026078
24944080;0.015340
24945081;-0.006136
24946094;0.016874
24947078;-0.016874
24948077;0.000000
24949078;0.015340
24950077;0.003068
24951077;0.009204
24952077;-0.027612
24953078;-0.001534
24954077;-0.027612
24955077;0.004602
24956090;-0.001534
24957078;0.018408
24958078;-0.006136
24959078;-0.021476
24960078;0.015340
24961077;-0.012272
24962078;0.010738
24963077;-0.007670
24964078;-0.003068
24965077;-0.009204
24966150;0.006136
24967079;0.023010
24968080;-0.016874
24969079;0.016874
24970080;-0.019942
24971079;0.007670
24972080;-0.024544
24973078;0.021476
24974079;0.015340
24975079;-0.019942
24976080;0.001534
24977092;-0.007670
24978077;0.004602
24979080;0.004602
24980080;0.012272
24981079;0.004602
24982081;0.027612
24983079;-0.001534
24984080;0.018408
24985079;0.021476
24986080;0.018408
24987092;0.038350
24988080;-0.010738
24989081;0.010738
24990080;0.027612
24991081;0.024544
24992080;0.029146
24993081;-0.009204
24994081;0.021476
24995076;-0.010738
24996080;0.019942
24997081;0.024544
24998092;0.033748
24999077;0.009204
25000081;-0.009204
25001077;-0.027612
25002081;-0.013806
25003078;0.030680
25004076;0.004602
25005077;-0.021476
25006081;-0.013806
25007077;0.018408
25008092;0.029146
25009077;0.004602
25010081;0.029146
25011078;-0.016874
25012076;0.012272
25013077;-0.010738
25014081;0.010738
25015077;0.012272
25016081;-0.027612
25017077;-0.001534
25018094;-0.027612
25019080;0.018408
25020078;0.019942
25021079;0.009204
25022077;0.027612
25023078;-0.024544
25024077;-0.018408
25025078;-0.006136
25026077;0.010738
25027078;-0.010738
25028077;0.015340
25029090;-0.016874
25030081;0.000000
25031081;0.009204
25032081;0.007670
25033080;0.015340
25034081;-0.033748
25035080;-0.004602
25036081;-0.036816
25037081;0.003068
25038078;0.015340
25039090;0.003068
25040080;0.006136
25041078;-0.036816
25042080;0.009204
25043077;-0.018408
25044078;0.009204
25045077;-0.004602
25046078;-0.013806
25047081;-0.026078
25048077;0.000000
25049094;0.027612
25050079;-0.019942
25051077;0.016874
25052078;-0.029146
25053077;0.001534
25054078;-0.032214
25055077;-0.001534
25056078;0.015340
25057081;-0.036816
25058077;0.016874
25059081;-0.018408
25060090;0.021476
25061078;0.012272
25062079;0.024544
25063077;0.004602
25064078;0.000000
25065077;0.001534
25066078;0.016874
25067077;0.027612
25068078;0.007670
25069077;0.035282
25070093;-0.009204
25071081;0.012272
25072077;0.053689
25073081;0.027612
25074077;0.033748
25075081;-0.009204
25076077;0.032214
25077080;-0.006136
25078080;0.033748
25079078;0.027612
25080094;0.036816
25081079;0.012272
25082077;-0.006136
25083079;0.023010
25084077;0.049087
25085078;0.009204
25086081;0.021476
25087077;0.035282
25088080;0.006136
25089081;0.018408
25090079;0.035282
25091094;0.010738
25092077;0.041417
25093078;-0.007670
25094077;0.016874
25095078;-0.006136
25096077;0.023010
25097077;0.033748
25098081;-0.010738
25099077;0.016874
25100080;0.006136
25101094;0.030680
25102077;0.023010
25103078;0.030680
25104077;0.010738
25105078;-0.009204
25106077;-0.010738
25107078;0.010738
25108077;0.021476
25109078;0.007670
25110077;0.029146
25111078;-0.001534
25112095;0.006136
25113080;0.021476
25114080;0.015340
25115079;0.003068
25116080;-0.023010
25117078;0.007670
25118078;-0.032214
25119077;0.009204
25120078;-0.003068
25121076;0.015340
25122093;-0.007670
25123079;-0.012272
25124077;0.006136
25125078;-0.001534
25126076;0.015340
25127077;-0.012272
25128080;-0.018408
25129077;-0.033748
25130080;-0.004602
25131076;0.010738
25132079;-0.016874
25133092;0.018408
25134080;-0.039884
25135081;0.001534
25136079;-0.036816
25137080;0.000000
25138078;0.003068
25139080;-0.033748
25140078;-0.001534
25141079;-0.016874
25142077;-0.003068
25143094;-0.003068
25144080;0.009204
25145078;-0.013806
25146079;-0.018408
25147078;-0.032214
25148079;0.007670
25149077;0.016874
25150078;-0.024544
25151076;0.010738
25152077;-0.018408
25153093;0.009204
25154079;0.015340
25155077;0.009204
25156078;0.009204
25157076;-0.021476
25158077;0.016874
25159076;-0.021476
25160077;0.006136
25161081;-0.001534
25162077;0.023010
25163080;-0.001534
25164092;0.007670
25165081;0.021476
25166077;0.015340
25167080;0.026078
25168081;-0.001534
25169079;0.012272
25170080;-0.012272
25171079;0.018408
25172080;0.027612
25173078;0.001534
25174090;0.023010
25175078;-0.023010
25176080;0.013806
25177077;-0.013806
25178078;0.021476
25179077;0.016874
25180078;-0.018408
25181076;0.007670
25182077;0.018408
25183080;0.027612
25184089;0.019942
25185080;0.027612
25186078;0.007670
25187080;0.019942
25188078;-0.007670
25189079;0.027612
25190077;0.004602
25191078;-0.003068
25192076;0.004602
25193078;-0.016874
25194081;0.015340
25195092;0.026078
25196080;0.021476
25197080;0.009204
25198078;-0.015340
25199080;0.010738
25200078;-0.006136
25201079;0.023010
25202077;0.004602
25203079;0.039884
25204077;-0.007670
25205094;0.006136
25206080;0.021476
25207078;-0.009204
25208079;0.026078
25209079;-0.013806
25210080;0.009204
25211078;-0.024544
25212079;0.007670
25213078;0.032214
25214079;-0.032214
25215090;0.004602
25216078;-0.027612
25217079;0.006136
25218078;-0.021476
25219080;0.012272
25220078;-0.027612
25221079;-0.039884
25222079;-0.019942
25223079;-0.038350
25224078;0.009204
25225079;-0.021476
25226092;0.007670
25227077;0.042951
25228081;-0.012272
25229077;-0.042951
25230081;-0.029146
25231077;0.001534
25232081;-0.049087
25233077;-0.015340
25234081;-0.039884
25235077;-0.023010
25236128;-0.015340
25237078;-0.006136
25238079;-0.019942
25239079;-0.052155
25240080;-0.013806
25241078;-0.036816
25242079;0.009204
25243079;-0.036816
25244079;-0.007670
25245078;-0.027612
25246089;-0.042951
25247094;-0.010738
25248079;-0.029146
25249079;-0.007670
25250080;-0.049087
25251078;-0.015340
25252080;-0.052155
25253078;-0.027612
25254080;-0.010738
25255079;-0.053689
25256079;-0.019942
25257093;-0.049087
25258077;-0.009204
25259076;-0.035282
25260077;-0.015340
25261081;-0.021476
25262077;-0.016874
25263081;-0.019942
25264077;-0.021476
25265081;0.003068
25266077;-0.029146
25267094;0.004602
25268079;-0.021476
25269078;0.000000
25270079;-0.032214
25271079;0.007670
25272080;0.016874
25273078;-0.027612
25274079;0.001534
25275079;-0.021476
25276079;0.018408
25277091;0.010738
25278079;0.023010
25279081;0.012272
25280079;0.003068
25281081;0.030680
25282080;0.010738
25283076;0.036816
25284080;0.004602
25285081;0.036816
25286081;-0.009204
25287092;0.032214
25288091;0.041417
25289081;0.033748
25290081;0.035282
25291077;-0.007670
25292080;0.053689
25293081;0.046019
25294079;0.023010
25295081;0.053689
25296081;0.023010
25297081;0.030680
25298093;0.001534
25299078;0.039884
25300077;0.015340
25301078;0.046019
25302077;0.016874
25303078;0.023010
25304077;-0.003068
25305078;0.019942
25306077;0.058291
25307078;-0.003068
25308077;0.035282
25309090;-0.004602
25310081;0.018408
25311079;-0.010738
25312080;0.021476
25313078;0.021476
25314079;-0.018408
25315077;0.012272
25316079;0.000000
25317081;0.015340
25318077;0.016874
25319081;0.000000
25320093;0.001534
25321081;-0.046019
25322081;0.030680
25323080;0.009204
25324080;0.019942
25325077;-0.006136
25326078;0.026078
25327081;-0.007670
25328077;0.004602
25329081;0.024544
25330093;0.010738
25331079;0.012272
25332077;-0.026078
25333078;0.016874
25334077;-0.026078
25335078;0.012272
25336077;0.004602
25337078;-0.024544
25338077;0.003068
25339079;-0.024544
25340087;0.018408
25341094;-0.012272
25342081;0.030680
25343077;-0.010738
25344081;-0.015340
25345077;-0.021476
25346081;0.010738
25347077;0.024544
25348080;-0.013806
25349081;0.016874
25350079;-0.019942
25351080;0.013806
25352093;-0.021476
25353081;0.027612
25354077;0.016874
25355081;-0.015340
25356081;0.001534
25357079;0.003068
25358079;0.042951
25359078;0.006136
25360079;0.033748
25361078;0.012272
25362079;0.018408
25363093;0.038350
25364080;0.018408
25365081;0.039884
25366079;0.010738
25367080;0.035282
25368077;0.003068
25369079;0.024544
25370077;0.047553
25371077;0.030680
25372081;0.021476
25373094;0.010738
25374077;0.032214
25375077;0.009204
25376080;0.033748
25377081;0.023010
25378079;0.000000
25379080;0.009204
25380078;0.009204
25381079;0.030680
25382078;0.018408
25383090;0.038350
25384081;0.001534
25385079;0.019942
25386080;-0.010738
25387078;0.024544
25388079;0.029146
25389078;-0.004602
25390079;0.023010
25391077;-0.015340
25392078;0.023010
25393076;-0.015340
25394093;0.023010
25395081;0.001534
25396077;0.021476
25397080;0.018408
25398081;-0.009204
25399079;0.004602
25400080;0.009204
25401079;0.004602
25402080;0.001534
25403078;0.000000
25404094;0.023010
25405079;0.001534
25406078;0.023010
25407079;-0.016874
25408077;0.019942
25409078;-0.029146
25410076;0.003068
25411078;0.013806
25412076;0.015340
25413077;-0.003068
25414091;-0.024544
25415077;0.012272
25416080;-0.009204
25417076;0.003068
25418079;-0.010738
25419081;-0.026078
25420079;-0.029146
25421080;-0.010738
25422078;0.018408
25423079;0.000000
25424102;0.009204
25425078;-0.013806
25426081;-0.001534
25427077;-0.027612
25428080;0.012272
25429076;0.019942
25430080;-0.026078
25431081;0.010738
25432079;-0.023010
25433080;0.021476
25434079;-0.012272
25435093;0.023010
25436081;0.006136
25437076;-0.015340
25438080;-0.001534
25439081;0.004602
25440079;0.027612
25441080;0.009204
25442079;0.027612
25443080;0.003068
25444078;0.010738
25445090;0.035282
25446093;0.023010
25447081;0.035282
25448077;-0.009204
25449080;0.019942
25450076;-0.012272
25451079;0.033748
25452080;0.038350
25453078;0.035282
25454080;0.021476
25455078;-0.003068
25456091;0.030680
25457077;0.009204
25458080;0.033748
25459076;0.019942
25460079;0.000000
25461080;-0.004602
25462078;0.007670
25463079;0.036816
25464078;0.027612
25465079;0.035282
25466093;-0.007670
25467079;0.024544
25468081;-0.009204
25469079;0.027612
25470081;0.019942
25471079;-0.006136
25472080;0.015340
25473079;0.000000
25474079;0.027612
25475079;0.018408
25476089;0.027612
25477094;-0.009204
25478078;-0.012272
25479077;-0.019942
25480078;0.013806
25481077;0.024544
25482078;-0.001534
25483077;0.026078
25484078;-0.029146
25485076;0.012272
25486077;0.026078
25487090;0.009204
25488079;0.012272
25489079;-0.030680
25490078;0.001534
25491079;-0.024544
25492077;0.009204
25493079;0.000000
25494078;0.015340
25495079;-0.012272
25496077;-0.001534
25497078;0.012272
25498092;-0.013806
25499078;0.010738
25500077;-0.015340
25501078;0.004602
25502077;-0.007670
25503077;0.010738
25504080;0.016874
25505081;-0.003068
25506081;-0.001534
25507081;-0.013806
25508092;0.004602
25509078;-0.030680
25510076;0.006136
25511078;-0.001534
25512077;-0.027612
25513078;-0.009204
25514077;-0.023010
25515079;0.009204
25516077;-0.012272
25517077;-0.003068
25518092;-0.006136
25519077;-0.021476
25520081;-0.024544
25521077;0.007670
25522081;0.023010
25523078;-0.013806
25524076;0.023010
25525077;-0.024544
25526081;0.013806
25527077;0.026078
25528080;0.015340
25529093;0.027612
25530078;-0.012272
25531077;0.015340
25532078;-0.015340
25533077;0.032214
25534077;0.015340
25535077;0.033748
25536078;0.021476
25537076;0.001534
25538077;0.033748
25539090;0.019942
25540080;0.039884
25541078;0.001534
25542080;0.007670
25543079;-0.006136
25544079;0.013806
25545078;0.038350
25546079;0.033748
25547078;0.023010
25548079;-0.009204
25549092;0.018408
25550077;-0.007670
25551081;0.033748
25552077;0.035282
25553081;-0.009204
25554077;-0.001534
25555077;-0.006136
25556077;0.033748
25557081;0.026078
25558076;0.036816
25559090;0.015340
25560078;0.006136
25561080;-0.004602
25562081;0.019942
25563079;0.032214
25564081;-0.010738
25565079;0.016874
25566080;-0.012272
25567077;0.018408
25568078;0.016874
25569077;0.003068
25570091;0.004602
25571078;-0.021476
25572079;0.004602
25573078;-0.015340
25574080;0.012272
25575077;-0.007670
25576078;0.012272
25577076;-0.006136
25578077;0.010738
25579081;0.010738
25580090;0.007670
25581078;0.012272
25582079;-0.029146
25583077;0.001534
25584079;-0.032214
25585077;-0.004602
25586078;0.018408
25587077;0.009204
25588078;-0.003068
25589077;-0.035282
25590092;-0.001534
25591078;-0.027612
25592077;-0.006136
25593078;-0.001534
25594077;-0.033748
25595079;-0.007670
25596077;-0.026078
25597078;0.010738
25598077;-0.016874
25599078;0.009204
25600077;-0.016874
25601092;-0.006136
25602078;-0.033748
25603080;-0.001534
25604077;0.010738
25605079;-0.018408
25606077;-0.003068
25607078;-0.009204
25608077;-0.012272
25609078;0.007670
25610077;0.004602
25611093;-0.003068
25612080;0.003068
25613081;-0.001534
25614079;-0.018408
25615080;0.021476
25616078;0.004602
25617079;0.023010
25618077;0.004602
25619078;-0.013806
25620077;0.033748
25621091;0.006136
25622077;0.026078
25623081;-0.019942
25624077;0.007670
25625081;-0.024544
25626081;0.013806
25627079;0.026078
25628080;0.018408
25629078;0.021476
25630079;-0.016874
25631078;0.009204
25632093;-0.009204
25633081;0.030680
25634077;0.015340
25635081;-0.006136
25636077;0.004602
25637079;0.006136
25638080;0.033748
25639078;0.015340
25640079;0.027612
25641077;0.007670
25642078;0.006136
25643090;-0.016874
25644078;0.019942
25645079;0.015340
25646077;-0.015340
25647078;0.027612
25648076;0.001534
25649077;0.030680
25650081;0.029146
25651077;0.021476
25652080;0.023010
25653094;-0.013806
25654079;0.016874
25655078;0.007670
25656079;0.027612
25657077;0.016874
25658077;0.029146
25659076;0.000000
25660077;0.007670
25661081;0.024544
25662077;0.012272
25663090;0.023010
25664076;-0.001534
25665079;0.001534
25666081;-0.030680
25667079;0.010738
25668080;0.024544
25669078;0.016874
25670079;0.010738
25671078;-0.027612
25672079;0.004602
25673082;-0.027612
25674090;0.018408
25675078;0.010738
25676079;-0.023010
25677077;-0.004602
25678078;-0.015340
25679076;0.015340
25680077;-0.006136
25681080;0.006136
25682076;-0.016874
25683080;-0.012272
25684091;-0.018408
25685079;0.000000
25686080;0.016874
25687078;-0.030680
25688079;0.016874
25689077;-0.029146
25690078;0.000000
25691077;0.010738
25692078;0.009204
25693076;-0.001534
25694090;-0.032214
25695080;0.004602
25696079;-0.027612
25697080;0.015340
25698077;-0.001534
25699079;0.018408
25700077;-0.012272
25701078;-0.012272
25702076;-0.058291
25703077;-0.004602
25704081;0.015340
25705094;-0.013806
25706077;0.001534
25707078;-0.027612
25708076;0.004602
25709077;0.010738
25710081;-0.003068
25711077;-0.001534
25712080;0.016874
25713081;-0.001534
25714079;0.010738
25715091;0.010738
25716078;0.004602
25717079;-0.021476
25718077;-0.003068
25719078;-0.027612
25720077;0.015340
25721078;-0.004602
25722076;0.018408
25723078;-0.001534
25724076;-0.003068
25725093;-0.016874
25726076;0.007670
25727077;0.027612
25728080;-0.004602
25729076;0.026078
25730078;-0.019942
25731078;0.018408
25732078;0.029146
25733077;0.021476
25734077;0.026078
25735077;-0.012272
25736092;0.023010
25737076;-0.013806
25738081;0.030680
25739076;0.029146
25740080;0.046019
25741081;0.013806
25742081;0.001534
25743081;0.039884
25744081;0.036816
25745081;0.042951
25746094;0.019942
25747079;0.013806
25748077;0.004602
25749078;0.032214
25750077;0.047553
25751078;0.038350
25752077;0.050621
25753078;0.001534
25754077;0.033748
25755078;0.000000
25756090;0.036816
25757080;0.041417
25758079;0.000000
25759081;0.023010
25760081;0.012272
25761081;0.039884
25762081;0.000000
25763076;0.036816
25764080;0.016874
25765081;-0.004602
25766093;-0.003068
25767081;0.026078
25768076;0.033748
25769080;0.006136
25770081;0.029146
25771080;-0.006136
25772081;0.016874
25773080;0.029146
25774081;0.010738
25775080;0.018408
25776081;-0.024544
25777094;0.010738
25778079;-0.098175
25779079;0.015340
25780079;-0.001534
25781077;0.009204
25782078;-0.007670
25783077;-0.024544
25784078;0.006136
25785077;-0.012272
25786078;0.003068
25787090;-0.032214
25788081;-0.015340
25789080;-0.023010
25790081;-0.007670
25791080;0.001534
25792081;-0.026078
25793081;-0.001534
25794081;-0.056757
25795080;-0.023010
25796081;-0.053689
25797092;-0.006136
25798077;-0.019942
25799076;-0.056757
25800078;-0.026078
25801077;-0.062893
25802077;-0.009204
25803077;-0.041417
25804078;-0.027612
25805077;-0.042951
25806078;-0.053689
25807092;-0.019942
25808080;-0.029146
25809081;-0.009204
25810081;-0.023010
25811077;-0.010738
25812081;-0.070563
25813081;-0.018408
25814079;-0.007670
25815081;-0.013806
25816080;-0.019942
25817125;-0.033748
25818081;-0.019942
25819076;-0.015340
25820080;-0.013806
25821081;-0.019942
25822081;-0.027612
25823081;-0.006136
25824077;-0.024544
25825081;0.015340
25826081;0.001534
25827079;-0.015340
25828090;-0.003068
25829081;0.004602
25830078;-0.003068
25831080;0.018408
25832077;0.039884
25833078;0.024544
25834077;0.035282
25835079;0.000000
25836077;0.033748
25837078;0.000000
25838094;0.039884
25839079;0.050621
25840077;0.009204
25841078;0.039884
25842077;0.003068
25843078;0.036816
25844081;0.018408
25845077;0.064427
25846081;0.035282
25847077;0.018408
25848093;0.042951
25849093;0.049087
25850081;0.064427
25851077;0.035282
25852080;0.072097
25853077;0.018408
25854081;0.044485
25855077;0.069029
25856080;0.052155
25857079;0.058291
25858077;0.018408
25859092;0.056757
25860078;-0.003068
25861077;0.052155
25862079;0.052155
25863081;0.055223
25864077;0.033748
25865081;0.018408
25866077;0.047553
25867081;0.024544
25868077;0.030680
25869081;0.019942
25870093;0.013806
25871081;0.007670
25872077;0.018408
25873080;0.035282
25874081;0.023010
25875079;0.010738
25876081;-0.024544
25877079;0.001534
25878079;-0.027612
25879078;0.009204
25880090;0.007670
25881080;-0.036816
25882078;-0.004602
25883080;-0.033748
25884077;-0.006136
25885079;-0.024544
25886077;-0.018408
25887078;-0.035282
25888077;-0.052155
25889078;-0.049087
25890130;-0.038350
25891078;-0.018408
25892077;-0.049087
25893078;-0.019942
25894077;-0.067495
25895078;-0.042951
25896081;-0.023010
25897077;-0.039884
25898080;-0.036816
25899080;-0.069029
25900078;-0.041417
25901094;-0.073631
25902077;-0.050621
25903078;-0.041417
25904076;-0.033748
25905078;-0.050621
25906081;-0.087437
25907077;-0.039884
25908080;-0.061359
25909076;-0.012272
25910080;-0.069029
25911092;-0.062893
25912078;-0.072097
25913076;-0.042951
25914077;-0.016874
25915076;-0.029146
25916077;-0.013806
25917080;-0.059825
25918081;-0.024544
25919079;-0.058291
25920080;-0.018408
25921086;-0.062893
25922091;-0.032214
25923079;-0.012272
25924080;-0.003068
25925078;-0.027612
25926079;0.007670
25927077;0.033748
25928078;-0.003068
25929077;-0.013806
25930078;-0.001534
25931077;0.019942
25932090;0.036816
25933078;0.013806
25934079;0.046019
25935078;0.006136
25936079;0.010738
25937077;0.059825
25938077;0.047553
25939076;0.053689
25940077;0.012272
25941080;0.058291
25942090;0.024544
25943076;0.073631
25944080;0.065961
25945081;0.076699
25946079;0.079767
25947080;0.049087
25948079;0.082835
25949080;0.061359
25950078;0.085903
25951079;0.050621
25952078;0.049087
25953094;0.049087
25954077;0.073631
25955078;0.082835
25956076;0.069029
25957077;0.082835
25958080;0.035282
25959076;0.050621
25960080;0.018408
25961081;0.064427
25962079;0.059825
25963091;0.015340
25964078;0.046019
25965080;0.030680
25966078;0.047553
25967079;0.030680
25968077;0.039884
25969078;0.026078
25970076;0.006136
25971078;0.000000
25972076;0.010738
25973091;0.024544
25974077;-0.021476
25975081;0.010738
25976077;-0.033748
25977080;-0.015340
25978081;-0.007670
25979079;-0.013806
25980080;-0.018408
25981078;-0.065961
25982079;-0.044485
25983093;-0.065961
25984078;-0.039884
25985077;-0.049087
25986078;-0.042951
25987077;-0.062893
25988078;-0.081301
25989076;-0.062893
25990077;-0.088971
25991081;-0.076699
25992081;-0.090505
25993081;-0.098175
25994094;-0.115049
25995079;-0.092039
25996078;-0.075165
25997078;-0.099709
25998077;-0.087437
25999078;-0.148796
26000077;-0.105845
26001078;-0.142660
26002077;-0.099709
26003079;-0.115049
26004091;-0.147262
26005081;-0.124252
26006080;-0.142660
26007081;-0.128854
26008079;-0.115049
26009081;-0.107379
26010079;-0.133456
26011081;-0.128854
26012080;-0.151864
26013081;-0.121184
26014094;-0.111981
26015077;-0.134990
26016078;-0.118117
26017077;-0.161068
26018077;-0.127320
26019077;-0.108913
26020077;-0.113515
26021081;-0.116583
26022077;-0.147262
26023081;-0.119651
26024077;-0.141126
26025091;-0.092039
26026081;-0.111981
26027080;-0.119651
26028081;-0.107379
26029080;-0.101243
26030081;-0.101243
26031079;-0.087437
26032081;-0.062893
26033081;-0.093573
26034081;-0.082835
26035080;-0.108913
26036092;-0.067495
26037076;-0.047553
26038080;-0.061359
26039076;-0.039884
26040080;-0.088971
26041081;-0.053689
26042080;-0.073631
26043076;-0.033748
26044080;-0.035282
26045081;-0.064427
26046094;-0.039884
26047079;-0.049087
26048077;0.006136
26049078;-0.016874
26050077;0.000000
26051078;-0.018408
26052077;-0.016874
26053078;-0.023010
26054077;0.010738
26055078;0.036816
26056094;-0.010738
26057078;0.032214
26058077;0.007670
26059078;0.026078
26060077;0.044485
26061078;0.039884
26062077;0.046019
26063078;0.004602
26064077;0.041417
26065078;0.033748
26066092;0.064427
26067080;0.058291
26068081;0.095107
26069080;0.049087
26070081;0.064427
26071081;0.082835
26072081;0.069029
26073081;0.088971
26074081;0.050621
26075080;0.069029
26076081;0.046019
26077092;0.085903
26078077;0.085903
26079081;0.078233
26080077;0.084369
26081081;0.058291
26082077;0.090505
26083077;0.058291
26084077;0.101243
26085081;0.084369
26086078;0.064427
26087092;0.084369
26088079;0.065961
26089079;0.119651
26090077;0.084369
26091079;0.107379
26092077;0.079767
26093078;0.079767
26094081;0.069029
26095077;0.087437
26096081;0.107379
26097093;0.075165
26098078;0.090505
26099077;0.059825
26100078;0.087437
26101077;0.105845
26102078;0.096641
26103077;0.096641
26104078;0.053689
26105077;0.087437
26106078;0.046019
26107081;0.088971
26108092;0.059825
26109080;0.092039
26110081;0.061359
26111079;0.052155
26112080;0.079767
26113077;0.067495
26114078;0.079767
26115077;0.039884
26116078;0.056757
26117081;0.026078
26118090;0.050621
26119092;0.065961
26120078;0.042951
26121080;0.041417
26122078;0.003068
26123079;0.038350
26124077;-0.003068
26125079;0.033748
26126081;0.013806
26127077;-0.009204
26128080;0.016874
26129094;-0.003068
26130079;0.023010
26131078;0.010738
26132079;-0.009204
26133078;0.004602
26134079;-0.006136
26135077;-0.006136
26136079;0.007670
26137081;-0.007670
26138077;-0.029146
26139081;0.007670
26140092;-0.036816
26141079;-0.006136
26142081;0.004602
26143079;-0.001534
26144080;-0.009204
26145077;-0.046019
26146078;-0.019942
26147077;-0.042951
26148078;0.003068
26149081;-0.019942
26150090;0.021476
26151078;-0.010738
26152079;-0.030680
26153078;0.003068
26154079;-0.001534
26155078;0.009204
26156079;-0.015340
26157077;-0.006136
26158078;-0.030680
26159077;0.000000
26160090;0.019942
26161079;0.010738
26162077;0.007670
26163078;-0.019942
26164076;0.021476
26165077;0.006136
26166080;0.033748
26167076;0.029146
26168079;-0.001534
26169080;0.021476
26170090;0.003068
26171076;0.052155
26172079;0.033748
26173081;0.058291
26174079;0.030680
26175080;0.049087
26176078;0.013806
26177079;0.055223
26178077;0.075165
26179079;0.026078
26180077;0.070563
26181092;0.035282
26182080;0.064427
26183076;0.069029
26184079;0.064427
26185081;0.072097
26186079;0.049087
26187080;0.069029
26188078;0.049087
26189079;0.082835
26190078;0.072097
26191090;0.095107
26192078;0.062893
26193079;0.069029
26194078;0.095107
26195079;0.072097
26196077;0.096641
26197078;0.056757
26198076;0.078233
26199078;0.055223
26200076;0.079767
26201093;0.090505
26202076;0.082835
26203078;0.076699
26204076;0.039884
26205077;0.072097
26206081;0.042951
26207076;0.076699
26208080;0.064427
26209081;0.033748
26210079;0.044485
26211091;0.042951
26212076;0.058291
26213079;0.030680
26214081;0.058291
26215079;0.004602
26216080;0.030680
26217078;0.007670
26218079;0.026078
26219077;0.042951
26220078;0.000000
26221076;0.026078
26222091;-0.021476
26223079;0.010738
26224080;0.013806
26225079;0.006136
26226080;-0.018408
26227078;-0.036816
26228079;-0.023010
26229078;-0.024544
26230079;-0.009204
26231077;-0.032214
26232092;-0.016874
26233078;-0.047553
26234076;-0.042951
26235078;-0.027612
26236076;-0.038350
26237077;-0.029146
26238080;-0.065961
26239076;-0.044485
26240079;-0.059825
26241081;-0.075165
26242079;-0.058291
26243090;-0.065961
26244077;-0.069029
26245078;-0.101243
26246077;-0.064427
26247078;-0.098175
26248081;-0.062893
26249077;-0.075165
26250081;-0.101243
26251077;-0.092039
26252080;-0.088971
26253093;-0.058291
26254081;-0.078233
26255080;-0.061359
26256081;-0.087437
26257080;-0.065961
26258081;-0.110447
26259081;-0.069029
26260081;-0.055223
26261080;-0.087437
26262081;-0.062893
26263094;-0.101243
26264077;-0.064427
26265078;-0.069029
26266077;-0.052155
26267077;-0.062893
26268077;-0.088971
26269078;-0.065961
26270077;-0.073631
26271078;-0.039884
26272077;-0.053689
26273090;-0.030680
26274077;-0.055223
26275080;-0.049087
26276078;-0.015340
26277079;-0.026078
26278077;-0.003068
26279079;-0.055223
26280078;-0.029146
26281080;-0.049087
26282079;0.003068
26283093;0.019942
26284092;0.010738
26285077;0.006136
26286081;-0.009204
26287077;0.027612
26288081;-0.006136
26289081;0.035282
26290080;0.023010
26291077;0.009204
26292080;0.030680
26293081;0.030680
26294094;0.058291
26295077;0.059825
26296078;0.052155
26297077;0.032214
26298077;0.067495
26299077;0.041417
26300077;0.079767
26301081;0.090505
26302077;0.049087
26303081;0.082835
26304077;0.050621
26305092;0.095107
26306077;0.084369
26307081;0.095107
26308077;0.087437
26309076;0.061359
26310078;0.084369
26311076;0.067495
26312078;0.119651
26313077;0.081301
26314078;0.107379
26315090;0.072097
26316078;0.082835
26317079;0.102777
26318077;0.101243
26319079;0.102777
26320078;0.052155
26321080;0.087437
26322079;0.049087
26323080;0.088971
26324079;0.090505
26325079;0.088971
26326078;0.082835
26327094;0.033748
26328078;0.075165
26329077;0.042951
26330078;0.088971
26331077;0.069029
26332078;0.024544
26333076;0.021476
26334077;0.039884
26335081;0.058291
26336077;0.030680
26337094;0.044485
26338077;0.010738
26339078;0.029146
26340077;-0.015340
26341078;0.026078
26342077;0.000000
26343078;-0.019942
26344077;-0.004602
26345078;-0.032214
26346076;-0.006136
26347077;-0.021476
26348093;-0.009204
26349081;-0.013806
26350077;-0.073631
26351081;-0.055223
26352081;-0.053689
26353080;-0.033748
26354081;-0.059825
26355080;-0.049087
26356081;-0.084369
26357079;-0.072097
26358093;-0.061359
26359078;-0.072097
26360077;-0.065961
26361078;-0.115049
26362077;-0.096641
26363078;-0.122718
26364077;-0.088971
26365078;-0.087437
26366077;-0.087437
26367077;-0.088971
26368080;-0.134990
26369094;-0.101243
26370077;-0.121184
26371079;-0.099709
26372077;-0.107379
26373078;-0.130388
26374081;-0.113515
26375077;-0.116583
26376081;-0.101243
26377077;-0.108913
26378080;-0.096641
26379081;-0.136524
26380094;-0.110447
26381077;-0.141126
26382078;-0.108913
26383077;-0.090505
26384078;-0.138058
26385077;-0.096641
26386078;-0.128854
26387081;-0.098175
26388077;-0.084369
26389081;-0.095107
26390090;-0.098175
26391077;-0.119651
26392078;-0.092039
26393077;-0.098175
26394078;-0.064427
26395077;-0.072097
26396078;-0.079767
26397081;-0.092039
26398077;-0.070563
26399081;-0.055223
26400094;-0.058291
26401080;-0.039884
26402077;-0.064427
26403079;-0.053689
26404077;-0.073631
26405078;-0.032214
26406081;-0.013806
26407077;-0.015340
26408080;-0.015340
26409081;-0.061359
26410093;0.003068
26411094;-0.026078
26412081;0.015340
26413077;0.004602
26414081;-0.012272
26415077;0.007670
26416081;0.004602
26417076;0.046019
26418079;0.033748
26419081;0.059825
26420079;0.026078
26421095;0.055223
26422077;0.024544
26423077;0.070563
26424080;0.075165
26425076;0.035282
26426080;0.070563
26427080;0.041417
26428078;0.078233
26429079;0.087437
26430078;0.092039
26431094;0.072097
26432080;0.058291
26433078;0.076699
26434079;0.067495
26435078;0.107379
26436079;0.076699
26437076;0.108913
26438077;0.065961
26439081;0.096641
26440077;0.113515
26441080;0.096641
26442093;0.102777
26443076;0.065961
26444077;0.084369
26445080;0.062893
26446076;0.102777
26447079;0.090505
26448080;0.082835
26449079;0.078233
26450080;0.084369
26451078;0.095107
26452091;0.150330
26453078;0.092039
26454080;0.078233
26455078;0.046019
26456079;0.072097
26457077;0.067495
26458078;0.082835
26459076;0.073631
26460078;0.084369
26461081;0.053689
26462092;0.079767
26463078;0.035282
26464076;0.059825
26465077;0.075165
26466080;0.007670
26467076;0.047553
26468080;0.015340
26469076;0.047553
26470079;0.053689
26471081;0.047553
26472079;0.027612
26473093;-0.012272
26474081;0.018408
26475077;-0.009204
26476080;0.033748
26477076;0.013806
26478079;0.035282
26479080;0.007670
26480079;-0.009204
26481080;0.021476
26482078;-0.006136
26483091;0.033748
26484076;-0.033748
26485080;-0.010738
26486081;-0.036816
26487079;-0.006136
26488080;-0.006136
26489078;0.003068
26490079;-0.015340
26491078;-0.046019
26492079;-0.013806
26493077;-0.035282
26494094;-0.009204
26495076;-0.023010
26496078;-0.042951
26497081;-0.026078
26498077;-0.026078
26499081;-0.003068
26500076;-0.016874
26501080;0.003068
26502080;-0.042951
26503079;-0.015340
26504094;-0.039884
26505079;-0.013806
26506077;0.003068
26507079;-0.036816
26508077;0.013806
26509078;-0.027612
26510076;0.009204
26511078;0.019942
26512076;0.018408
26513077;0.015340
26514080;-0.012272
26515092;0.007670
26516080;-0.003068
26517078;0.039884
26518078;0.016874
26519077;0.053689
26520078;0.007670
26521077;0.032214
26522078;0.065961
26523077;0.049087
26524077;0.069029
26525077;0.030680
26526094;0.062893
26527079;0.032214
26528078;0.073631
26529080;0.082835
26530078;0.088971
26531080;0.070563
26532078;0.052155
26533080;0.096641
26534078;0.055223
26535079;0.102777
26536094;0.081301
26537078;0.064427
26538077;0.088971
26539079;0.082835
26540077;0.108913
26541078;0.099709
26542077;0.108913
26543078;0.072097
26544077;0.095107
26545078;0.070563
26546092;0.099709
26547077;0.113515
26548081;0.065961
26549077;0.090505
26550081;0.064427
26551077;0.108913
26552079;0.102777
26553079;0.082835
26554078;0.095107
26555079;0.085903
26556140;0.065961
26557081;0.079767
26558081;0.079767
26559081;0.078233
26560081;0.078233
26561079;0.055223
26562081;0.067495
26563080;0.064427
26564081;0.049087
26565081;0.053689
26566092;0.019942
26567091;0.026078
26568081;-0.016874
26569081;0.023010
26570081;0.019942
26571081;0.021476
26572081;0.007670
26573081;-0.030680
26574081;-0.013806
26575080;-0.036816
26576081;-0.021476
26577093;-0.029146
26578077;-0.058291
26579077;-0.047553
26580077;-0.056757
26581081;-0.030680
26582077;-0.049087
26583081;-0.039884
26584077;-0.095107
26585081;-0.067495
26586077;-0.105845
26587090;-0.079767
26588078;-0.070563
26589079;-0.115049
26590078;-0.087437
26591079;-0.125786
26592077;-0.104311
26593079;-0.093573
26594078;-0.101243
26595080;-0.121184
26596078;-0.147262
26597140;-0.147262
26598080;-0.131922
26599081;-0.092039
26600080;-0.133456
26601081;-0.108913
26602080;-0.153398
26603081;-0.131922
26604080;-0.118117
26605081;-0.134990
26606081;-0.125786
26607081;-0.165670
26608094;-0.136524
26609079;-0.173340
26610079;-0.131922
26611078;-0.118117
26612080;-0.124252
26613078;-0.131922
26614079;-0.167204
26615077;-0.136524
26616078;-0.138058
26617081;-0.119651
26618090;-0.142660
26619077;-0.153398
26620078;-0.142660
26621077;-0.138058
26622078;-0.122718
26623077;-0.128854
26624078;-0.107379
26625077;-0.153398
26626078;-0.128854
26627077;-0.144194
26628078;-0.108913
26629093;-0.105845
26630080;-0.136524
26631081;-0.111981
26632079;-0.134990
26633080;-0.087437
26634077;-0.090505
26635079;-0.072097
26636077;-0.093573
26637077;-0.098175
26638080;-0.093573
26639092;-0.078233
26640080;-0.058291
26641081;-0.070563
26642079;-0.038350
26643081;-0.065961
26644079;-0.055223
26645079;-0.038350
26646078;-0.033748
26647079;-0.024544
26648077;-0.046019
26649093;-0.024544
26650078;-0.069029
26651081;-0.006136
26652077;-0.010738
26653081;0.009204
26654077;0.004602
26655081;-0.015340
26656076;0.015340
26657079;0.013806
26658081;0.012272
26659091;0.012272
26660092;0.023010
26661079;0.035282
26662081;0.053689
26663078;0.053689
26664080;0.049087
26665078;0.064427
26666079;0.027612
26667077;0.049087
26668078;0.038350
26669077;0.069029
26670094;0.085903
26671081;0.042951
26672077;0.088971
26673081;0.058291
26674076;0.084369
26675080;0.075165
26676080;0.101243
26677077;0.076699
26678078;0.064427
26679077;0.079767
26680092;0.076699
26681079;0.107379
26682081;0.085903
26683079;0.115049
26684081;0.073631
26685079;0.073631
26686080;0.108913
26687078;0.099709
26688079;0.113515
26689078;0.070563
26690094;0.099709
26691080;0.064427
26692078;0.090505
26693079;0.102777
26694077;0.107379
26695078;0.088971
26696077;0.058291
26697077;0.093573
26698080;0.061359
26699077;0.101243
26700089;0.075165
26701093;0.052155
26702076;0.059825
26703077;0.061359
26704081;0.082835
26705077;0.072097
26706080;0.078233
26707076;0.021476
26708079;0.055223
26709080;0.026078
26710078;0.053689
26711084;0.075165
26712093;0.007670
26713081;0.035282
26714077;0.003068
26715080;0.033748
26716076;0.019942
26717079;0.033748
26718080;0.012272
26719078;-0.012272
26720079;-0.016874
26721078;-0.006136
26722094;0.010738
26723080;-0.010738
26724078;0.016874
26725079;-0.098175
26726078;-0.018408
26727079;0.001534
26728077;-0.006136
26729078;-0.006136
26730076;-0.044485
26731077;-0.013806
26732080;-0.049087
26733093;-0.018408
26734081;-0.029146
26735077;-0.006136
26736080;-0.029146
26737076;-0.053689
26738079;-0.015340
26739081;-0.058291
26740079;-0.012272
26741080;-0.035282
26742078;-0.052155
26743092;-0.047553
26744078;-0.038350
26745076;0.003068
26746078;-0.024544
26747081;-0.006136
26748077;-0.032214
26749080;-0.018408
26750076;-0.049087
26751080;-0.003068
26752081;-0.001534
26753079;-0.036816
26754090;-0.019942
26755079;-0.039884
26756080;-0.004602
26757078;-0.004602
26758078;0.009204
26759077;0.010738
26760078;-0.021476
26761076;0.015340
26762078;0.000000
26763076;-0.004602
26764092;0.023010
26765080;0.019942
26766081;0.021476
26767079;0.050621
26768080;0.058291
26769078;0.052155
26770079;0.059825
26771078;0.024544
26772079;0.059825
26773077;0.019942
26774092;0.065961
26775078;0.076699
26776076;0.079767
26777077;0.069029
26778080;0.049087
26779079;0.084369
26780080;0.058291
26781078;0.088971
26782079;0.082835
26783079;0.058291
26784092;0.072097
26785080;0.064427
26786081;0.107379
26787080;0.101243
26788081;0.108913
26789080;0.076699
26790081;0.099709
26791080;0.069029
26792081;0.111981
26793080;0.108913
26794081;0.064427
26795094;0.102777
26796078;0.064427
26797077;0.096641
26798077;0.105845
26799077;0.101243
26800078;0.082835
26801077;0.058291
26802078;0.072097
26803077;0.079767
26804078;0.088971
26805090;0.075165
26806078;0.090505
26807079;0.052155
26808077;0.059825
26809079;0.082835
26810078;0.061359
26811080;0.067495
26812078;0.035282
26813080;0.041417
26814078;0.010738
26815092;0.047553
26816090;0.050621
26817081;0.036816
26818079;0.026078
26819081;-0.015340
26820079;0.027612
26821081;-0.006136
26822081;0.023010
26823081;0.000000
26824081;-0.006136
26825081;-0.023010
26826094;-0.024544
26827079;-0.003068
26828078;-0.018408
26829080;-0.006136
26830078;-0.055223
26831080;-0.042951
26832079;-0.046019
26833080;-0.033748
26834078;-0.023010
26835080;-0.082835
26836079;-0.056757
26837094;-0.082835
26838079;-0.046019
26839078;-0.047553
26840079;-0.055223
26841079;-0.067495
26842079;-0.090505
26843078;-0.075165
26844079;-0.082835
26845077;-0.049087
26846078;-0.073631
26847077;-0.052155
26848094;-0.090505
26849079;-0.079767
26850078;-0.052155
26851079;-0.073631
26852078;-0.044485
26853079;-0.087437
26854078;-0.069029
26855080;-0.092039
26856078;-0.064427
26857079;-0.049087
26858092;-0.033748
26859094;-0.075165
26860078;-0.098175
26861077;-0.058291
26862078;-0.088971
26863077;-0.055223
26864078;-0.056757
26865077;-0.088971
26866078;-0.059825
26867076;-0.141126
26868077;-0.078233
26869094;-0.062893
26870079;-0.039884
26871078;-0.049087
26872080;-0.010738
26873081;-0.055223
26874078;-0.016874
26875080;0.003068
26876077;-0.044485
26877078;0.004602
26878077;-0.035282
26879091;0.009204
26880081;0.019942
26881080;0.023010
26882080;0.035282
26883078;-0.007670
26884080;0.012272
26885077;0.018408
26886078;0.049087
26887081;0.038350
26888077;0.067495
26889081;0.044485
26890093;0.042951
26891079;0.081301
26892081;0.067495
26893079;0.088971
26894080;0.035282
26895078;0.081301
26896079;0.055223
26897077;0.088971
26898078;0.102777
26899077;0.101243
26900091;0.090505
26901078;0.056757
26902079;0.096641
26903077;0.064427
26904079;0.116583
26905081;0.078233
26906077;0.058291
26907081;0.085903
26908081;0.085903
26909080;0.104311
26910080;0.092039
26911090;0.096641
26912078;0.073631
26913079;0.073631
26914078;0.052155
26915079;0.081301
26916077;0.090505
26917078;0.033748
26918077;0.067495
26919078;0.038350
26920077;0.069029
26921091;0.069029
26922081;0.058291
26923078;0.046019
26924080;0.027612
26925077;0.033748
26926078;0.039884
26927081;0.042951
26928077;0.013806
26929081;0.041417
26930077;-0.007670
26931081;0.013806
26932092;0.026078
26933079;0.001534
26934080;0.010738
26935077;-0.044485
26936078;-0.010738
26937076;-0.052155
26938077;-0.033748
26939081;-0.023010
26940077;-0.026078
26941081;-0.041417
26942092;-0.076699
26943081;-0.039884
26944079;-0.064427
26945080;-0.042951
26946078;-0.069029
26947080;-0.098175
26948077;-0.081301
26949078;-0.079767
26950076;-0.067495
26951078;-0.078233
26952076;-0.073631
26953093;-0.116583
26954081;-0.090505
26955077;-0.125786
26956080;-0.090505
26957081;-0.090505
26958079;-0.127320
26959081;-0.105845
26960079;-0.138058
26961080;-0.113515
26962078;-0.108913
26963091;-0.101243
26964078;-0.124252
26965080;-0.144194
26966078;-0.133456
26967079;-0.111981
26968077;-0.092039
26969078;-0.131922
26970076;-0.087437
26971078;-0.115049
26972076;-0.147262
26973090;-0.110447
26974078;-0.099709
26975079;-0.130388
26976077;-0.113515
26977078;-0.067495
26978076;-0.130388
26979077;-0.110447
26980080;-0.081301
26981076;-0.076699
26982080;-0.085903
26983091;-0.116583
26984076;-0.081301
26985080;-0.111981
26986081;-0.064427
26987079;-0.084369
26988080;-0.088971
26989079;-0.079767
26990080;-0.075165
26991078;-0.039884
26992079;-0.055223
26993077;-0.027612
26994090;-0.046019
26995076;-0.049087
26996079;-0.056757
26997080;-0.013806
26998078;-0.001534
26999079;-0.032214
27000078;0.013806
27001079;-0.013806
27002077;0.018408
27003078;0.032214
27004082;0.033748
27005091;0.047553
27006079;0.010738
27007080;0.041417
27008078;0.024544
27009079;0.076699
27010078;0.059825
27011079;0.088971
27012077;0.062893
27013078;0.056757
27014076;0.098175
27015094;0.082835
27016077;0.113515
27017078;0.062893
27018081;0.084369
27019077;0.079767
27020080;0.108913
27021076;0.118117
27022080;0.107379
27023081;0.110447
27024079;0.079767
27025080;0.122718
27026093;0.084369
27027081;0.115049
27028077;0.125786
27029080;0.093573
27030076;0.119651
27031080;0.090505
27032081;0.131922
27033079;0.098175
27034080;0.128854
27035079;0.104311
27036090;0.082835
27037081;0.102777
27038078;0.078233
27039080;0.122718
27040078;0.087437
27041077;0.108913
27042078;0.070563
27043077;0.082835
27044078;0.096641
27045077;0.085903
27046091;0.107379
27047079;0.053689
27048081;0.070563
27049079;0.049087
27050081;0.070563
27051080;0.059825
27052081;0.070563
27053080;0.046019
27054081;0.013806
27055080;0.046019
27056092;0.012272
27057094;0.039884
27058079;0.013806
27059078;-0.010738
27060079;0.000000
27061079;-0.003068
27062080;0.023010
27063078;0.003068
27064079;-0.004602
27065079;-0.039884
27066079;-0.015340
27067092;-0.061359
27068077;-0.029146
27069081;-0.019942
27070077;-0.058291
27071081;-0.039884
27072077;-0.076699
27073081;-0.052155
27074077;-0.087437
27075077;-0.039884
27076077;-0.062893
27077092;-0.082835
27078077;-0.067495
27079076;-0.082835
27080078;-0.075165
27081077;-0.076699
27082077;-0.102777
27083077;-0.081301
27084078;-0.087437
27085077;-0.072097
27086078;-0.079767
27087084;-0.061359
27088093;-0.099709
27089078;-0.073631
27090077;-0.115049
27091078;-0.062893
27092077;-0.058291
27093077;-0.065961
27094076;-0.059825
27095078;-0.104311
27096077;-0.062893
27097090;-0.098175
27098092;-0.046019
27099078;-0.058291
27100076;-0.093573
27101078;-0.067495
27102077;-0.079767
27103078;-0.039884
27104076;-0.056757
27105077;-0.030680
27106081;-0.056757
27107077;-0.055223
27108091;-0.052155
27109081;-0.055223
27110080;-0.003068
27111081;-0.044485
27112081;-0.009204
27113081;-0.047553
27114081;-0.015340
27115076;-0.027612
27116080;0.006136
27117081;-0.007670
27118091;-0.023010
27119094;0.012272
27120079;-0.003068
27121078;0.029146
27122079;0.019942
27123079;0.052155
27124079;0.044485
27125079;0.027612
27126079;0.065961
27127078;0.062893
27128078;0.092039
27129093;0.047553
27130081;0.090505
27131076;0.049087
27132080;0.079767
27133081;0.108913
27134081;0.124252
27135079;0.105845
27136080;0.073631
27137077;0.108913
27138078;0.073631
27139090;0.119651
27140091;0.121184
27141078;0.092039
27142079;0.124252
27143078;0.098175
27144079;0.144194
27145078;0.095107
27146079;0.150330
27147077;0.102777
27148079;0.111981
27149077;0.099709
27150092;0.134990
27151079;0.133456
27152080;0.105845
27153078;0.131922
27154079;0.099709
27155077;0.128854
27156078;0.088971
27157081;0.125786
27158077;0.115049
27159081;0.055223
27160094;0.105845
27161077;0.067495
27162078;0.119651
27163076;0.093573
27164077;0.119651
27165081;0.087437
27166077;0.070563
27167080;0.099709
27168080;0.082835
27169078;0.101243
27170079;0.044485
27171092;0.087437
27172079;0.036816
27173080;0.059825
27174078;0.072097
27175079;0.055223
27176078;0.056757
27177079;0.012272
27178077;0.041417
27179079;0.000000
27180077;0.033748
27181078;0.007670
27182094;0.012272
27183077;0.004602
27184078;-0.009204
27185077;-0.015340
27186078;0.010738
27187077;-0.007670
27188078;-0.042951
27189077;-0.018408
27190078;-0.052155
27191077;-0.038350
27192090;-0.012272
27193081;-0.069029
27194079;-0.026078
27195081;-0.076699
27196078;-0.050621
27197079;-0.093573
27198077;-0.062893
27199078;-0.047553
27200077;-0.099709
27201078;-0.067495
27202092;-0.096641
27203077;-0.058291
27204079;-0.081301
27205081;-0.064427
27206079;-0.088971
27207079;-0.084369
27208077;-0.072097
27209079;-0.078233
27210080;-0.070563
27211077;-0.099709
27212080;-0.073631
27213094;-0.115049
27214077;-0.081301
27215078;-0.081301
27216076;-0.076699
27217077;-0.082835
27218080;-0.113515
27219077;-0.085903
27220080;-0.113515
27221076;-0.088971
27222079;-0.082835
27223093;-0.118117
27224079;-0.087437
27225077;-0.092039
27226078;-0.062893
27227076;-0.078233
27228078;-0.039884
27229076;-0.078233
27230077;-0.067495
27231081;-0.081301
27232077;-0.055223
27233080;-0.029146
27234091;-0.070563
27235080;-0.039884
27236081;-0.070563
27237078;-0.027612
27238079;-0.069029
27239078;-0.009204
27240079;-0.021476
27241077;-0.038350
27242078;-0.007670
27243077;-0.026078
27244077;0.018408
27245090;0.003068
27246078;0.033748
27247079;0.019942
27248077;0.018408
27249078;0.056757
27250076;0.042951
27251077;0.055223
27252080;0.035282
27253076;0.053689
27254079;0.036816
27255091;0.079767
27256079;0.084369
27257080;0.076699
27258078;0.082835
27259080;0.061359
27260078;0.101243
27261078;0.059825
27262077;0.113515
27263078;0.104311
27264076;0.078233
27265090;0.102777
27266078;0.102777
27267079;0.128854
27268077;0.119651
27269079;0.141126
27270077;0.108913
27271078;0.121184
27272076;0.090505
27273077;0.134990
27274080;0.144194
27275092;0.092039
27276077;0.127320
27277080;0.093573
27278076;0.104311
27279080;0.073631
27280081;0.119651
27281079;0.107379
27282080;0.073631
27283079;0.087437
27284080;0.069029
27285093;0.096641
27286079;0.081301
27287077;0.046019
27288078;0.072097
27289077;0.047553
27290078;0.026078
27291076;0.058291
27292077;0.061359
27293081;0.023010
27294077;0.039884
27295080;-0.004602
27296091;0.027612
27297077;0.033748
27298080;0.021476
27299076;0.021476
27300080;-0.032214
27301080;-0.009204
27302079;-0.018408
27303078;-0.009204
27304079;-0.035282
27305079;-0.062893
27306090;-0.058291
27307077;-0.067495
27308079;-0.033748
27309078;-0.062893
27310080;-0.038350
27311079;-0.098175
27312079;-0.078233
27313077;-0.118117
27314079;-0.085903
27315079;-0.081301
27316079;-0.125786
27317093;-0.113515
27318078;-0.142660
27319077;-0.101243
27320078;-0.127320
27321077;-0.095107
27322078;-0.118117
27323077;-0.141126
27324078;-0.131922
27325077;-0.136524
27326078;-0.124252
27327094;-0.139592
27328077;-0.125786
27329078;-0.165670
27330077;-0.138058
27331078;-0.133456
27332077;-0.159534
27333078;-0.130388
27334077;-0.179476
27335077;-0.144194
27336076;-0.204019
27337077;-0.147262
27338094;-0.142660
27339094;-0.144194
27340078;-0.164136
27341077;-0.177942
27342077;-0.138058
27343077;-0.176408
27344078;-0.138058
27345077;-0.167204
27346078;-0.145728
27347076;-0.174874
27348077;-0.162602
27349094;-0.125786
27350077;-0.148796
27351078;-0.124252
27352077;-0.171806
27353078;-0.139592
27354076;-0.159534
27355078;-0.124252
27356077;-0.099709
27357077;-0.150330
27358081;-0.136524
27359077;-0.144194
27360094;-0.101243
27361079;-0.139592
27362078;-0.092039
27363080;-0.115049
27364079;-0.119651
27365079;-0.098175
27366078;-0.088971
27367079;-0.067495
27368077;-0.081301
27369077;-0.053689
27370094;-0.093573
27371080;-0.064427
27372078;-0.041417
27373079;-0.042951
27374079;-0.027612
27375080;-0.073631
27376078;-0.018408
27377079;-0.062893
27378078;-0.013806
27379080;-0.006136
27380092;0.006136
27381077;-0.003068
27382081;-0.026078
27383077;0.027612
27384081;0.001534
27385077;0.021476
27386081;0.016874
27387077;0.056757
27388081;0.018408
27389077;0.055223
27390089;0.072097
27391091;0.081301
27392081;0.047553
27393080;0.108913
27394081;0.059825
27395080;0.061359
27396077;0.078233
27397077;0.081301
27398081;0.072097
27399077;0.096641
27400081;0.078233
27401093;0.119651
27402081;0.084369
27403077;0.144194
27404081;0.119651
27405077;0.107379
27406081;0.105845
27407081;0.148796
27408079;0.141126
27409080;0.095107
27410078;0.156466
27411094;0.105845
27412081;0.139592
27413077;0.142660
27414081;0.141126
27415077;0.158000
27416081;0.110447
27417081;0.131922
27418079;0.104311
27419081;0.144194
27420078;0.125786
27421147;0.113515
27422079;0.115049
27423077;0.116583
27424078;0.133456
27425077;0.118117
27426078;0.131922
27427077;0.096641
27428078;0.099709
27429077;0.073631
27430078;0.107379
27431077;0.108913
27432091;0.101243
27433078;0.095107
27434079;0.055223
27435077;0.088971
27436078;0.046019
27437081;0.088971
27438077;0.067495
27439081;0.033748
27440077;0.053689
27441081;0.027612
27442077;0.064427
27443095;0.015340
27444077;0.053689
27445078;0.013806
27446077;0.021476
27447078;0.007670
27448077;0.021476
27449078;0.033748
27450077;-0.010738
27451078;0.016874
27452077;-0.023010
27453092;0.006136
27454079;0.016874
27455080;-0.003068
27456078;-0.009204
27457079;-0.046019
27458077;-0.032214
27459078;-0.055223
27460077;-0.012272
27461078;-0.027612
27462077;-0.009204
27463092;-0.053689
27464077;-0.030680
27465081;-0.027612
27466081;-0.026078
27467079;-0.019942
27468080;-0.056757
27469078;-0.038350
27470079;-0.084369
27471078;-0.035282
27472078;-0.019942
27473076;-0.023010
27474093;-0.027612
27475081;-0.052155
27476077;-0.027612
27477080;-0.055223
27478081;-0.021476
27479079;-0.021476
27480080;-0.055223
27481078;-0.032214
27482079;-0.021476
27483078;0.003068
27484092;-0.049087
27485077;0.003068
27486080;-0.021476
27487076;-0.024544
27488079;-0.039884
27489080;0.009204
27490079;0.023010
27491080;-0.009204
27492078;0.016874
27493079;-0.015340
27494077;0.021476
27495092;0.050621
27496079;0.053689
27497080;0.023010
27498078;0.046019
27499078;0.032214
27500076;0.059825
27501077;0.064427
27502080;0.065961
27503076;0.088971
27504079;0.069029
27505093;0.093573
27506079;0.107379
27507077;0.104311
27508078;0.119651
27509077;0.079767
27510078;0.108913
27511076;0.088971
27512077;0.128854
27513080;0.144194
27514076;0.144194
27515080;0.150330
27516092;0.110447
27517080;0.150330
27518080;0.122718
27519079;0.131922
27520080;0.145728
27521078;0.127320
27522079;0.142660
27523078;0.154932
27524079;0.159534
27525077;0.161068
27526093;0.176408
27527076;0.151864
27528077;0.162602
27529081;0.125786
27530077;0.165670
27531080;0.181010
27532076;0.119651
27533079;0.156466
27534080;0.111981
27535079;0.150330
27536080;0.142660
27537090;0.144194
27538077;0.130388
27539079;0.092039
27540077;0.124252
27541078;0.092039
27542076;0.119651
27543078;0.102777
27544076;0.108913
27545077;0.079767
27546080;0.087437
27547092;0.096641
27548080;0.079767
27549076;0.087437
27550080;0.030680
27551081;0.058291
27552079;0.021476
27553080;0.052155
27554079;0.044485
27555080;0.035282
27556078;0.019942
27557079;-0.015340
27558092;0.015340
27559080;-0.006136
27560076;-0.009204
27561079;-0.023010
27562081;-0.039884
27563079;-0.033748
27564080;-0.004602
27565077;-0.026078
27566081;-0.047553
27567076;-0.038350
27568094;-0.093573
27569079;-0.067495
27570079;-0.105845
27571080;-0.075165
27572078;-0.075165
27573080;-0.107379
27574078;-0.088971
27575080;-0.131922
27576079;-0.102777
27577079;-0.111981
27578090;-0.101243
27579079;-0.127320
27580079;-0.150330
27581079;-0.124252
27582080;-0.128854
27583078;-0.138058
27584079;-0.136524
27585079;-0.125786
27586080;-0.164136
27587078;-0.141126
27588079;-0.130388
27589092;-0.141126
27590077;-0.124252
27591081;-0.181010
27592077;-0.136524
27593081;-0.181010
27594077;-0.142660
27595076;-0.145728
27596077;-0.131922
27597081;-0.144194
27598081;-0.171806
27599094;-0.119651
27600079;-0.164136
27601077;-0.138058
27602078;-0.153398
27603077;-0.154932
27604078;-0.151864
27605077;-0.144194
27606078;-0.144194
27607077;-0.156466
27608077;-0.158000
27609094;-0.164136
27610077;-0.141126
27611078;-0.165670
27612077;-0.141126
27613077;-0.110447
27614076;-0.154932
27615078;-0.118117
27616077;-0.141126
27617078;-0.101243
27618076;-0.115049
27619089;-0.105845
27620094;-0.098175
27621079;-0.125786
27622077;-0.105845
27623078;-0.101243
27624077;-0.075165
27625078;-0.082835
27626077;-0.058291
27627078;-0.095107
27628077;-0.078233
27629078;-0.062893
27630090;-0.055223
27631078;-0.035282
27632079;-0.062893
27633079;-0.029146
27634079;-0.064427
27635079;-0.012272
27636079;-0.007670
27637078;-0.027612
27638078;-0.010738
27639077;-0.024544
27640078;0.009204
27641092;-0.001534
27642077;0.027612
27643077;0.013806
27644077;0.006136
27645081;0.007670
27646077;0.050621
27647081;0.067495
27648076;0.059825
27649081;0.076699
27650077;0.027612
27651095;0.082835
27652080;0.049087
27653078;0.095107
27654080;0.105845
27655078;0.073631
27656080;0.101243
27657079;0.082835
27658079;0.113515
27659080;0.124252
27660078;0.131922
27661092;0.124252
27662078;0.110447
27663076;0.113515
27664079;0.128854
27665081;0.156466
27666077;0.121184
27667081;0.147262
27668081;0.115049
27669080;0.153398
27670080;0.168738
27671082;0.153398
27672095;0.156466
27673077;0.118117
27674078;0.154932
27675077;0.119651
27676078;0.159534
27677081;0.144194
27678077;0.144194
27679081;0.139592
27680081;0.122718
27681080;0.138058
27682093;0.107379
27683081;0.144194
27684077;0.099709
27685081;0.119651
27686081;0.087437
27687079;0.108913
27688079;0.119651
27689078;0.099709
27690079;0.116583
27691077;0.046019
27692092;0.104311
27693079;0.052155
27694081;0.090505
27695079;0.070563
27696080;0.036816
27697077;0.041417
27698077;0.058291
27699081;0.055223
27700077;0.042951
27701081;0.058291
27702092;0.006136
27703078;0.009204
27704080;0.023010
27705077;0.018408
27706078;0.023010
27707077;-0.016874
27708078;-0.013806
27709081;-0.032214
27710077;-0.004602
27711081;-0.019942
27712085;-0.015340
27713091;-0.015340
27714078;-0.102777
27715080;-0.039884
27716077;-0.070563
27717078;-0.042951
27718077;-0.050621
27719078;-0.041417
27720077;-0.062893
27721078;-0.073631
27722077;-0.052155
27723079;-0.055223
27724093;-0.052155
27725081;-0.098175
27726077;-0.073631
27727080;-0.107379
27728081;-0.081301
27729079;-0.069029
27730081;-0.072097
27731080;-0.076699
27732081;-0.115049
27733079;-0.070563
27734079;-0.116583
27735089;-0.069029
27736092;-0.072097
27737080;-0.108913
27738081;-0.085903
27739079;-0.101243
27740080;-0.073631
27741079;-0.084369
27742080;-0.050621
27743078;-0.079767
27744079;-0.079767
27745077;-0.096641
27746094;-0.067495
27747077;-0.032214
27748078;-0.090505
27749076;-0.038350
27750077;-0.092039
27751080;-0.050621
27752076;-0.023010
27753080;-0.042951
27754081;-0.033748
27755079;-0.065961
27756126;-0.007670
27757081;-0.062893
27758079;-0.003068
27759080;-0.023010
27760079;0.009204
27761080;-0.016874
27762078;-0.006136
27763080;0.023010
27764077;0.019942
27765079;0.038350
27766083;0.000000
27767093;0.033748
27768080;0.018408
27769077;0.053689
27770080;0.055223
27771076;0.064427
27772080;0.070563
27773081;0.033748
27774079;0.088971
27775080;0.058291
27776079;0.096641
27777090;0.087437
27778081;0.082835
27779080;0.090505
27780080;0.110447
27781079;0.119651
27782080;0.118117
27783078;0.142660
27784079;0.099709
27785077;0.127320
27786079;0.093573
27787077;0.131922
27788093;0.151864
27789077;0.111981
27790078;0.142660
27791076;0.102777
27792077;0.144194
27793080;0.161068
27794076;0.153398
27795080;0.142660
27796081;0.108913
27797079;0.162602
27798090;0.121184
27799078;0.159534
27800079;0.142660
27801077;0.153398
27802079;0.102777
27803077;0.128854
27804078;0.141126
27805076;0.119651
27806078;0.133456
27807081;0.102777
27808090;0.088971
27809076;0.073631
27810079;0.092039
27811081;0.108913
27812079;0.082835
27813080;0.052155
27814078;0.084369
27815079;0.059825
27816078;0.050621
27817078;0.104311
27818090;0.046019
27819093;0.027612
27820076;0.023010
27821077;0.003068
27822080;0.039884
27823076;-0.004602
27824080;0.030680
27825080;-0.001534
27826079;-0.026078
27827079;-0.038350
27828079;-0.027612
27829090;-0.007670
27830081;-0.032214
27831080;-0.015340
27832081;-0.076699
27833081;-0.053689
27834081;-0.041417
27835080;-0.064427
27836081;-0.053689
27837080;-0.111981
27838081;-0.078233
27839080;-0.125786
27840094;-0.088971
27841079;-0.087437
27842078;-0.095107
27843079;-0.099709
27844078;-0.144194
27845079;-0.111981
27846078;-0.136524
27847079;-0.110447
27848078;-0.134990
27849079;-0.159534
27850091;-0.136524
27851081;-0.147262
27852080;-0.128854
27853081;-0.142660
27854081;-0.139592
27855081;-0.188680
27856080;-0.153398
27857081;-0.187146
27858080;-0.164136
27859076;-0.145728
27860080;-0.194816
27861092;-0.154932
27862078;-0.199418
27863077;-0.167204
27864078;-0.151864
27865077;-0.153398
27866078;-0.173340
27867076;-0.202485
27868077;-0.170272
27869076;-0.196350
27870077;-0.153398
27871090;-0.167204
27872078;-0.148796
27873080;-0.165670
27874079;-0.165670
27875080;-0.144194
27876079;-0.158000
27877079;-0.139592
27878077;-0.173340
27879078;-0.170272
27880077;-0.182544
27881101;-0.141126
27882078;-0.131922
27883080;-0.141126
27884079;-0.130388
27885080;-0.165670
27886078;-0.125786
27887079;-0.161068
27888077;-0.113515
27889079;-0.107379
27890078;-0.138058
27891080;-0.116583
27892091;-0.142660
27893081;-0.087437
27894080;-0.125786
27895081;-0.070563
27896081;-0.087437
27897081;-0.113515
27898079;-0.111981
27899081;-0.079767
27900080;-0.058291
27901081;-0.052155
27902094;-0.047553
27903079;-0.088971
27904078;-0.053689
27905080;-0.035282
27906078;-0.035282
27907079;-0.019942
27908078;-0.064427
27909080;-0.026078
27910078;-0.052155
27911080;-0.007670
27912078;0.013806
27913092;-0.001534
27914077;-0.003068
27915077;-0.018408
27916077;0.021476
27917081;0.019942
27918081;0.046019
27919080;0.029146
27920081;0.055223
27921077;0.044485
27922081;0.072097
27923091;0.058291
27924079;0.064427
27925080;0.039884
27926078;0.090505
27927079;0.087437
27928077;0.059825
27929078;0.099709
27930077;0.119651
27931077;0.087437
27932081;0.125786
27933094;0.084369
27934077;0.128854
27935078;0.101243
27936077;0.144194
27937078;0.139592
27938077;0.125786
27939079;0.141126
27940077;0.127320
27941079;0.167204
27942081;0.148796
27943090;0.177942
27944081;0.156466
27945078;0.156466
27946080;0.179476
27947077;0.165670
27948079;0.191748
27949077;0.147262
27950078;0.187146
27951077;0.138058
27952078;0.174874
27953077;0.193282
27954091;0.174874
27955078;0.179476
27956080;0.133456
27957077;0.168738
27958078;0.122718
27959077;0.162602
27960078;0.153398
27961077;0.122718
27962078;0.144194
27963077;0.127320
27964093;0.142660
27965078;0.119651
27966077;0.144194
27967078;0.096641
27968077;0.079767
27969078;0.081301
27970077;0.104311
27971078;0.121184
27972077;0.081301
27973078;0.105845
27974077;0.056757
27975091;0.075165
27976078;0.042951
27977079;0.079767
27978077;0.078233
27979078;0.023010
27980077;0.047553
27981078;0.024544
27982077;0.039884
27983078;0.039884
27984077;0.027612
27985092;0.021476
27986079;-0.021476
27987080;0.038350
27988077;-0.012272
27989079;0.009204
27990081;0.021476
27991077;-0.018408
27992081;-0.047553
27993077;-0.053689
27994081;-0.021476
27995077;-0.023010
27996090;-0.019942
27997077;-0.069029
27998078;-0.053689
27999076;-0.081301
28000077;-0.049087
28001081;-0.038350
28002077;-0.087437
28003080;-0.075165
28004076;-0.095107
28005079;-0.052155
28006091;-0.067495
28007079;-0.062893
28008080;-0.076699
28009078;-0.088971
28010079;-0.096641
28011078;-0.079767
28012079;-0.062893
28013077;-0.099709
28014078;-0.058291
28015076;-0.098175
28016093;-0.067495
28017078;-0.102777
28018076;-0.065961
28019078;-0.056757
28020076;-0.096641
28021077;-0.062893
28022081;-0.088971
28023077;-0.053689
28024080;-0.047553
28025081;-0.058291
28026079;-0.061359
28027091;-0.047553
28028079;-0.039884
28029080;-0.042951
28030078;-0.035282
28031079;-0.024544
28032077;-0.035282
28033079;-0.050621
28034077;-0.029146
28035078;-0.004602
28036076;-0.006136
28037094;0.013806
28038080;-0.039884
28039078;0.015340
28040079;-0.015340
28041078;0.012272
28042079;0.015340
28043077;-0.004602
28044078;0.023010
28045076;0.004602
28046077;0.055223
28047090;0.055223
28048081;0.070563
28049079;0.049087
28050080;0.067495
28051079;0.042951
28052080;0.084369
28053078;0.108913
28054079;0.061359
28055077;0.102777
28056078;0.069029
28057076;0.104311
28058094;0.088971
28059078;0.119651
28060078;0.127320
28061077;0.096641
28062078;0.125786
28063076;0.130388
28064078;0.131922
28065076;0.134990
28066077;0.158000
28067081;0.130388
28068091;0.148796
28069079;0.173340
28070080;0.156466
28071078;0.182544
28072079;0.133456
28073077;0.188680
28074079;0.133456
28075077;0.167204
28076078;0.182544
28077076;0.170272
28078086;0.181010
28079090;0.147262
28080078;0.158000
28081079;0.121184
28082076;0.156466
28083078;0.150330
28084076;0.115049
28085077;0.130388
28086081;0.131922
28087076;0.144194
28088080;0.141126
28089091;0.141126
28090081;0.104311
28091080;0.119651
28092081;0.078233
28093081;0.105845
28094081;0.121184
28095079;0.064427
28096081;0.098175
28097079;0.055223
28098080;0.079767
28099092;0.039884
28100076;0.076699
28101081;0.061359
28102081;0.021476
28103081;0.038350
28104081;0.033748
28105081;0.059825
28106081;0.023010
28107080;0.041417
28108081;-0.023010
28109091;0.000000
28110079;0.013806
28111080;-0.009204
28112079;-0.001534
28113079;-0.042951
28114079;0.004602
28115080;-0.059825
28116079;-0.021476
28117079;-0.023010
28118078;-0.039884
28119079;-0.041417
28120092;-0.088971
28121077;-0.052155
28122081;-0.095107
28123078;-0.067495
28124076;-0.075165
28125077;-0.105845
28126081;-0.099709
28127077;-0.092039
28128080;-0.082835
28129081;-0.090505
28130090;-0.079767
28131081;-0.121184
28132077;-0.073631
28133078;-0.124252
28134077;-0.102777
28135078;-0.105845
28136076;-0.121184
28137077;-0.104311
28138081;-0.111981
28139078;-0.111981
28140090;-0.150330
28141078;-0.111981
28142080;-0.111981
28143079;-0.147262
28144079;-0.127320
28145078;-0.128854
28146079;-0.088971
28147078;-0.133456
28148079;-0.088971
28149079;-0.115049
28150091;-0.119651
28151091;-0.090505
28152081;-0.102777
28153080;-0.088971
28154081;-0.104311
28155081;-0.096641
28156081;-0.131922
28157080;-0.104311
28158080;-0.099709
28159080;-0.079767
28160081;-0.072097
28161092;-0.113515
28162077;-0.064427
28163077;-0.092039
28164077;-0.046019
28165081;-0.067495
28166077;-0.065961
28167081;-0.079767
28168077;-0.049087
28169081;-0.026078
28170081;-0.030680
28171094;0.004602
28172080;-0.041417
28173078;-0.024544
28174080;-0.038350
28175078;0.001534
28176080;0.016874
28177078;-0.023010
28178079;0.029146
28179078;-0.012272
28180079;0.033748
28181090;0.009204
28182079;0.055223
28183077;0.046019
28184079;0.021476
28185081;0.033748
28186077;0.067495
28187081;0.082835
28188081;0.062893
28189080;0.102777
28190080;0.070563
28191090;0.087437
28192092;0.115049
28193078;0.102777
28194080;0.113515
28195077;0.084369
28196078;0.113515
28197081;0.090505
28198077;0.122718
28199081;0.124252
28200077;0.144194
28201081;0.125786
28202093;0.105845
28203081;0.139592
28204081;0.125786
28205080;0.156466
28206081;0.128854
28207078;0.115049
28208080;0.115049
28209077;0.128854
28210078;0.156466
28211077;0.136524
28212092;0.158000
28213078;0.099709
28214079;0.138058
28215077;0.115049
28216079;0.144194
28217081;0.133456
28218077;0.110447
28219081;0.127320
28220077;0.090505
28221081;0.119651
28222094;0.088971
28223079;0.121184
28224078;0.088971
28225080;0.070563
28226077;0.085903
28227078;0.084369
28228077;0.108913
28229079;0.084369
28230077;0.099709
28231078;0.056757
28232077;0.059825
28233093;0.108913
28234081;0.067495
28235077;0.067495
28236081;0.027612
28237077;0.024544
28238080;0.064427
28239081;0.027612
28240078;-0.006136
28241080;0.023010
28242078;0.033748
28243085;-0.050621
28244092;0.027612
28245079;-0.021476
28246081;0.018408
28247079;-0.016874
28248080;-0.026078
28249078;-0.044485
28250079;-0.023010
28251077;-0.001534
28252078;-0.026078
28253077;-0.012272
28254093;-0.056757
28255080;-0.036816
28256081;-0.070563
28257079;-0.042951
28258078;-0.038350
28259077;-0.084369
28260078;-0.062893
28261076;-0.079767
28262078;-0.055223
28263076;-0.073631
28264090;-0.039884
28265078;-0.072097
28266079;-0.079767
28267078;-0.095107
28268079;-0.067495
28269077;-0.042951
28270078;-0.072097
28271077;-0.038350
28272078;-0.079767
28273076;-0.079767
28274094;-0.062893
28275080;-0.055223
28276078;-0.052155
28277079;-0.088971
28278077;-0.056757
28279078;-0.084369
28280076;-0.046019
28281077;-0.038350
28282080;-0.052155
28283077;-0.041417
28284111;-0.064427
28285081;-0.027612
28286079;-0.046019
28287080;-0.018408
28288078;-0.030680
28289079;-0.049087
28290077;-0.047553
28291079;0.000000
28292077;0.012272
28293078;0.000000
28294076;0.021476
28295090;-0.029146
28296076;0.013806
28297079;-0.018408
28298080;0.026078
28299079;0.038350
28300079;0.000000
28301077;0.035282
28302078;0.016874
28303077;0.049087
28304078;0.038350
28305076;0.078233
28306090;0.053689
28307078;0.046019
28308079;0.069029
28309077;0.084369
28310078;0.102777
28311076;0.079767
28312077;0.115049
28313081;0.075165
28314076;0.104311
28315080;0.133456
28316076;0.122718
28317090;0.138058
28318077;0.093573
28319078;0.121184
28320077;0.107379
28321078;0.144194
28322076;0.144194
28323078;0.153398
28324076;0.130388
28325077;0.119651
28326081;0.151864
28327093;0.142660
28328081;0.158000
28329077;0.124252
28330080;0.130388
28331076;0.118117
28332080;0.150330
28333081;0.153398
28334079;0.150330
28335080;0.144194
28336078;0.098175
28337079;0.133456
28338090;0.092039
28339079;0.133456
28340080;0.118117
28341078;0.082835
28342079;0.087437
28343077;-0.021476
28344078;0.199418
28345076;0.072097
28346078;0.093573
28347076;0.078233
28348091;0.070563
28349080;0.049087
28350081;0.062893
28351079;0.076699
28352077;0.055223
28353078;0.069029
28354076;0.032214
28355077;0.047553
28356076;0.050621
28357077;0.049087
28358092;0.030680
28359092;0.000000
28360078;-0.001534
28361077;-0.021476
28362078;0.009204
28363077;-0.007670
28364078;-0.003068
28365077;-0.026078
28366078;-0.055223
28367076;-0.012272
28368077;-0.056757
28369094;-0.036816
28370077;-0.064427
28371078;-0.072097
28372077;-0.095107
28373078;-0.064427
28374077;-0.039884
28375078;-0.072097
28376077;-0.069029
28377077;-0.116583
28378081;-0.088971
28379095;-0.113515
28380077;-0.085903
28381078;-0.087437
28382077;-0.133456
28383078;-0.108913
28384077;-0.116583
28385078;-0.092039
28386077;-0.113515
28387077;-0.092039
28388077;-0.125786
28389078;-0.134990
28390091;-0.133456
28391081;-0.128854
28392081;-0.111981
28393081;-0.133456
28394080;-0.102777
28395076;-0.148796
28396080;-0.125786
28397081;-0.102777
28398080;-0.119651
28399081;-0.102777
28400094;-0.150330
28401076;-0.124252
28402078;-0.136524
28403077;-0.124252
28404078;-0.115049
28405077;-0.101243
28406078;-0.115049
28407077;-0.133456
28408077;-0.099709
28409081;-0.127320
28410077;-0.101243
28411091;-0.118117
28412081;-0.115049
28413080;-0.101243
28414081;-0.088971
28415080;-0.075165
28416081;-0.088971
28417079;-0.072097
28418080;-0.122718
28419080;-0.073631
28420081;-0.098175
28421094;-0.062893
28422077;-0.047553
28423078;-0.099709
28424077;-0.055223
28425078;-0.078233
28426077;-0.030680
28427078;-0.047553
28428077;-0.018408
28429078;-0.035282
28430077;-0.018408
28431101;-0.010738
28432078;-0.001534
28433079;0.026078
28434079;-0.007670
28435079;0.029146
28436079;0.000000
28437079;0.030680
28438078;0.041417
28439079;0.058291
28440078;0.052155
28441080;0.030680
28442091;0.065961
28443079;0.064427
28444080;0.076699
28445081;0.069029
28446079;0.096641
28447079;0.075165
28448077;0.059825
28449079;0.099709
28450081;0.096641
28451077;0.102777
28452094;0.099709
28453081;0.095107
28454077;0.081301
28455081;0.119651
28456081;0.133456
28457079;0.121184
28458081;0.131922
28459080;0.079767
28460081;0.128854
28461079;0.087437
28462080;0.131922
28463093;0.111981
28464081;0.088971
28465081;0.096641
28466080;0.095107
28467081;0.131922
28468079;0.111981
28469081;0.130388
28470079;0.099709
28471080;0.116583
28472077;0.075165
28473090;0.104311
28474081;0.115049
28475080;0.075165
28476081;0.095107
28477079;0.061359
28478079;0.090505
28479078;0.098175
28480079;0.092039
28481077;0.076699
28482078;0.049087
28483091;0.061359
28484077;0.036816
28485081;0.076699
28486077;0.055223
28487081;0.059825
28488081;0.035282
28489079;0.042951
28490081;0.058291
28491079;0.042951
28492079;0.035282
28493078;0.010738
28494090;0.026078
28495081;-0.009204
28496079;0.023010
28497079;0.015340
28498077;-0.001534
28499079;0.009204
28500077;-0.039884
28501078;0.009204
28502077;-0.018408
28503078;0.003068
28504077;-0.026078
28505092;-0.038350
28506080;-0.029146
28507081;-0.035282
28508079;-0.027612
28509080;-0.030680
28510078;-0.015340
28511080;-0.064427
28512077;-0.035282
28513078;-0.067495
28514077;-0.029146
28515093;-0.042951
28516080;-0.069029
28517081;-0.046019
28518079;-0.070563
28519079;-0.033748
28520077;-0.036816
28521078;-0.033748
28522076;-0.052155
28523078;-0.058291
28524076;-0.065961
28525094;-0.042951
28526076;-0.018408
28527077;-0.055223
28528080;-0.013806
28529077;-0.058291
28530080;-0.027612
28531076;-0.012272
28532079;-0.015340
28533080;-0.027612
28534079;-0.052155
28535080;-0.016874
28536091;-0.036816
28537079;-0.009204
28538080;-0.007670
28539079;0.016874
28540079;-0.004602
28541078;-0.021476
28542079;0.012272
28543077;0.010738
28544078;0.030680
28545076;0.007670
28546093;0.010738
28547076;0.001534
28548077;0.049087
28549080;0.059825
28550076;0.059825
28551080;0.065961
28552081;0.038350
28553078;0.084369
28554079;0.058291
28555078;0.096641
28556094;0.075165
28557077;0.082835
28558077;0.093573
28559076;0.076699
28560077;0.116583
28561080;0.105845
28562076;0.131922
28563080;0.121184
28564080;0.125786
28565079;0.108913
28566093;0.142660
28567078;0.145728
28568076;0.131922
28569077;0.154932
28570076;0.110447
28571077;0.148796
28572080;0.164136
28573076;0.158000
28574079;0.144194
28575081;0.116583
28576079;0.161068
28577090;0.119651
28578077;0.147262
28579079;0.139592
28580077;0.156466
28581078;0.105845
28582076;0.133456
28583078;0.147262
28584076;0.131922
28585077;0.133456
28586081;0.105845
28587091;0.116583
28588078;0.073631
28589080;0.105845
28590078;0.101243
28591079;0.101243
28592077;0.096641
28593078;0.049087
28594077;0.064427
28595078;0.035282
28596076;0.076699
28597093;0.049087
28598079;0.015340
28599078;0.026078
28600079;0.012272
28601077;0.047553
28602078;0.013806
28603077;0.023010
28604077;-0.012272
28605081;-0.019942
28606077;-0.035282
28607108;-0.018408
28608078;-0.012272
28609076;-0.069029
28610077;-0.049087
28611080;-0.079767
28612076;-0.053689
28613080;-0.056757
28614078;-0.058291
28615079;-0.076699
28616078;-0.111981
28617079;-0.082835
28618093;-0.110447
28619078;-0.085903
28620077;-0.108913
28621077;-0.099709
28622077;-0.153398
28623078;-0.138058
28624077;-0.110447
28625078;-0.138058
28626076;-0.128854
28627077;-0.164136
28628094;-0.156466
28629079;-0.170272
28630078;-0.159534
28631080;-0.158000
28632078;-0.164136
28633080;-0.176408
28634079;-0.211689
28635080;-0.176408
28636079;-0.205553
28637079;-0.171806
28638082;-0.190214
28639092;-0.211689
28640077;-0.219359
28641081;-0.202485
28642077;-0.188680
28643076;-0.225495
28644077;-0.185612
28645081;-0.237767
28646077;-0.208621
28647081;-0.245437
28648081;-0.200951
28649094;-0.185612
28650079;-0.239301
28651078;-0.199418
28652079;-0.233165
28653078;-0.190214
28654078;-0.204019
28655077;-0.199418
28656078;-0.202485
28657076;-0.211689
28658077;-0.211689
28659091;-0.185612
28660079;-0.208621
28661080;-0.197884
28662079;-0.188680
28663080;-0.202485
28664079;-0.207087
28665081;-0.162602
28666079;-0.188680
28667080;-0.176408
28668078;-0.194816
28669088;-0.173340
28670094;-0.205553
28671079;-0.187146
28672078;-0.173340
28673079;-0.159534
28674078;-0.181010
28675080;-0.190214
28676078;-0.153398
28677079;-0.174874
28678078;-0.138058
28679079;-0.164136
28680086;-0.177942
28681090;-0.162602
28682081;-0.147262
28683080;-0.124252
28684081;-0.145728
28685080;-0.119651
28686081;-0.161068
28687080;-0.122718
28688081;-0.145728
28689080;-0.104311
28690081;-0.113515
28691092;-0.139592
28692076;-0.099709
28693080;-0.128854
28694081;-0.088971
28695080;-0.081301
28696081;-0.070563
28697080;-0.092039
28698081;-0.082835
28699080;-0.049087
28700081;-0.062893
28701094;-0.039884
28702077;-0.069029
28703078;-0.032214
28704077;-0.064427
28705078;-0.030680
28706077;0.006136
28707079;-0.013806
28708081;-0.001534
28709079;-0.035282
28710081;0.009204
28711091;-0.027612
28712081;0.010738
28713079;0.023010
28714080;0.042951
28715078;0.026078
28716079;0.010738
28717077;0.081301
28718078;0.038350
28719077;0.075165
28720079;0.061359
28721077;0.079767
28722091;0.061359
28723078;0.087437
28724080;0.115049
28725078;0.062893
28726079;0.119651
28727077;0.073631
28728078;0.116583
28729077;0.084369
28730078;0.131922
28731077;0.111981
28732078;0.107379
28733091;0.131922
28734079;0.116583
28735080;0.153398
28736077;0.142660
28737078;0.165670
28738077;0.144194
28739078;0.134990
28740077;0.168738
28741078;0.167204
28742081;0.184078
28743092;0.147262
28744080;0.181010
28745080;0.147262
28746078;0.177942
28747079;0.193282
28748077;0.182544
28749079;0.182544
28750077;0.154932
28751078;0.177942
28752077;0.158000
28753094;0.177942
28754081;0.168738
28755077;0.182544
28756081;0.153398
28757077;0.156466
28758080;0.176408
28759081;0.154932
28760079;0.190214
28761081;0.133456
28762078;0.165670
28763094;0.124252
28764079;0.154932
28765078;0.144194
28766079;0.133456
28767077;0.131922
28768078;0.127320
28769077;0.131922
28770078;0.095107
28771077;0.121184
28772078;0.118117
28773077;0.092039
28774093;0.088971
28775080;0.067495
28776081;0.090505
28777079;0.088971
28778079;0.099709
28779077;0.070563
28780078;0.055223
28781077;0.093573
28782078;0.081301
28783080;0.082835
28784091;0.038350
28785079;0.062893
28786080;0.044485
28787079;0.055223
28788080;0.067495
28789078;0.055223
28790079;0.041417
28791077;0.012272
28792079;0.053689
28793077;0.036816
28794093;0.046019
28795079;0.029146
28796077;0.044485
28797078;0.019942
28798076;0.026078
28799078;0.039884
28800076;0.029146
28801078;0.029146
28802081;-0.015340
28803077;0.007670
28804090;-0.006136
28805091;0.030680
28806079;0.026078
28807079;-0.010738
28808077;0.015340
28809079;0.000000
28810077;0.035282
28811078;0.018408
28812076;0.046019
28813077;0.023010
28814080;0.012272
28815092;0.010738
28816080;0.033748
28817080;0.069029
28818078;0.035282
28819080;0.065961
28820078;0.026078
28821079;0.059825
28822077;0.090505
28823078;0.062893
28824076;0.096641
28825094;0.046019
28826080;0.081301
28827078;0.061359
28828079;0.104311
28829078;0.104311
28830079;0.113515
28831077;0.090505
28832078;0.087437
28833076;0.125786
28834077;0.107379
28835080;0.138058
28836092;0.101243
28837077;0.148796
28838080;0.107379
28839076;0.148796
28840079;0.154932
28841080;0.154932
28842078;0.167204
28843080;0.101243
28844078;0.158000
28845079;0.131922
28846077;0.162602
28847090;0.171806
28848077;0.142660
28849078;0.162602
28850077;0.150330
28851078;0.181010
28852076;0.173340
28853077;0.188680
28854080;0.141126
28855076;0.165670
28856079;0.133456
28857093;0.162602
28858078;0.179476
28859077;0.133456
28860078;0.150330
28861076;0.119651
28862077;0.139592
28863080;0.139592
28864076;0.170272
28865079;0.150330
28866081;0.104311
28867079;0.121184
28868091;0.102777
28869080;0.118117
28870081;0.090505
28871079;0.076699
28872080;0.079767
28873078;0.099709
28874080;0.104311
28875078;0.079767
28876076;0.093573
28877076;0.049087
28878092;0.070563
28879077;0.023010
28880081;0.046019
28881077;0.058291
28882081;0.039884
28883078;0.021476
28884076;-0.006136
28885077;0.039884
28886081;-0.016874
28887076;0.018408
28888094;-0.010738
28889077;-0.041417
28890078;-0.030680
28891077;-0.024544
28892078;-0.013806
28893076;-0.038350
28894077;-0.030680
28895081;-0.072097
28896077;-0.052155
28897081;-0.088971
28898123;-0.055223
28899079;-0.056757
28900080;-0.096641
28901078;-0.081301
28902080;-0.119651
28903079;-0.087437
28904080;-0.099709
28905078;-0.079767
28906079;-0.104311
28907078;-0.110447
28908079;-0.154932
28909094;-0.128854
28910078;-0.101243
28911077;-0.119651
28912078;-0.102777
28913077;-0.145728
28914078;-0.122718
28915077;-0.107379
28916078;-0.138058
28917077;-0.115049
28918077;-0.161068
28919094;-0.127320
28920079;-0.144194
28921079;-0.116583
28922080;-0.119651
28923079;-0.122718
28924080;-0.138058
28925078;-0.162602
28926079;-0.113515
28927078;-0.128854
28928079;-0.119651
28929077;-0.122718
28930092;-0.121184
28931078;-0.138058
28932076;-0.115049
28933078;-0.099709
28934077;-0.105845
28935078;-0.093573
28936076;-0.145728
28937077;-0.111981
28938081;-0.101243
28939078;-0.088971
28940090;-0.104311
28941081;-0.107379
28942079;-0.108913
28943080;-0.116583
28944079;-0.095107
28945080;-0.087437
28946079;-0.065961
28947080;-0.101243
28948078;-0.064427
28949080;-0.075165
28950091;-0.059825
28951079;-0.082835
28952080;-0.078233
28953079;-0.038350
28954080;-0.069029
28955079;-0.047553
28956080;-0.016874
28957079;-0.015340
28958081;-0.007670
28959080;-0.052155
28960081;-0.012272
28961094;-0.024544
28962079;0.012272
28963078;0.009204
28964079;0.021476
28965078;0.006136
28966080;0.013806
28967078;0.030680
28968079;0.052155
28969079;0.072097
28970077;0.038350
28971092;0.055223
28972077;0.039884
28973081;0.081301
28974077;0.078233
28975079;0.108913
28976081;0.073631
28977079;0.101243
28978079;0.099709
28979078;0.067495
28980079;0.119651
28981090;0.104311
28982081;0.078233
28983079;0.093573
28984080;0.105845
28985078;0.131922
28986079;0.115049
28987077;0.141126
28988079;0.107379
28989077;0.122718
28990078;0.098175
28991077;0.131922
28992091;0.153398
28993081;0.095107
28994079;0.133456
28995081;0.090505
28996079;0.130388
28997079;0.145728
28998077;0.131922
28999078;0.111981
29000077;0.084369
29001078;0.110447
29002090;0.079767
29003081;0.116583
29004079;0.102777
29005079;0.113515
29006078;0.076699
29007079;0.069029
29008077;0.102777
29009078;0.087437
29010077;0.095107
29011079;0.050621
29012077;0.075165
29013091;0.039884
29014079;0.070563
29015080;0.082835
29016077;0.056757
29017078;0.072097
29018077;0.013806
29019078;0.047553
29020077;0.003068
29021078;0.042951
29022081;0.035282
29023092;-0.015340
29024077;0.006136
29025080;-0.006136
29026081;0.015340
29027079;-0.016874
29028080;0.010738
29029077;-0.019942
29030079;-0.015340
29031077;-0.049087
29032078;-0.016874
29033077;-0.003068
29034092;-0.072097
29035079;-0.026078
29036081;-0.079767
29037079;-0.046019
29038080;-0.032214
29039078;-0.038350
29040079;-0.056757
29041077;-0.092039
29042078;-0.065961
29043077;-0.079767
29044078;-0.046019
29045089;-0.069029
29046077;-0.036816
29047078;-0.078233
29048076;-0.079767
29049078;-0.049087
29050076;-0.065961
29051077;-0.052155
29052081;-0.093573
29053077;-0.072097
29054080;-0.101243
29055091;-0.059825
29056079;-0.075165
29057080;-0.058291
29058078;-0.069029
29059080;-0.082835
29060078;-0.065961
29061079;-0.090505
29062077;-0.042951
29063078;-0.072097
29064077;-0.064427
29065093;-0.102777
29066081;-0.055223
29067077;-0.042951
29068080;-0.065961
29069076;-0.033748
29070080;-0.065961
29071081;-0.038350
29072079;-0.052155
29073080;-0.009204
29074079;-0.021476
29075093;-0.041417
29076078;-0.018408
29077076;-0.027612
29078076;-0.018408
29079080;-0.013806
29080081;0.010738
29081079;0.000000
29082080;0.021476
29083079;0.009204
29084080;0.030680
29085078;0.039884
29086090;0.019942
29087077;0.059825
29088078;0.019942
29089077;0.056757
29090078;0.087437
29091077;0.079767
29092077;0.079767
29093081;0.050621
29094077;0.093573
29095080;0.058291
29096092;0.108913
29097080;0.102777
29098081;0.118117
29099079;0.102777
29100080;0.079767
29101079;0.133456
29102080;0.119651
29103078;0.150330
29104079;0.102777
29105077;0.108913
29106094;0.118117
29107077;0.144194
29108078;0.164136
29109077;0.124252
29110078;0.151864
29111076;0.125786
29112077;0.154932
29113081;0.128854
29114077;0.164136
29115081;0.154932
29116076;0.115049
29117092;0.139592
29118079;0.119651
29119081;0.158000
29120079;0.145728
29121080;0.161068
29122078;0.127320
29123080;0.133456
29124077;0.099709
29125079;0.125786
29126077;0.144194
29127091;0.098175
29128078;0.127320
29129080;0.084369
29130078;0.107379
29131079;0.107379
29132077;0.113515
29133078;0.088971
29134077;0.062893
29135078;0.096641
29136076;0.061359
29137077;0.088971
29138091;0.062893
29139076;0.088971
29140081;0.046019
29141081;0.035282
29142080;0.064427
29143081;0.035282
29144080;0.056757
29145081;-0.007670
29146081;0.010738
29147081;-0.021476
29148093;0.003068
29149078;0.010738
29150077;-0.015340
29151077;-0.016874
29152077;-0.049087
29153078;-0.016874
29154077;-0.052155
29155077;-0.042951
29156077;-0.046019
29157077;-0.087437
29158081;-0.085903
29159093;-0.067495
29160078;-0.056757
29161077;-0.085903
29162078;-0.069029
29163077;-0.119651
29164077;-0.122718
29165077;-0.134990
29166078;-0.107379
29167076;-0.096641
29168077;-0.144194
29169092;-0.113515
29170080;-0.154932
29171076;-0.125786
29172080;-0.127320
29173081;-0.144194
29174081;-0.148796
29175081;-0.165670
29176080;-0.124252
29177081;-0.159534
29178079;-0.153398
29179092;-0.156466
29180081;-0.136524
29181081;-0.176408
29182081;-0.158000
29183079;-0.170272
29184078;-0.170272
29185080;-0.227029
29186079;-0.191748
29187078;-0.167204
29188077;-0.181010
29189078;-0.167204
29190092;-0.167204
29191077;-0.193282
29192081;-0.182544
29193077;-0.196350
29194081;-0.165670
29195078;-0.162602
29196077;-0.150330
29197077;-0.185612
29198081;-0.173340
29199077;-0.188680
29200094;-0.165670
29201080;-0.156466
29202079;-0.179476
29203080;-0.128854
29204079;-0.191748
29205079;-0.158000
29206078;-0.190214
29207079;-0.141126
29208077;-0.138058
29209078;-0.177942
29210090;-0.130388
29211078;-0.161068
29212079;-0.119651
29213078;-0.144194
29214079;-0.111981
29215078;-0.134990
29216080;-0.142660
29217078;-0.116583
29218079;-0.116583
29219078;-0.087437
29220079;-0.115049
29221094;-0.090505
29222079;-0.130388
29223077;-0.096641
29224078;-0.069029
29225077;-0.079767
29226078;-0.070563
29227076;-0.107379
29228077;-0.062893
29229076;-0.101243
29230077;-0.046019
29231088;-0.044485
29232091;-0.082835
29233078;-0.056757
29234080;-0.030680
29235077;-0.003068
29236078;-0.027612
29237081;0.001534
29238077;-0.030680
29239081;0.009204
29240077;-0.030680
29241081;0.013806
29242094;0.023010
29243077;-0.013806
29244078;0.024544
29245077;0.000000
29246078;0.039884
29247081;0.018408
29248077;0.064427
29249081;0.047553
29250077;0.027612
29251081;0.062893
29252094;0.058291
29253081;0.095107
29254077;0.069029
29255081;0.101243
29256077;0.084369
29257081;0.092039
29258081;0.121184
29259080;0.115049
29260080;0.131922
29261078;0.098175
29262092;0.121184
29263076;0.099709
29264080;0.130388
29265080;0.158000
29266078;0.162602
29267079;0.130388
29268077;0.119651
29269079;0.165670
29270077;0.122718
29271078;0.165670
29272077;0.138058
29273093;0.130388
29274081;0.142660
29275077;0.165670
29276080;0.177942
29277080;0.158000
29278077;0.168738
29279079;0.127320
29280077;0.173340
29281078;0.141126
29282077;0.168738
29283092;0.161068
29284079;0.130388
29285080;0.141126
29286078;0.119651
29287079;0.128854
29288077;0.124252
29289078;0.127320
29290077;0.168738
29291077;0.138058
29292081;0.108913
29293104;0.202485
29294079;0.142660
29295077;0.096641
29296078;0.127320
29297081;0.092039
29298077;0.111981
29299081;0.121184
29300077;0.101243
29301081;0.113515
29302077;0.053689
29303080;0.073631
29304090;0.064427
29305080;0.072097
29306078;0.078233
29307078;0.070563
29308076;0.056757
29309077;0.027612
29310081;0.039884
29311077;0.049087
29312080;0.047553
29313081;0.026078
29314097;0.013806
29315078;0.016874
29316076;0.021476
29317077;0.021476
29318080;0.015340
29319081;0.026078
29320079;-0.004602
29321080;-0.001534
29322079;-0.015340
29323080;0.000000
29324078;-0.009204
29325091;-0.036816
29326076;-0.029146
29327080;-0.049087
29328080;-0.006136
29329079;-0.024544
29330080;-0.003068
29331079;-0.033748
29332079;-0.046019
29333078;-0.059825
29334079;-0.029146
29335092;-0.013806
29336077;-0.046019
29337081;-0.013806
29338076;-0.055223
29339080;-0.030680
29340081;-0.023010
29341079;-0.030680
29342080;-0.010738
29343079;-0.058291
29344080;-0.032214
29345078;-0.042951
29346089;-0.006136
29347080;-0.012272
29348078;-0.013806
29349080;-0.019942
29350078;-0.030680
29351079;0.018408
29352077;0.004602
29353078;0.023010
29354076;0.001534
29355078;0.006136
29356076;-0.015340
29357090;0.019942
29358078;0.052155
29359079;0.041417
29360078;0.050621
29361079;0.015340
29362077;0.055223
29363078;0.049087
29364076;0.067495
29365077;0.065961
29366080;0.042951
29367092;0.072097
29368078;0.081301
29369077;0.104311
29370078;0.121184
29371077;0.121184
29372078;0.096641
29373076;0.110447
29374077;0.084369
29375081;0.118117
29376077;0.125786
29377080;0.099709
29378091;0.139592
29379079;0.107379
29380080;0.162602
29381078;0.154932
29382080;0.162602
29383078;0.161068
29384079;0.131922
29385077;0.151864
29386078;0.153398
29387076;0.181010
29388094;0.158000
29389077;0.185612
29390078;0.145728
29391076;0.171806
29392077;0.142660
29393080;0.177942
29394076;0.148796
29395080;0.165670
29396081;0.182544
29397079;0.150330
29398093;0.181010
29399092;0.170272
29400079;0.156466
29401077;0.133456
29402077;0.108913
29403077;0.138058
29404078;0.122718
29405077;0.133456
29406078;0.105845
29407077;0.092039
29408077;0.081301
29409093;0.092039
29410078;0.101243
29411077;0.079767
29412078;0.096641
29413077;0.050621
29414078;0.075165
29415077;0.036816
29416078;0.072097
29417076;0.061359
29418077;0.059825
29419132;0.038350
29420077;0.006136
29421078;0.042951
29422077;0.026078
29423078;0.046019
29424076;-0.004602
29425078;-0.032214
29426077;-0.030680
29427078;-0.010738
29428077;0.001534
29429078;-0.036816
29430094;-0.018408
29431080;-0.069029
29432079;-0.039884
29433079;-0.044485
29434078;-0.050621
29435080;-0.049087
29436079;-0.102777
29437079;-0.081301
29438078;-0.119651
29439079;-0.073631
29440079;-0.090505
29441092;-0.092039
29442077;-0.111981
29443077;-0.111981
29444077;-0.095107
29445081;-0.125786
29446077;-0.104311
29447081;-0.136524
29448077;-0.136524
29449081;-0.153398
29450077;-0.153398
29451091;-0.121184
29452081;-0.141126
29453080;-0.136524
29454081;-0.177942
29455080;-0.145728
29456081;-0.177942
29457080;-0.139592
29458081;-0.162602
29459080;-0.184078
29460081;-0.162602
29461090;-0.171806
29462078;-0.141126
29463080;-0.176408
29464078;-0.138058
29465080;-0.170272
29466079;-0.184078
29467079;-0.177942
29468078;-0.177942
29469079;-0.142660
29470078;-0.177942
29471080;-0.142660
29472094;-0.188680
29473079;-0.153398
29474079;-0.142660
29475079;-0.148796
29476079;-0.144194
29477079;-0.177942
29478078;-0.177942
29479079;-0.170272
29480078;-0.119651
29481080;-0.142660
29482092;-0.122718
29483078;-0.122718
29484076;-0.133456
29485078;-0.153398
29486077;-0.118117
29487078;-0.136524
29488076;-0.118117
29489078;-0.128854
29490077;-0.119651
29491078;-0.153398
29492077;-0.111981
29493094;-0.102777
29494077;-0.102777
29495078;-0.095107
29496077;-0.136524
29497078;-0.087437
29498077;-0.101243
29499079;-0.073631
29500077;-0.098175
29501078;-0.095107
29502077;-0.076699
29503092;-0.042951
29504079;-0.042951
29505080;-0.019942
29506078;-0.019942
29507079;-0.067495
29508077;-0.035282
29509079;-0.064427
29510077;-0.021476
29511078;-0.001534
29512077;-0.049087
29513091;-0.033748
29514077;-0.033748
29515081;0.016874
29516077;0.016874
29517080;0.046019
29518081;0.006136
29519079;0.006136
29520080;0.038350
29521078;0.039884
29522079;0.061359
29523090;0.087437
29524079;0.087437
29525078;0.062893
29526080;0.067495
29527077;0.101243
29528077;0.092039
29529081;0.059825
29530077;0.059825
29531081;0.084369
29532077;0.084369
29533081;0.122718
29534090;0.138058
29535081;0.119651
29536078;0.119651
29537079;0.101243
29538077;0.144194
29539079;0.104311
29540077;0.150330
29541078;0.139592
29542077;0.096641
29543078;0.133456
29544091;0.162602
29545081;0.136524
29546079;0.136524
29547080;0.170272
29548077;0.121184
29549079;0.147262
29550077;0.119651
29551078;0.156466
29552077;0.158000
29553078;0.124252
29554077;0.138058
29555092;0.153398
29556077;0.153398
29557081;0.133456
29558077;0.141126
29559081;0.125786
29560077;0.095107
29561081;0.133456
29562076;0.104311
29563080;0.121184
29564080;0.102777
29565088;0.093573
29566095;0.084369
29567081;0.084369
29568077;0.113515
29569080;0.099709
29570076;0.115049
29571080;0.059825
29572081;0.090505
29573079;0.042951
29574080;0.062893
29575078;0.081301
29576091;0.047553
29577079;0.047553
29578080;0.024544
29579079;0.064427
29580079;0.021476
29581078;0.053689
29582079;0.033748
29583077;0.006136
29584078;0.029146
29585076;0.027612
29586094;0.019942
29587080;0.019942
29588078;0.033748
29589079;-0.016874
29590077;0.007670
29591079;-0.010738
29592077;0.013806
29593078;0.010738
29594076;-0.024544
29595078;0.010738
29596093;0.006136
29597078;0.006136
29598076;0.006136
29599078;0.010738
29600076;-0.018408
29601077;-0.027612
29602081;0.003068
29603077;-0.004602
29604080;-0.019942
29605076;-0.006136
29606079;-0.024544
29607094;0.019942
29608077;0.019942
29609078;-0.001534
29610076;0.001534
29611077;0.010738
29612080;-0.024544
29613076;0.009204
29614080;-0.021476
29615080;0.019942
29616079;0.026078
29617092;0.021476
29618080;0.021476
29619076;0.001534
29620079;0.046019
29621080;0.009204
29622079;0.055223
29623080;0.042951
29624078;0.023010
29625079;0.047553
29626077;0.062893
29627079;0.079767
29628090;0.092039
29629078;0.092039
29630079;0.046019
29631077;0.092039
29632078;0.058291
29633077;0.105845
29634078;0.125786
29635077;0.056757
29636078;0.115049
29637081;0.085903
29638093;0.127320
29639079;0.127320
29640077;0.141126
29641078;0.141126
29642076;0.121184
29643077;0.162602
29644080;0.141126
29645076;0.153398
29646079;0.133456
29647080;0.177942
29648078;0.148796
29649090;0.187146
29650078;0.187146
29651079;0.177942
29652077;0.184078
29653078;0.165670
29654076;0.177942
29655077;0.151864
29656080;0.181010
29657076;0.188680
29658079;0.182544
29659094;0.144194
29660077;0.144194
29661078;0.179476
29662080;0.171806
29663079;0.177942
29664079;0.150330
29665079;0.144194
29666080;0.141126
29667078;0.133456
29668078;0.164136
29669092;0.150330
29670079;0.150330
29671081;0.096641
29672081;0.113515
29673081;0.087437
29674081;0.021476
29675077;0.110447
29676080;0.075165
29677081;0.081301
29678080;0.064427
29679090;0.079767
29680094;0.088971
29681079;0.088971
29682077;0.055223
29683080;0.019942
29684078;0.059825
29685079;0.030680
29686079;0.049087
29687079;0.016874
29688077;0.038350
29689079;-0.015340
29690090;0.015340
29691080;0.015340
29692079;-0.003068
29693080;0.004602
29694079;-0.049087
29695080;-0.024544
29696079;-0.061359
29697080;-0.039884
29698079;-0.044485
29699080;-0.033748
29700092;-0.093573
29701077;-0.093573
29702081;-0.062893
29703077;-0.085903
29704081;-0.062893
29705077;-0.088971
29706081;-0.116583
29707077;-0.099709
29708081;-0.090505
29709077;-0.095107
29710094;-0.105845
29711077;-0.105845
29712078;-0.127320
29713077;-0.101243
29714078;-0.167204
29715077;-0.128854
29716078;-0.111981
29717077;-0.154932
29718077;-0.125786
29719081;-0.156466
29720077;-0.119651
29721090;-0.116583
29722080;-0.116583
29723080;-0.138058
29724081;-0.161068
29725081;-0.119651
29726081;-0.136524
29727080;-0.116583
29728081;-0.139592
29729081;-0.110447
29730081;-0.161068
29731094;-0.107379
29732078;-0.107379
29733077;-0.128854
29734078;-0.105845
29735077;-0.158000
29736078;-0.125786
29737077;-0.153398
29738077;-0.115049
29739077;-0.107379
29740077;-0.102777
29741092;-0.134990
29742080;-0.134990
29743081;-0.087437
29744080;-0.098175
29745081;-0.088971
29746080;-0.105845
29747081;-0.098175
29748080;-0.115049
29749081;-0.087437
29750080;-0.072097
29751094;-0.072097
29752077;-0.072097
29753077;-0.105845
29754076;-0.067495
29755078;-0.107379
29756079;-0.062893
29757077;-0.052155
29758078;-0.087437
29759077;-0.058291
29760078;-0.073631
29761077;-0.036816
29762095;-0.018408
29763079;-0.018408
29764077;-0.026078
29765078;-0.030680
29766077;-0.007670
29767078;-0.023010
29768077;0.004602
29769078;0.001534
29770077;0.023010
29771079;-0.016874
29772090;0.026078
29773081;0.039884
29774079;0.046019
29775080;0.061359
29776078;0.019942
29777079;0.061359
29778077;0.046019
29779078;0.072097
29780077;0.061359
29781078;0.085903
29782112;0.053689
29783081;0.053689
29784079;0.098175
29785081;0.092039
29786078;0.134990
29787080;0.082835
29788077;0.108913
29789078;0.076699
29790077;0.111981
29791078;0.121184
29792077;0.081301
29793091;0.116583
29794079;0.082835
29795081;0.138058
29796078;0.093573
29797079;0.131922
29798077;0.118117
29799078;0.095107
29800077;0.116583
29801078;0.108913
29802077;0.153398
29803093;0.145728
29804078;0.145728
29805077;0.110447
29806078;0.118117
29807081;0.139592
29808077;0.131922
29809081;0.133456
29810077;0.093573
29811081;0.128854
29812077;0.088971
29813081;0.119651
29814090;0.118117
29815081;0.116583
29816078;0.092039
29817079;0.087437
29818077;0.127320
29819079;0.098175
29820077;0.156466
29821078;0.072097
29822081;0.107379
29823077;0.072097
29824081;0.073631
29825094;0.072097
29826077;0.072097
29827078;0.090505
29828077;0.030680
29829078;0.064427
29830077;0.039884
29831078;0.058291
29832076;0.052155
29833077;0.007670
29834081;0.033748
29835092;-0.003068
29836077;0.038350
29837081;-0.004602
29838077;0.030680
29839080;0.003068
29840076;-0.010738
29841079;-0.004602
29842081;-0.003068
29843079;0.015340
29844080;-0.006136
29845078;0.001534
29846089;-0.036816
29847077;-0.024544
29848078;0.004602
29849077;-0.030680
29850078;-0.026078
29851077;-0.065961
29852077;-0.053689
29853081;-0.062893
29854077;-0.030680
29855080;-0.046019
29856093;-0.027612
29857081;-0.050621
29858076;-0.081301
29859080;-0.039884
29860081;-0.053689
29861079;-0.046019
29862080;-0.072097
29863079;-0.041417
29864080;-0.098175
29865078;-0.062893
29866092;-0.042951
29867078;-0.064427
29868076;-0.056757
29869077;-0.090505
29870080;-0.053689
29871076;-0.098175
29872080;-0.042951
29873081;-0.055223
29874079;-0.079767
29875081;-0.072097
29876079;-0.075165
29877094;-0.033748
29878076;-0.059825
29879077;-0.029146
29880081;-0.067495
29881077;-0.042951
29882080;-0.069029
29883076;-0.030680
29884080;-0.012272
29885081;-0.056757
29886079;-0.019942
29887080;-0.046019
29888091;-0.009204
29889079;0.001534
29890080;0.003068
29891079;-0.001534
29892080;-0.021476
29893078;0.003068
29894079;-0.007670
29895078;0.036816
29896079;0.023010
29897077;0.056757
29898093;0.035282
29899077;0.033748
29900077;0.072097
29901081;0.069029
29902077;0.088971
29903080;0.050621
29904076;0.088971
29905079;0.055223
29906080;0.098175
29907079;0.108913
29908080;0.113515
29909094;0.102777
29910077;0.085903
29911078;0.131922
29912076;0.113515
29913077;0.144194
29914081;0.122718
29915077;0.102777
29916080;0.113515
29917081;0.153398
29918079;0.162602
29919094;0.153398
29920076;0.150330
29921078;0.194816
29922080;0.173340
29923080;0.139592
29924079;0.174874
29925077;0.139592
29926078;0.158000
29927077;0.159534
29928077;0.131922
29929093;0.153398
29930092;0.164136
29931078;0.168738
29932077;0.147262
29933078;0.131922
29934076;0.133456
29935078;0.127320
29936077;0.162602
29937078;0.119651
29938076;0.158000
29939078;0.122718
29940094;0.131922
29941079;0.148796
29942077;0.133456
29943079;0.127320
29944079;0.093573
29945080;0.107379
29946078;0.075165
29947079;0.110447
29948078;0.090505
29949080;0.101243
29950092;0.065961
29951077;0.052155
29952081;0.082835
29953077;0.055223
29954081;0.088971
29955078;0.047553
29956076;0.030680
29957077;0.030680
29958081;0.030680
29959077;0.055223
29960094;0.033748
29961077;0.021476
29962078;-0.015340
29963077;-0.003068
29964078;-0.024544
29965077;0.001534
29966078;0.001534
29967076;-0.036816
29968077;-0.032214
29969076;-0.049087
29970084;-0.013806
29971090;-0.035282
29972081;-0.024544
29973081;-0.050621
29974081;-0.058291
29975080;-0.070563
29976081;-0.062893
29977080;-0.050621
29978081;-0.090505
29979080;-0.049087
29980081;-0.098175
29981092;-0.069029
29982080;-0.064427
29983081;-0.070563
29984080;-0.075165
29985081;-0.115049
29986080;-0.084369
29987081;-0.119651
29988080;-0.087437
29989081;-0.082835
29990080;-0.104311
29991081;-0.102777
29992094;-0.119651
29993079;-0.082835
29994079;-0.098175
29995080;-0.050621
29996079;-0.115049
29997079;-0.115049
29998078;-0.121184
29999079;-0.110447
30000078;-0.062893
30001079;-0.078233
30002090;-0.075165
30003079;-0.115049
30004081;-0.082835
30005079;-0.113515
30006080;-0.067495
30007079;-0.065961
30008081;-0.105845
30009079;-0.081301
30010081;-0.092039
30011080;-0.058291
30012094;-0.062893
30013077;-0.042951
30014077;-0.065961
30015076;-0.058291
30016078;-0.075165
30017077;-0.041417
30018079;-0.016874
30019081;-0.049087
30020078;-0.003068
30021080;-0.049087
30022077;-0.013806
30023094;0.016874
30024077;0.006136
30025078;0.009204
30026081;0.004602
30027077;-0.001534
30028081;0.027612
30029077;0.067495
30030081;0.076699
30031081;0.056757
30032079;0.042951
30033092;0.059825
30034080;0.082835
30035081;0.075165
30036079;0.102777
30037079;0.069029
30038077;0.067495
30039078;0.059825
30040077;0.099709
30041078;0.125786
30042077;0.108913
30043090;0.127320
30044077;0.098175
30045079;0.131922
30046077;0.108913
30047077;0.138058
30048080;0.153398
30049081;0.101243
30050079;0.144194
30051081;0.128854
30052079;0.158000
30053094;0.159534
30054080;0.168738
30055077;0.145728
30056078;0.133456
30057077;0.131922
30058078;0.159534
30059077;0.168738
30060078;0.141126
30061077;0.171806
30062078;0.124252
30063077;0.154932
30064090;0.167204
30065078;0.156466
30066079;0.165670
30067077;0.110447
30068079;0.141126
30069077;0.104311
30070078;0.144194
30071077;0.121184
30072078;0.138058
30073077;0.111981
30074091;0.085903
30075078;0.133456
30076080;0.101243
30077077;0.119651
30078078;0.085903
30079077;0.093573
30080078;0.061359
30081077;0.084369
30082078;0.095107
30083077;0.072097
30084083;0.084369
30085095;0.032214
30086081;0.055223
30087077;0.004602
30088080;0.046019
30089081;0.035282
30090079;0.003068
30091081;0.012272
30092079;-0.009204
30093079;0.010738
30094077;-0.003068
30095091;0.010738
30096079;-0.012272
30097080;-0.023010
30098078;-0.065961
30099080;-0.033748
30100078;-0.012272
30101079;-0.056757
30102077;-0.019942
30103078;-0.081301
30104076;-0.062893
30105094;-0.044485
30106079;-0.056757
30107078;-0.062893
30108079;-0.107379
30109077;-0.082835
30110078;-0.099709
30111077;-0.087437
30112078;-0.090505
30113076;-0.075165
30114077;-0.113515
30115081;-0.116583
30116093;-0.084369
30117076;-0.119651
30118077;-0.075165
30119080;-0.156466
30120076;-0.127320
30121080;-0.145728
30122081;-0.113515
30123080;-0.096641
30124080;-0.111981
30125079;-0.099709
30126091;-0.141126
30127077;-0.115049
30128080;-0.144194
30129081;-0.104311
30130079;-0.118117
30131081;-0.124252
30132079;-0.078233
30133080;-0.098175
30134078;-0.125786
30135079;-0.118117
30136077;-0.095107
30137094;-0.075165
30138079;-0.101243
30139078;-0.128854
30140079;-0.096641
30141077;-0.088971
30142078;-0.107379
30143076;-0.081301
30144078;-0.118117
30145076;-0.092039
30146077;-0.058291
30147093;-0.064427
30148092;-0.069029
30149080;-0.122718
30150076;-0.069029
30151079;-0.088971
30152081;-0.064427
30153079;-0.050621
30154080;-0.026078
30155079;-0.047553
30156079;-0.042951
30157077;-0.012272
30158093;-0.019942
30159077;-0.001534
30160078;-0.026078
30161076;-0.023010
30162077;-0.030680
30163081;0.023010
30164077;0.019942
30165080;0.029146
30166076;0.024544
30167079;0.001534
30168090;0.052155
30169078;0.013806
30170079;0.076699
30171078;0.046019
30172079;0.036816
30173077;0.062893
30174078;0.055223
30175076;0.113515
30176077;0.087437
30177081;0.113515
30178091;0.092039
30179078;0.105845
30180076;0.087437
30181077;0.124252
30182081;0.147262
30183077;0.118117
30184080;0.158000
30185076;0.113515
30186079;0.148796
30187076;0.167204
30188094;0.162602
30189077;0.162602
30190077;0.128854
30191077;0.142660
30192078;0.139592
30193077;0.181010
30194078;0.159534
30195077;0.185612
30196078;0.161068
30197077;0.171806
30198077;0.188680
30199092;0.176408
30200077;0.187146
30201081;0.142660
30202077;0.171806
30203076;0.147262
30204077;0.167204
30205081;0.181010
30206077;0.167204
30207081;0.170272
30208081;0.124252
30209092;0.154932
30210077;0.119651
30211077;0.168738
30212077;0.133456
30213081;0.116583
30214077;0.098175
30215081;0.107379
30216077;0.133456
30217081;0.102777
30218077;0.121184
30219094;0.081301
30220076;0.095107
30221078;0.069029
30222077;0.085903
30223077;0.096641
30224077;0.044485
30225078;0.084369
30226077;0.036816
30227078;0.070563
30228077;0.070563
30229078;0.055223
30230090;0.032214
30231081;-0.006136
30232080;0.019942
30233081;-0.001534
30234081;0.027612
30235076;0.003068
30236080;0.010738
30237081;-0.024544
30238079;0.000000
30239081;-0.019942
30240093;-0.016874
30241081;-0.024544
30242077;-0.030680
30243081;-0.029146
30244077;-0.069029
30245080;-0.033748
30246081;-0.033748
30247079;-0.039884
30248081;-0.046019
30249080;-0.085903
30250094;-0.058291
30251077;-0.087437
30252078;-0.042951
30253077;-0.070563
30254078;-0.098175
30255077;-0.085903
30256078;-0.073631
30257076;-0.064427
30258077;-0.081301
30259076;-0.070563
30260077;-0.102777
30261092;-0.081301
30262078;-0.122718
30263077;-0.078233
30264078;-0.062893
30265077;-0.104311
30266078;-0.067495
30267076;-0.101243
30268078;-0.069029
30269077;-0.070563
30270078;-0.055223
30271094;-0.069029
30272080;-0.088971
30273078;-0.076699
30274079;-0.067495
30275079;-0.015340
30276079;-0.053689
30277077;-0.038350
30278078;-0.044485
30279077;-0.023010
30280079;-0.013806
30281094;-0.026078
30282077;-0.001534
30283079;-0.042951
30284077;-0.010738
30285078;-0.027612
30286077;0.015340
30287077;0.027612
30288080;0.030680
30289081;0.019942
30290078;0.000000
30291080;0.047553
30292095;0.046019
30293080;0.064427
30294077;0.061359
30295078;0.039884
30296077;0.062893
30297078;0.082835
30298077;0.108913
30299078;0.087437
30300077;0.115049
30301078;0.075165
30302077;0.128854
30303092;0.082835
30304079;0.141126
30305080;0.138058
30306078;0.108913
30307079;0.124252
30308078;0.121184
30309079;0.170272
30310077;0.168738
30311078;0.184078
30312077;0.173340
30313078;0.165670
30314091;0.170272
30315079;0.177942
30316079;0.202485
30317077;0.179476
30318078;0.211689
30319077;0.173340
30320078;0.207087
30321081;0.211689
30322077;0.205553
30323081;0.207087
30324093;0.176408
30325081;0.210155
30326077;0.168738
30327080;0.202485
30328081;0.208621
30329079;0.208621
30330081;0.182544
30331080;0.153398
30332081;0.205553
30333079;0.165670
30334094;0.197884
30335077;0.165670
30336078;0.153398
30337081;0.162602
30338077;0.177942
30339081;0.191748
30340077;0.148796
30341081;0.176408
30342076;0.139592
30343080;0.182544
30344090;0.165670
30345080;0.200951
30346078;0.171806
30347079;0.127320
30348077;0.162602
30349079;0.134990
30350077;0.182544
30351078;0.174874
30352077;0.211689
30353078;0.165670
30354077;0.153398
30355095;0.159534
30356077;0.176408
30357078;0.205553
30358076;0.179476
30359077;0.205553
30360081;0.170272
30361077;0.191748
30362080;0.214757
30363076;0.214757
30364079;0.219359
30365147;0.210155
30366081;0.210155
30367079;0.187146
30368079;0.223961
30369078;0.219359
30370079;0.217825
30371078;0.219359
30372078;0.211689
30373077;0.242369
30374078;0.230097
30375076;0.269981
30376090;0.243903
30377078;0.254641
30378079;0.237767
30379077;0.276117
30380078;0.303728
30381076;0.277651
30382078;0.323670
30383076;0.297592
30384077;0.323670
30385081;0.306796
30386089;0.329806
30387077;0.329806
30388079;0.320602
30389077;0.314466
30390078;0.303728
30391076;0.329806
30392077;0.317534
30393081;0.329806
30394077;2.982059
30395080;2.316311
30396092;2.204330
30397078;2.115360
30398076;0.352816
30399077;0.331340
30400081;0.355884
30401077;0.331340
30402080;0.354350
30403076;0.362019
30404079;0.358952
30405080;0.369689
30406085;0.363553
30407090;0.412641
30408078;0.404971
30409079;0.454058
30410077;0.460194
30411079;0.503146
30412077;0.493942
30413078;0.515418
30414076;0.573709
30415078;0.559903
30416081;0.621262
30417092;0.628932
30418080;0.653476
30419076;0.653476
30420079;0.711767
30421080;0.748583
30422078;0.730175
30423080;0.806874
30424078;0.793068
30425079;0.851359
30426077;0.846757
30427094;0.915787
30428077;0.954136
30429078;0.941864
30430076;1.001689
30431077;1.013961
30432080;1.102932
30433076;1.106000
30434079;1.150486
30435081;1.162758
30436079;1.205709
30437080;1.221049
30438094;1.276272
30439077;1.320758
30440078;1.322291
30441076;1.391321
30442078;1.386719
30443076;1.454214
30444077;1.492563
30445081;1.530913
30446077;1.552389
30447080;1.578466
30448091;1.607612
30449078;1.644427
30450079;1.693515
30451079;1.714991
30452079;1.762544
30453078;1.770214
30454079;1.802428
30455078;1.879127
30456080;1.885262
30457079;1.938952
30458089;1.946622
30459092;1.968097
30460078;1.984971
30461077;2.044796
30462078;2.089282
30463077;2.069340
30464078;2.135301
30465077;2.129165
30466078;2.192059
30467076;2.192059
30468077;2.233476
30469090;2.259554
30470081;2.258020
30471080;2.307107
30472081;2.319379
30473080;2.373068
30474081;2.365398
30475080;2.403748
30476081;2.376136
30477080;2.420622
30478081;2.405282
30479094;2.466641
30480090;2.486583
30481081;2.458971
30482080;2.515728
30483076;2.489651
30484080;2.531068
30485081;2.557146
30486080;2.564816
30487081;2.574020
30488080;2.557146
30489081;2.590894
30490094;2.586292
30491078;2.610835
30492078;2.603165
30493077;2.636913
30494078;2.593961
30495077;2.613903
30496078;2.615437
30497077;2.627709
30498077;2.621573
30499076;2.616971
30500092;2.630777
30501081;2.595495
30502081;2.638447
30503081;2.647651
30504081;2.606233
30505079;2.647651
30506081;2.610835
30507079;2.653787
30508081;2.613903
30509079;2.656855
30510081;2.636913
30511092;2.627709
30512077;2.635379
30513081;2.612369
30514077;2.649185
30515076;2.615437
30516077;2.647651
30517081;2.606233
30518076;2.590894
30519081;2.574020
30520077;2.623107
30521081;2.627709
30522094;2.567884
30523080;2.613903
30524079;2.577088
30525079;2.601631
30526078;2.609301
30527079;2.607767
30528077;2.598563
30529077;2.557146
30530076;2.584758
30531078;2.560214
30532077;2.598563
30533094;2.570952
30534077;2.586292
30535078;2.551010
30536077;2.547942
30537078;2.577088
30538076;2.551010
30539078;2.557146
30540076;2.538738
30541077;2.540272
30542077;2.495787
30543081;2.537204
30544092;2.523398
30545080;2.488117
30546081;2.515728
30547078;2.488117
30548080;2.509593
30549077;2.478913
30550078;2.501923
30551080;2.475845
30552080;2.468175
30553078;2.475845
30554094;2.454369
30555077;2.437495
30556078;2.452835
30557077;2.498855
30558078;2.419088
30559076;2.431360
30560079;2.380738
30561081;2.412952
30562077;2.409884
30563081;2.360796
30564091;2.396078
30565077;2.345457
30566081;2.371534
30567077;2.362330
30568080;2.353127
30569081;2.322447
30570079;2.305573
30571081;2.327049
30572079;2.294835
30573079;2.311709
30574077;2.265690
30575092;2.297903
30576077;2.251884
30577080;2.241146
30578081;2.256486
30579079;2.224272
30580081;2.227340
30581079;2.169049
30582080;2.190525
30583078;2.141437
30584079;2.169049
30585093;2.153709
30586078;2.101554
30587077;2.123029
30588078;2.075476
30589077;2.092350
30590078;2.057068
30591077;2.072408
30592078;2.040195
30593077;2.015651
30594078;2.000311
30595077;2.001845
30596094;2.003379
30597081;1.958894
30598077;1.968097
30599081;1.883729
30600076;1.919010
30601080;1.894466
30602080;1.882195
30603078;1.886796
30604080;1.828505
30605077;1.837709
30606092;1.794758
30607079;1.797826
30608080;1.784020
30609078;1.777884
30610080;1.753340
30611077;1.713457
30612078;1.738000
30613077;1.693515
30614078;1.702719
30615077;1.667437
30616090;1.667437
30617080;1.618350
30618077;1.626020
30619078;1.618350
30620076;1.598408
30621077;1.589204
30622080;1.526311
30623076;1.544719
30624080;1.500233
30625081;1.524777
30626079;1.549321
30627091;1.446544
30628079;1.468020
30629080;1.429670
30630078;1.446544
30631080;1.420466
30632078;1.411262
30633079;1.371379
30634077;1.362175
30635078;1.334563
30636076;1.343767
30637094;1.348369
30638076;1.291612
30639077;1.310020
30640081;1.260932
30641077;1.274738
30642081;1.237923
30643077;1.260932
30644080;1.236389
30645076;1.198039
30646080;1.210311
30647093;1.184233
30648079;1.196505
30649077;1.175029
30650078;1.178097
30651077;1.144350
30652078;1.142816
30653076;1.142816
30654077;1.122874
30655080;1.139748
30656076;1.109068
30657080;1.090660
30658092;1.070719
30659081;1.041573
30660076;1.058447
30661079;1.047709
30662080;1.086058
30663078;1.006291
30664079;1.046175
30665077;1.003223
30666078;1.029301
30667077;1.015495
30668078;0.989418
30669090;1.000155
30670078;0.990952
30671080;0.997088
30672078;0.984816
30673079;0.995554
30674077;0.946466
30675079;0.969476
30676077;0.929592
30677077;0.964874
30678080;0.972544
30679092;0.928058
30680080;0.948000
30681081;0.926524
30682079;0.951068
30683081;0.921923
30684079;0.958738
30685080;0.944932
30686078;0.915787
30687079;0.943398
30688077;0.926524
30689094;0.958738
30690079;0.941864
30691078;0.957204
30692079;0.923456
30693077;0.917321
30694078;0.954136
30695076;0.941864
30696077;0.960272
30697081;0.937262
30698076;0.960272
30699093;0.921923
30700078;0.954136
30701077;0.969476
30702078;0.972544
30703076;0.974078
30704077;0.934194
30705081;0.969476
30706076;0.954136
30707080;0.984816
30708076;0.975612
30709079;0.948000
30710089;0.981748
30711080;0.974078
30712078;1.003223
30713080;1.000155
30714078;1.021631
30715080;1.007825
30716078;1.018563
30717079;1.003223
30718078;1.029301
30719079;1.035437
30720092;1.021631
30721080;1.047709
30722080;1.038505
30723080;1.064583
30724081;1.043107
30725080;1.086058
30726081;1.092194
30727080;1.069185
30728081;1.102932
30729080;1.090660
30730081;1.122874
30731094;1.135146
30732079;1.158156
30733077;1.133612
30734079;1.067651
30735079;1.165825
30736080;1.159690
30737078;1.187301
30738079;1.176563
30739079;1.204175
30740079;1.175029
30741090;1.210311
30742078;1.236389
30743079;1.233321
30744078;1.259398
30745080;1.225651
30746078;1.270136
30747079;1.244058
30748078;1.287010
30749080;1.299282
30750078;1.277806
30751090;1.325359
30752079;1.310020
30753079;1.351437
30754079;1.342233
30755080;1.371379
30756078;1.383651
30757079;1.366777
30758078;1.402058
30759079;1.386719
30760078;1.443476
30761080;1.452680
30762093;1.461884
30763079;1.451146
30764077;1.512505
30765078;1.486427
30766079;1.518641
30767080;1.540117
30768079;1.527845
30769080;1.558524
30770078;1.549321
30771080;1.592272
30772090;1.604544
30773079;1.619884
30774079;1.632156
30775078;1.610680
30776079;1.655165
30777078;1.647495
30778078;1.695049
30779077;1.691981
30780078;1.733398
30781077;1.721126
30782091;1.731864
30783079;1.774816
30784080;1.771748
30785079;1.800894
30786080;1.799360
30787079;1.813165
30788080;1.803962
30789079;1.853049
30790081;1.888330
30791079;1.860719
30792080;1.915942
30793092;1.889864
30794077;1.943554
30795077;1.926680
30796077;1.994175
30797081;2.004913
30798081;1.975767
30799080;2.027923
30800081;2.026389
30801080;2.077010
30802081;2.075476
30803091;2.109224
30804080;2.104622
30805077;2.104622
30806078;2.136835
30807076;2.159845
30808077;2.195127
30809081;2.181321
30810077;2.221204
30811081;2.193593
30812077;2.242680
30813093;2.279495
30814078;2.276428
30815077;2.311709
30816078;2.284097
30817081;2.327049
30818077;2.316311
30819081;2.366932
30820077;2.388408
30821081;2.402214
30822077;2.417554
30823080;2.411418
30824091;2.466641
30825078;2.449767
30826080;2.506525
30827077;2.514194
30828079;2.504991
30829077;2.544874
30830078;2.558680
30831077;2.595495
30832078;2.590894
30833077;2.632311
30834092;2.624641
30835078;2.655321
30836077;2.635379
30837078;2.684466
30838077;2.725884
30839078;2.699806
30840077;2.758098
30841078;2.719748
30842077;2.779573
30843079;2.813321
30844077;2.834797
30845092;2.839399
30846079;2.825593
30847081;2.880816
30848079;2.863942
30849079;2.926836
30850077;2.932971
30851079;2.975923
30852077;2.937573
30853078;2.991263
30854081;3.017340
30855094;3.023476
30856077;3.044952
30857077;3.055690
30858081;3.074098
30859077;3.052622
30860080;3.110913
30861081;-3.138525
30862079;-3.107845
30863080;-3.106311
30864078;-3.133923
30865079;-3.077166
30866092;-3.060292
30867078;-3.032680
30868080;-3.017340
30869077;-3.012738
30870078;-2.972855
30871077;-2.991263
30872078;-2.972855
30873077;-2.926836
30874078;-2.894622
30875077;-2.905360
30876091;-2.877748
30877077;-2.885418
30878078;-2.844001
30879081;-2.807185
30880076;-2.814855
30881079;-2.771903
30882080;-2.802583
30883079;-2.764233
30884080;-2.725884
30885078;-2.724350
30886094;-2.692136
30887079;-2.727418
30888077;-2.687534
30889078;-2.695204
30890077;-2.627709
30891078;-2.626175
30892076;-2.607767
30893077;-2.593961
30894081;-2.613903
30895077;-2.555612
30896092;-2.555612
30897090;-2.509593
30898078;-2.515728
30899079;-2.518796
30900077;-2.497321
30901078;-2.485049
30902076;-2.435961
30903078;-2.440563
30904081;-2.405282
30905077;-2.443631
30906093;-2.416020
30907093;-2.405282
30908076;-2.359262
30909077;-2.333185
30910081;-2.376136
30911077;-2.310175
30912080;-2.343923
30913076;-2.288699
30914079;-2.268758
30915081;-2.254952
30916079;-2.247282
30917091;-2.270292
30918079;-2.222738
30919080;-2.208932
30920078;-2.181321
30921079;-2.185923
30922077;-2.150641
30923079;-2.184389
30924077;-2.173651
30925078;-2.116894
30926076;-2.116894
30927090;-2.095418
30928078;-2.124563
30929079;-2.050932
30930077;-2.104622
30931079;-2.060136
30932077;-2.040195
30933078;-2.015651
30934076;-2.020253
30935078;-2.046330
30936081;-2.000311
30937077;-2.020253
30938093;-1.965029
30939077;-1.946622
30940078;-1.980369
30941076;-1.969631
30942077;-1.951224
30943081;-1.920544
30944077;-1.906738
30945080;-1.896000
30946076;-1.912874
30947079;-1.894466
30948089;-1.911340
30949077;-1.877593
30950078;-1.856117
30951077;-1.888330
30952078;-1.846913
30953076;-1.866855
30954077;-1.840777
30955081;-1.831573
30956077;-1.813165
30957080;-1.813165
30958092;-1.840777
30959078;-1.800894
30960076;-1.816233
30961077;-1.793224
30962080;-1.796292
30963077;-1.751806
30964080;-1.787088
30965081;-1.773282
30966079;-1.739534
30967080;-1.751806
30968078;-1.733398
30969091;-1.762544
30970076;-1.733398
30971080;-1.748738
30972080;-1.722660
30973080;-1.734932
30974079;-1.721126
30975081;-1.690447
30976079;-1.733398
30977080;-1.714991
30978078;-1.716525
30979080;-1.690447
30980093;-1.699651
30981078;-1.722660
30982077;-1.695049
30983078;-1.687379
30984077;-1.658233
30985078;-1.685845
30986076;-1.668971
30987077;-1.710389
30988081;-1.685845
30989077;-1.649029
30990094;-1.687379
30991077;-1.659767
30992078;-1.685845
30993077;-1.661301
30994078;-1.707321
30995077;-1.670505
30996078;-1.664369
30997077;-1.662835
30998077;-1.664369
30999081;-1.705787
31000077;-1.661301
31001094;-1.675107
31002079;-1.659767
31003078;-1.670505
31004080;-1.687379
31005078;-1.682777
31006080;-1.687379
31007078;-1.665903
31008079;-1.679709
31009077;-1.667437
31010078;-1.710389
31011093;-1.678175
31012078;-1.716525
31013077;-1.691981
31014078;-1.682777
31015077;-1.665903
31016078;-1.691981
31017077;-1.731864
31018077;-1.696583
31019077;-1.741068
31020077;-1.681243
31021092;-1.714991
31022080;-1.753340
31023081;-1.739534
31024080;-1.731864
31025081;-1.714991
31026081;-1.736466
31027081;-1.727262
31028081;-1.757942
31029081;-1.745670
31030080;-1.751806
31031081;-1.759476
31032094;-1.750272
31033079;-1.800894
31034077;-1.762544
31035078;-1.810097
31036077;-1.784020
31037077;-1.784020
31038081;-1.780952
31039077;-1.800894
31040081;-1.831573
31041077;-1.814699
31042091;-1.831573
31043080;-1.810097
31044081;-1.834641
31045081;-1.807029
31046081;-1.857651
31047079;-1.856117
31048081;-1.849981
31049079;-1.863787
31050081;-1.860719
31051080;-1.897534
31052093;-1.880661
31053081;-1.934350
31054076;-1.903670
31055080;-1.903670
31056081;-1.926680
31057080;-1.932816
31058080;-1.960428
31059080;-1.954292
31060081;-1.957360
31061080;-1.940486
31062081;-1.978835
31063094;-1.992641
31064079;-2.034059
31065078;-2.009515
31066080;-2.006447
31067081;-2.024855
31068079;-2.030991
31069081;-2.081612
31070079;-2.066272
31071080;-2.107690
31072078;-2.083146
31073092;-2.081612
31074080;-2.138369
31075081;-2.109224
31076077;-2.135301
31077078;-2.130699
31078077;-2.156777
31079078;-2.156777
31080077;-2.172117
31081078;-2.190525
31082077;-2.219670
31083094;-2.236544
31084079;-2.208932
31085077;-2.238078
31086078;-2.239612
31087076;-2.267224
31088077;-2.271826
31089081;-2.276428
31090077;-2.310175
31091081;-2.299437
31092077;-2.325515
31093081;-2.327049
31094095;-2.383806
31095077;-2.377670
31096078;-2.365398
31097081;-2.383806
31098077;-2.396078
31099081;-2.462039
31100077;-2.432894
31101081;-2.463573
31102077;-2.454369
31103081;-2.483515
31104092;-2.518796
31105077;-2.531068
31106081;-2.534136
31107077;-2.512661
31108081;-2.552544
31109077;-2.557146
31110081;-2.581690
31111077;-2.610835
31112081;-2.659923
31113081;-2.629243
31114147;-2.641515
31115079;-2.698272
31116077;-2.629243
31117078;-2.733554
31118076;-2.710544
31119078;-2.716680
31120077;-2.751962
31121078;-2.759631
31122077;-2.804117
31123079;-2.782641
31124077;-2.839399
31125092;-2.813321
31126079;-2.848602
31127080;-2.844001
31128077;-2.877748
31129079;-2.914564
31130081;-2.893088
31131077;-2.877748
31132081;-2.923768
31133081;-2.986661
31134079;-2.949845
31135090;-3.020408
31136080;-3.011204
31137077;-3.009670
31138078;-3.037282
31139077;-3.051088
31140078;-3.113981
31141077;-3.092505
31142077;3.138525
31143081;-3.110913
31144077;-3.138525
31145080;3.086370
31146094;3.133923
31147077;3.077166
31148078;3.077166
31149076;3.052622
31150078;3.061826
31151076;2.995865
31152077;2.988195
31153080;2.959049
31154076;2.965185
31155080;2.965185
31156091;2.906894
31157078;2.932971
31158079;2.871612
31159078;2.886952
31160079;2.876214
31161077;2.857806
31162078;2.834797
31163077;2.787243
31164078;2.796447
31165076;2.764233
31166092;2.785709
31167080;2.756564
31168081;2.756564
31169079;2.718214
31170080;2.678330
31171079;2.710544
31172080;2.647651
31173078;2.666059
31174079;2.626175
31175077;2.632311
31176078;2.570952
31177094;2.586292
31178077;2.589360
31179078;2.561748
31180076;2.567884
31181078;2.508059
31182081;2.534136
31183077;2.497321
31184080;2.491185
31185076;2.440563
31186080;2.448233
31187090;2.368466
31188076;2.393010
31189079;2.423690
31190081;2.380738
31191079;2.389942
31192080;2.345457
31193078;2.336253
31194079;2.291767
31195078;2.322447
31196079;2.316311
31197093;2.281029
31198079;2.279495
31199077;2.228874
31200078;2.250350
31201076;2.245748
31202077;2.227340
31203081;2.215068
31204077;2.155243
31205080;2.175185
31206076;2.124563
31207079;2.169049
31208092;2.136835
31209080;2.142971
31210076;2.103088
31211080;2.119962
31212081;2.103088
31213079;2.077010
31214080;2.081612
31215079;2.007981
31216080;2.052466
31217078;1.992641
31218093;2.014117
31219076;2.017185
31220077;1.995709
31221080;1.966563
31222076;1.945088
31223080;1.960428
31224080;1.917476
31225079;1.949690
31226080;1.926680
31227078;1.882195
31228079;1.903670
31229092;1.872991
31230080;1.896000
31231080;1.874525
31232079;1.885262
31233080;1.805495
31234078;1.836175
31235077;1.793224
31236078;1.811631
31237076;1.826971
31238077;1.773282
31239090;1.802428
31240081;1.764078
31241080;1.776350
31242081;1.762544
31243080;1.773282
31244081;1.750272
31245080;1.716525
31246081;1.719592
31247080;1.733398
31248081;1.736466
31249094;1.711923
31250078;1.724194
31251078;1.670505
31252078;1.695049
31253077;1.708855
31254078;1.684311
31255077;1.685845
31256078;1.644427
31257076;1.667437
31258077;1.635224
31259100;1.659767
31260078;1.650563
31261079;1.659767
31262078;1.661301
31263079;1.622952
31264079;1.638291
31265080;1.622952
31266078;1.633690
31267079;1.607612
31268078;1.595340
31269080;1.595340
31270094;1.603010
31271078;1.618350
31272077;1.596874
31273078;1.595340
31274077;1.543185
31275079;1.587670
31276077;1.553923
31277077;1.598408
31278081;1.578466
31279077;1.546253
31280094;1.572330
31281079;1.553923
31282078;1.587670
31283079;1.566194
31284078;1.583068
31285079;1.564660
31286078;1.567728
31287079;1.529379
31288078;1.573864
31289079;1.572330
31290078;1.572330
31291090;1.560058
31292081;1.523243
31293080;1.573864
31294081;1.572330
31295081;1.576932
31296081;1.569262
31297079;1.530913
31298080;1.564660
31299080;1.533981
31300081;1.576932
31301092;1.567728
31302092;1.580000
31303078;1.567728
31304077;1.541651
31305078;1.583068
31306076;1.566194
31307077;1.578466
31308081;1.558524
31309077;1.580000
31310081;1.555457
31311077;1.583068
31312094;1.598408
31313077;1.595340
31314078;1.596874
31315077;1.563126
31316078;1.601476
31317076;1.558524
31318077;1.613748
31319076;1.604544
31320078;1.586136
31321077;1.612214
31322078;1.601476
31323090;1.636757
31324080;1.603010
31325079;1.645961
31326079;1.621418
31327079;1.644427
31328079;1.616816
31329080;1.649029
31330078;1.662835
31331080;1.619884
31332077;1.672039
31333078;1.639825
31334092;1.672039
31335080;1.690447
31336080;1.707321
31337077;1.693515
31338078;1.679709
31339077;1.690447
31340078;1.711923
31341077;1.736466
31342078;1.725728
31343077;1.754874
31344092;1.747204
31345080;1.753340
31346080;1.774816
31347078;1.771748
31348079;1.817767
31349077;1.780952
31350078;1.790156
31351077;1.776350
31352078;1.820835
31353081;1.830039
31354077;1.830039
31355091;1.826971
31356079;1.828505
31357079;1.862253
31358077;1.862253
31359079;1.892932
31360077;1.883729
31361078;1.886796
31362077;1.896000
31363078;1.942020
31364081;1.945088
31365090;1.934350
31366080;1.980369
31367077;1.932816
31368078;1.975767
31369077;1.951224
31370078;2.000311
31371077;2.015651
31372078;2.000311
31373077;2.032525
31374078;2.014117
31375077;2.073942
31376092;2.067806
31377079;2.095418
31378079;2.109224
31379078;2.092350
31380079;2.077010
31381078;2.124563
31382079;2.162913
31383078;2.147573
31384079;2.176719
31385078;2.172117
31386098;2.195127
31387078;2.224272
31388077;2.216602
31389078;2.245748
31390077;2.212000
31391078;2.274894
31392077;2.254952
31393077;2.288699
31394081;2.299437
31395077;2.313243
31396081;2.322447
31397094;2.340855
31398077;2.350059
31399078;2.334719
31400077;2.402214
31401077;2.399146
31402081;2.394544
31403077;2.397612
31404080;2.437495
31405076;2.469709
31406079;2.462039
31407091;2.503457
31408079;2.472777
31409080;2.521864
31410079;2.497321
31411080;2.546408
31412078;2.580156
31413079;2.543340
31414077;2.607767
31415078;2.575554
31416077;2.629243
31417094;2.655321
31418077;2.669127
31419078;2.670661
31420076;2.667593
31421077;2.698272
31422080;2.710544
31423076;2.741224
31424079;2.747360
31425081;2.790311
31426079;2.762699
31427090;2.802583
31428081;2.831729
31429079;2.831729
31430080;2.862408
31431079;2.830195
31432080;2.882350
31433078;2.868544
31434079;2.917632
31435078;2.929903
31436079;2.963651
31437077;2.960583
31438089;2.936039
31439077;3.008137
31440078;3.005069
31441077;3.037282
31442078;3.038816
31443077;3.049554
31444078;3.044952
31445076;3.081768
31446077;3.126253
31447080;3.103243
31448090;-3.127787
31449081;-3.138525
31450079;-3.104777
31451080;-3.028078
31452078;-3.086370
31453079;-3.069496
31454078;-3.086370
31455079;-3.035748
31456077;-3.046486
31457078;-2.997399
31458076;-2.985127
31459092;-2.954447
31460080;-2.962117
31461081;-2.946777
31462079;-2.939107
31463080;-2.929903
31464078;-2.844001
31465079;-2.890020
31466078;-2.853204
31467079;-2.886952
31468077;-2.837865
31469090;-2.805651
31470080;-2.808719
31471079;-2.778039
31472080;-2.820991
31473078;-2.765767
31474079;-2.764233
31475078;-2.730486
31476079;-2.725884
31477077;-2.695204
31478077;-2.690602
31479117;-2.653787
31480077;-2.678330
31481080;-2.656855
31482076;-2.626175
31483080;-2.652253
31484080;-2.616971
31485079;-2.626175
31486080;-2.589360
31487078;-2.561748
31488078;-2.595495
31489077;-2.535670
31490091;-2.560214
31491078;-2.509593
31492079;-2.537204
31493078;-2.488117
31494079;-2.454369
31495077;-2.497321
31496078;-2.468175
31497080;-2.451301
31498078;-2.426758
31499080;-2.422156
31500092;-2.423690
31501079;-2.379204
31502080;-2.382272
31503079;-2.408350
31504080;-2.379204
31505079;-2.337787
31506080;-2.334719
31507079;-2.316311
31508080;-2.343923
31509079;-2.308641
31510081;-2.290233
31511090;-2.288699
31512081;-2.265690
31513080;-2.294835
31514081;-2.262622
31515080;-2.277961
31516081;-2.224272
31517080;-2.218136
31518081;-2.204330
31519080;-2.221204
31520081;-2.233476
31521092;-2.190525
31522077;-2.190525
31523077;-2.147573
31524077;-2.195127
31525081;-2.165981
31526077;-2.179787
31527081;-2.162913
31528076;-2.123029
31529080;-2.147573
31530081;-2.113826
31531090;-2.158311
31532081;-2.103088
31533079;-2.129165
31534080;-2.089282
31535079;-2.075476
31536080;-2.110758
31537079;-2.064738
31538081;-2.090816
31539080;-2.058602
31540080;-2.054000
31541094;-2.030991
31542077;-2.046330
31543078;-2.055534
31544077;-2.055534
31545078;-2.018719
31546077;-2.009515
31547078;-2.030991
31548077;-2.004913
31549078;-2.040195
31550077;-1.998777
31551091;-1.988039
31552079;-1.994175
31553080;-1.986505
31554079;-2.032525
31555080;-1.992641
31556079;-2.012583
31557080;-1.969631
31558078;-1.975767
31559080;-1.942020
31560078;-1.969631
31561080;-2.000311
31562090;-1.954292
31563081;-1.972699
31564080;-1.945088
31565081;-1.931282
31566081;-1.961962
31567081;-1.981903
31568080;-1.951224
31569081;-1.946622
31570080;-1.998777
31571076;-1.951224
31572094;-1.984971
31573079;-1.952758
31574078;-1.972699
31575079;-1.952758
31576078;-1.949690
31577079;-1.984971
31578077;-1.948156
31579080;-1.978835
31580078;-1.914408
31581079;-1.946622
31582090;-1.943554
31583078;-1.958894
31584079;-1.974233
31585078;-1.978835
31586079;-1.963495
31587078;-1.945088
31588079;-1.997243
31589079;-1.954292
31590080;-1.994175
31591080;-1.969631
31592078;-1.969631
31593092;-1.969631
31594080;-1.968097
31595081;-1.983437
31596078;-1.977301
31597079;-2.020253
31598077;-1.966563
31599079;-1.986505
31600077;-1.991107
31601077;-1.994175
31602081;-2.026389
31603093;-2.003379
31604078;-1.998777
31605077;-2.032525
31606078;-2.047864
31607081;-2.011049
31608077;-2.077010
31609081;-2.035593
31610077;-2.014117
31611081;-2.069340
31612077;-2.035593
31613090;-2.083146
31614081;-2.052466
31615079;-2.087748
31616080;-2.067806
31617077;-2.069340
31618077;-2.110758
31619081;-2.089282
31620077;-2.113826
31621081;-2.070874
31622077;-2.116894
31623116;-2.092350
31624080;-2.123029
31625077;-2.153709
31626078;-2.159845
31627077;-2.139903
31628078;-2.138369
31629077;-2.164447
31630078;-2.153709
31631077;-2.195127
31632078;-2.178253
31633077;-2.175185
31634091;-2.193593
31635079;-2.198195
31636081;-2.239612
31637079;-2.219670
31638079;-2.224272
31639077;-2.224272
31640078;-2.259554
31641077;-2.241146
31642078;-2.270292
31643077;-2.279495
31644089;-2.273360
31645092;-2.300971
31646079;-2.285631
31647080;-2.320913
31648077;-2.322447
31649078;-2.362330
31650077;-2.353127
31651079;-2.340855
31652077;-2.394544
31653078;-2.357728
31654077;-2.414486
31655093;-2.406816
31656080;-2.431360
31657080;-2.414486
31658077;-2.420622
31659080;-2.472777
31660077;-2.463573
31661079;-2.472777
31662077;-2.451301
31663078;-2.481981
31664077;-2.478913
31665093;-2.504991
31666079;-2.506525
31667080;-2.569418
31668079;-2.541806
31669080;-2.537204
31670078;-2.603165
31671079;-2.572486
31672078;-2.621573
31673079;-2.604699
31674077;-2.609301
31675094;-2.629243
31676079;-2.635379
31677077;-2.684466
31678078;-2.667593
31679077;-2.690602
31680078;-2.681398
31681076;-2.666059
31682077;-2.699806
31683081;-2.742758
31684077;-2.758098
31685100;-2.748894
31686081;-2.771903
31687079;-2.758098
31688079;-2.824059
31689078;-2.820991
31690079;-2.870078
31691078;-2.840933
31692078;-2.842467
31693077;-2.896156
31694078;-2.874680
31695076;-2.936039
31696093;-2.893088
31697080;-2.949845
31698076;-2.929903
31699080;-2.955981
31700076;-2.989729
31701079;-2.995865
31702081;-3.017340
31703079;-2.998933
31704080;-3.037282
31705078;-3.026544
31706093;-3.066428
31707079;-3.089437
31708077;-3.094039
31709078;-3.103243
31710076;-2.992797
31711077;-3.141593
31712081;-3.132389
31713077;3.097107
31714080;3.113981
31715076;3.117049
31716091;3.089437
31717076;3.069496
31718079;3.028078
31719080;3.044952
31720079;2.991263
31721080;3.025010
31722078;2.998933
31723080;2.997399
31724077;2.963651
31725079;2.939107
31726077;2.954447
31727091;2.916098
31728077;2.919166
31729080;2.871612
31730076;2.874680
31731080;2.822525
31732081;2.853204
31733079;2.850136
31734080;2.787243
31735078;2.822525
31736079;2.758098
31737077;2.776505
31738090;2.736622
31739078;2.753496
31740079;2.732020
31741077;2.675262
31742078;2.689068
31743076;2.678330
31744077;2.693670
31745081;2.659923
31746077;2.666059
31747080;2.652253
31748092;2.615437
31749079;2.574020
31750080;2.592427
31751079;2.598563
31752080;2.532602
31753078;2.569418
31754079;2.508059
31755078;2.531068
31756079;2.514194
31757077;2.491185
31758093;2.491185
31759079;2.445165
31760081;2.462039
31761079;2.428292
31762080;2.455903
31763080;2.429826
31764080;2.435961
31765079;2.383806
31766079;2.388408
31767079;2.393010
31768136;2.363864
31769077;2.366932
31770078;2.323981
31771077;2.311709
31772078;2.270292
31773077;2.304039
31774078;2.308641
31775076;2.239612
31776078;2.281029
31777077;2.225806
31778077;2.251884
31779092;2.202796
31780077;2.241146
31781080;2.216602
31782081;2.227340
31783081;2.179787
31784081;2.175185
31785080;2.192059
31786081;2.164447
31787080;2.172117
31788081;2.113826
31789092;2.138369
31790077;2.089282
31791081;2.116894
31792077;2.132233
31793081;2.058602
31794077;2.092350
31795076;2.044796
31796077;2.070874
31797081;2.100020
31798081;2.057068
31799090;2.055534
31800081;2.009515
31801081;2.034059
31802081;2.007981
31803080;2.024855
31804081;2.007981
31805080;2.009515
31806081;1.954292
31807080;1.963495
31808081;1.991107
31809080;1.965029
31810093;1.969631
31811078;1.934350
31812076;1.972699
31813078;1.928214
31814076;1.926680
31815078;1.839243
31816080;1.903670
31817081;1.896000
31818079;1.868389
31819077;1.899068
31820091;1.874525
31821081;1.905204
31822081;1.879127
31823081;1.842311
31824081;1.862253
31825081;1.856117
31826079;1.880661
31827080;1.869923
31828079;1.869923
31829081;1.817767
31830093;1.834641
31831081;1.822369
31832077;1.831573
31833080;1.843845
31834081;1.813165
31835080;1.846913
31836081;1.785554
31837079;1.823903
31838081;1.817767
31839080;1.819301
31840091;1.825437
31841092;1.770214
31842077;1.808563
31843077;1.785554
31844077;1.820835
31845081;1.805495
31846077;1.816233
31847081;1.793224
31848076;1.780952
31849080;1.810097
31850081;1.784020
31851090;1.825437
31852081;1.759476
31853081;1.791690
31854079;1.754874
31855080;1.787088
31856078;1.805495
31857079;1.745670
31858077;1.800894
31859078;1.761010
31860077;1.800894
31861092;1.785554
31862077;1.802428
31863081;1.790156
31864076;1.742602
31865080;1.782486
31866080;1.784020
31867078;1.813165
31868079;1.800894
31869077;1.819301
31870078;1.780952
31871077;1.800894
31872091;1.790156
31873078;1.802428
31874079;1.823903
31875078;1.782486
31876079;1.831573
31877077;1.788622
31878078;1.834641
31879077;1.836175
31880078;1.839243
31881077;1.836175
31882093;1.820835
31883081;1.879127
31884077;1.816233
31885081;1.863787
31886077;1.853049
31887081;1.874525
31888081;1.840777
31889079;1.853049
31890081;1.880661
31891079;1.883729
31892079;1.892932
31893092;1.848447
31894080;1.883729
31895080;1.859185
31896078;1.905204
31897078;1.935884
31898077;1.912874
31899078;1.932816
31900077;1.899068
31901078;1.948156
31902077;1.917476
31903090;1.963495
31904078;1.957360
31905079;1.942020
31906077;1.963495
31907078;1.974233
31908077;2.006447
31909078;1.986505
31910077;2.015651
31911077;1.989573
31912081;2.021787
31913093;1.992641
31914078;2.030991
31915077;2.043262
31916078;2.029457
31917081;2.063204
31918077;2.060136
31919081;2.073942
31920081;2.049398
31921080;2.101554
31922081;2.101554
31923080;2.081612
31924081;2.121495
31925093;2.121495
31926081;2.150641
31927077;2.144505
31928079;2.169049
31929080;2.147573
31930079;2.169049
31931080;2.193593
31932078;2.185923
31933079;2.216602
31934077;2.173651
31935094;2.230408
31936080;2.198195
31937078;2.236544
31938078;2.253418
31939077;2.230408
31940078;2.271826
31941076;2.273360
31942077;2.311709
31943080;2.300971
31944076;2.333185
31945092;2.328583
31946089;2.340855
31947078;2.343923
31948079;2.374602
31949077;2.393010
31950078;2.400680
31951076;2.416020
31952077;2.376136
31953080;2.426758
31954076;2.400680
31955080;2.463573
31956091;2.472777
31957079;2.439029
31958080;2.489651
31959079;2.466641
31960080;2.520330
31961078;2.531068
31962079;2.555612
31963077;2.558680
31964078;2.549476
31965076;2.587826
31966093;2.584758
31967078;2.618505
31968076;2.610835
31969077;2.659923
31970081;2.621573
31971077;2.656855
31972080;2.681398
31973076;2.673729
31974080;2.709010
31975080;2.670661
31976079;2.722816
31977092;2.718214
31978080;2.715146
31979076;2.770369
31980080;2.738156
31981081;2.785709
31982079;2.779573
31983080;2.828661
31984078;2.828661
31985079;2.854738
31986077;2.851670
31987094;2.844001
31988077;2.870078
31989078;2.899224
31990076;2.923768
31991077;2.883884
31992080;2.952913
31993076;2.917632
31994079;2.960583
31995081;2.952913
31996079;2.994331
31997080;3.020408
31998093;2.985127
31999081;3.035748
32000077;3.015806
32001080;3.083302
32002076;3.089437
32003080;3.123185
32004081;3.094039
32005079;3.086370
32006080;-3.130855
32007078;3.130855
32008090;-3.112447
32009078;-3.127787
32010079;-3.089437
32011078;-3.124719
32012079;-3.074098
32013077;-3.041884
32014078;-3.052622
32015076;-3.020408
32016077;-3.044952
32017080;-3.005069
32018091;-3.018874
32019080;-2.975923
32020081;-2.954447
32021079;-2.982059
32022077;-2.968253
32023078;-2.919166
32024076;-2.894622
32025077;-2.914564
32026081;-2.886952
32027077;-2.888486
32028090;-2.871612
32029078;-2.873146
32030079;-2.842467
32031079;-2.813321
32032080;-2.813321
32033078;-2.782641
32034079;-2.810253
32035079;-2.779573
32036079;-2.804117
32037077;-2.751962
32038078;-2.747360
32039090;-2.761165
32040081;-2.721282
32041081;-2.733554
32042081;-2.702874
32043080;-2.687534
32044081;-2.656855
32045081;-2.658389
32046081;-2.670661
32047080;-2.621573
32048081;-2.629243
32049091;-2.607767
32050079;-2.613903
32051080;-2.570952
32052078;-2.621573
32053079;-2.569418
32054079;-2.544874
32055079;-2.554078
32056078;-2.541806
32057078;-2.564816
32058077;-2.534136
32059078;-2.543340
32060090;-2.500389
32061081;-2.491185
32062081;-2.514194
32063081;-2.478913
32064081;-2.472777
32065081;-2.442097
32066081;-2.443631
32067081;-2.425224
32068081;-2.455903
32069076;-2.432894
32070090;-2.440563
32071078;-2.411418
32072079;-2.380738
32073078;-2.391476
32074079;-2.371534
32075078;-2.408350
32076079;-2.371534
32077078;-2.386874
32078078;-2.350059
32079077;-2.336253
32080089;-2.373068
32081090;-2.316311
32082081;-2.356194
32083080;-2.304039
32084081;-2.310175
32085080;-2.270292
32086081;-2.305573
32087080;-2.305573
32088081;-2.268758
32089080;-2.282563
32090081;-2.264156
32091094;-2.288699
32092080;-2.296369
32093078;-2.284097
32094080;-2.250350
32095079;-2.231942
32096079;-2.235010
32097077;-2.228874
32098078;-2.281029
32099077;-2.228874
32100078;-2.250350
32101092;-2.224272
32102081;-2.210466
32103081;-2.245748
32104080;-2.230408
32105081;-2.227340
32106081;-2.187457
32107081;-2.233476
32108081;-2.187457
32109076;-2.195127
32110080;-2.188991
32111081;-2.212000
32112090;-2.188991
32113081;-2.170583
32114081;-2.201262
32115078;-2.176719
32116079;-2.213534
32117077;-2.173651
32118078;-2.204330
32119077;-2.165981
32120078;-2.167515
32121077;-2.202796
32122078;-2.192059
32123093;-2.196661
32124080;-2.156777
32125081;-2.169049
32126079;-2.175185
32127080;-2.162913
32128077;-2.165981
32129078;-2.179787
32130077;-2.162913
32131079;-2.173651
32132077;-2.170583
32133093;-2.158311
32134078;-2.204330
32135077;-2.159845
32136078;-2.155243
32137081;-2.184389
32138077;-2.161379
32139081;-2.208932
32140077;-2.164447
32141081;-2.201262
32142077;-2.175185
32143081;-2.185923
32144094;-2.210466
32145077;-2.190525
32146078;-2.212000
32147077;-2.176719
32148078;-2.199728
32149077;-2.181321
32150078;-2.227340
32151077;-2.205864
32152078;-2.256486
32153081;-2.210466
32154090;-2.195127
32155078;-2.238078
32156079;-2.201262
32157077;-2.241146
32158078;-2.227340
32159076;-2.258020
32160078;-2.236544
32161081;-2.239612
32162077;-2.273360
32163081;-2.235010
32164077;-2.261088
32165091;-2.251884
32166079;-2.259554
32167080;-2.242680
32168077;-2.284097
32169078;-2.287165
32170077;-2.264156
32171078;-2.288699
32172077;-2.279495
32173078;-2.319379
32174077;-2.299437
32175092;-2.345457
32176079;-2.316311
32177081;-2.313243
32178079;-2.330117
32179080;-2.328583
32180077;-2.365398
32181079;-2.348525
32182077;-2.368466
32183078;-2.346991
32184077;-2.362330
32185093;-2.405282
32186079;-2.382272
32187081;-2.414486
32188077;-2.388408
32189081;-2.417554
32190077;-2.394544
32191081;-2.408350
32192076;-2.435961
32193080;-2.478913
32194081;-2.434427
32195080;-2.443631
32196080;-2.498855
32197091;-2.443631
32198079;-2.512661
32199080;-2.500389
32200079;-2.528000
32201080;-2.500389
32202078;-2.504991
32203080;-2.558680
32204077;-2.540272
32205079;-2.564816
32206077;-2.546408
32207078;-2.555612
32208089;-2.589360
32209077;-2.584758
32210078;-2.593961
32211077;-2.600097
32212078;-2.616971
32213076;-2.601631
32214078;-2.636913
32215076;-2.630777
32216077;-2.682932
32217080;-2.664525
32218091;-2.655321
32219080;-2.681398
32220081;-2.676796
32221079;-2.739690
32222080;-2.710544
32223078;-2.785709
32224079;-2.727418
32225078;-2.739690
32226079;-2.788777
32227077;-2.779573
32228089;-2.791845
32229080;-2.773437
32230079;-2.814855
32231080;-2.793379
32232078;-2.844001
32233079;-2.825593
32234077;-2.863942
32235079;-2.833263
32236077;-2.874680
32237078;-2.890020
32238076;-2.900758
32239094;-2.926836
32240077;-2.923768
32241078;-2.955981
32242076;-2.949845
32243078;-2.937573
32244076;-3.000467
32245077;-2.971321
32246080;-3.018874
32247076;-3.000467
32248079;-3.009670
32249091;-3.020408
32250077;-3.040350
32251076;-3.067962
32252077;-3.061826
32253080;-3.077166
32254076;-3.074098
32255079;-3.110913
32256080;-3.100175
32257079;3.123185
32258079;-3.135457
32259094;-3.132389
32260080;3.123185
32261078;3.118583
32262079;3.060292
32263078;3.090971
32264079;3.081768
32265077;3.058758
32266078;3.049554
32267076;3.005069
32268078;3.026544
32269076;2.985127
32270090;3.012738
32271078;2.988195
32272079;2.988195
32273077;2.945243
32274078;2.939107
32275077;2.909962
32276078;2.922234
32277076;2.919166
32278077;2.870078
32279080;2.896156
32280093;2.837865
32281076;2.854738
32282077;2.819457
32283076;2.862408
32284079;2.824059
32285080;2.778039
32286079;2.802583
32287080;2.759631
32288078;2.785709
32289080;2.770369
32290078;2.771903
32291091;2.742758
32292081;2.715146
32293081;2.736622
32294081;2.705942
32295081;2.709010
32296081;2.655321
32297079;2.682932
32298080;2.639981
32299080;2.644583
32300081;2.653787
32301079;2.632311
32302092;2.632311
32303078;2.564816
32304077;2.583224
32305078;2.575554
32306076;2.583224
32307077;2.563282
32308081;2.512661
32309077;2.515728
32310081;2.500389
32311077;2.534136
32312094;2.488117
32313079;2.517262
32314078;2.481981
32315079;2.465107
32316078;2.428292
32317079;2.448233
32318077;2.454369
32319078;2.409884
32320077;2.439029
32321078;2.380738
32322091;2.383806
32323080;2.362330
32324080;2.356194
32325079;2.371534
32326080;2.331651
32327079;2.356194
32328080;2.330117
32329079;2.350059
32330079;2.328583
32331078;2.331651
32332079;2.300971
32333094;2.282563
32334079;2.304039
32335079;2.282563
32336079;2.277961
32337077;2.251884
32338077;2.254952
32339077;2.205864
32340078;2.251884
32341077;2.228874
32342078;2.248816
32343090;2.218136
32344079;2.187457
32345079;2.210466
32346078;2.172117
32347078;2.195127
32348077;2.185923
32349077;2.150641
32350076;2.167515
32351078;2.159845
32352077;2.175185
32353078;2.152175
32354091;2.141437
32355076;2.129165
32356080;2.121495
32357081;2.086214
32358080;2.115360
32359081;2.130699
32360080;2.073942
32361081;2.123029
32362081;2.067806
32363077;2.101554
32364094;2.058602
32365079;2.095418
32366079;2.080078
32367079;2.046330
32368077;2.067806
32369079;2.040195
32370078;2.089282
32371079;2.052466
32372078;2.072408
32373079;2.037127
32374077;2.032525
32375091;2.060136
32376081;2.035593
32377081;2.047864
32378078;2.030991
32379080;2.035593
32380077;2.017185
32381079;2.024855
32382077;2.035593
32383078;2.030991
32384077;2.034059
32385091;1.984971
32386081;2.015651
32387079;1.981903
32388080;2.023321
32389078;2.004913
32390079;1.988039
32391077;2.003379
32392078;1.992641
32393077;2.018719
32394078;2.006447
32395118;2.012583
32396077;1.963495
32397080;1.995709
32398081;1.963495
32399079;2.014117
32400081;2.015651
32401079;1.975767
32402080;2.012583
32403078;1.968097
32404079;2.000311
32405077;1.972699
32406093;2.012583
32407080;2.000311
32408081;1.981903
32409079;2.000311
32410080;1.988039
32411078;2.015651
32412080;2.001845
32413077;2.020253
32414078;2.007981
32415077;2.006447
32416093;2.026389
32417080;2.012583
32418081;2.037127
32419079;1.983437
32420081;2.038661
32421079;1.986505
32422080;2.027923
32423077;2.044796
32424078;2.034059
32425077;2.003379
32426091;2.009515
32427081;2.040195
32428079;2.027923
32429080;2.067806
32430078;2.038661
32431079;2.027923
32432077;2.052466
32433078;2.067806
32434077;2.086214
32435079;2.075476
32436077;2.098486
32437092;2.046330
32438081;2.083146
32439079;2.061670
32440081;2.069340
32441079;2.093884
32442080;2.081612
32443078;2.115360
32444080;2.058602
32445077;2.129165
32446078;2.124563
32447094;2.150641
32448079;2.147573
32449077;2.112292
32450078;2.149107
32451077;2.155243
32452078;2.184389
32453081;2.172117
32454077;2.195127
32455080;2.152175
32456076;2.187457
32457079;2.213534
32458093;2.207398
32459077;2.218136
32460078;2.184389
32461076;2.233476
32462078;2.199728
32463081;2.244214
32464077;2.262622
32465080;2.271826
32466076;2.262622
32467079;2.242680
32468092;2.294835
32469081;2.277961
32470077;2.300971
32471080;2.297903
32472076;2.299437
32473079;2.300971
32474080;2.325515
32475079;2.359262
32476079;2.353127
32477077;2.366932
32478090;2.330117
32479081;2.374602
32480079;2.351593
32481080;2.393010
32482078;2.409884
32483080;2.376136
32484078;2.434427
32485079;2.416020
32486077;2.452835
32487078;2.465107
32488076;2.478913
32489090;2.462039
32490078;2.460505
32491080;2.478913
32492078;2.477379
32493079;2.541806
32494077;2.523398
32495078;2.544874
32496076;2.506525
32497077;2.551010
32498080;2.578622
32499092;2.564816
32500077;2.606233
32501080;2.558680
32502076;2.612369
32503080;2.580156
32504080;2.632311
32505079;2.641515
32506080;2.662991
32507078;2.650719
32508079;2.652253
32509077;2.698272
32510091;2.692136
32511079;2.718214
32512080;2.716680
32513078;2.716680
32514079;2.699806
32515078;2.759631
32516079;2.776505
32517077;2.774971
32518077;2.793379
32519081;2.758098
32520093;2.799515
32521079;2.788777
32522077;2.833263
32523079;2.845534
32524077;2.820991
32525078;2.865476
32526076;2.807185
32527077;2.905360
32528081;2.896156
32529077;2.922234
32530090;2.943709
32531076;2.917632
32532079;2.909962
32533080;2.955981
32534078;2.986661
32535080;2.971321
32536078;3.011204
32537079;2.963651
32538077;3.015806
32539078;3.038816
32540076;3.048020
32541092;3.018874
32542080;3.028078
32543081;3.078700
32544079;3.055690
32545080;3.107845
32546079;3.100175
32547078;3.112447
32548079;3.129321
32549078;-3.087903
32550080;-3.129321
32551092;-3.109379
32552079;-3.109379
32553081;-3.106311
32554081;-3.100175
32555077;-3.098641
32556080;-3.095573
32557081;-3.029612
32558080;-3.025010
32559081;-3.021942
32560080;-3.058758
32561081;-2.995865
32562093;-3.026544
32563081;-2.972855
32564077;-2.963651
32565081;-3.003535
32566077;-2.946777
32567081;-2.966719
32568077;-2.914564
32569080;-2.945243
32570081;-2.902292
32571081;-2.931437
32572094;-2.913030
32573077;-2.909962
32574078;-2.865476
32575077;-2.848602
32576078;-2.856272
32577077;-2.824059
32578077;-2.865476
32579077;-2.816389
32580077;-2.799515
32581081;-2.794913
32582118;-2.779573
32583080;-2.816389
32584081;-2.761165
32585080;-2.791845
32586081;-2.748894
32587080;-2.736622
32588081;-2.715146
32589081;-2.736622
32590081;-2.724350
32591079;-2.686000
32592081;-2.693670
32593091;-2.672195
32594079;-2.704408
32595081;-2.667593
32596080;-2.699806
32597081;-2.644583
32598079;-2.633845
32599081;-2.632311
32600079;-2.618505
32601080;-2.646117
32602079;-2.612369
32603081;-2.623107
32604093;-2.583224
32605077;-2.581690
32606076;-2.606233
32607077;-2.574020
32608080;-2.575554
32609081;-2.546408
32610081;-2.555612
32611077;-2.531068
32612080;-2.534136
32613081;-2.540272
32614092;-2.555612
32615078;-2.518796
32616076;-2.480447
32617077;-2.532602
32618080;-2.488117
32619076;-2.524932
32620080;-2.486583
32621081;-2.471243
32622081;-2.460505
32623081;-2.465107
32624094;-2.489651
32625079;-2.465107
32626077;-2.478913
32627078;-2.448233
32628077;-2.448233
32629078;-2.425224
32630077;-2.442097
32631077;-2.428292
32632076;-2.411418
32633077;-2.423690
32634081;-2.402214
32635090;-2.423690
32636081;-2.428292
32637079;-2.422156
32638081;-2.405282
32639080;-2.385340
32640078;-2.389942
32641079;-2.389942
32642078;-2.457437
32643080;-2.377670
32644077;-2.405282
32645092;-2.368466
32646079;-2.376136
32647079;-2.405282
32648077;-2.385340
32649079;-2.397612
32650077;-2.350059
32651079;-2.368466
32652077;-2.400680
32653078;-2.374602
32654077;-2.376136
32655090;-2.393010
32656081;-2.370000
32657079;-2.406816
32658079;-2.396078
32659077;-2.357728
32660078;-2.391476
32661077;-2.353127
32662078;-2.356194
32663077;-2.343923
32664078;-2.357728
32665122;-2.391476
32666080;-2.360796
32667077;-2.383806
32668079;-2.345457
32669077;-2.362330
32670078;-2.343923
32671077;-2.360796
32672078;-2.400680
32673081;-2.346991
32674077;-2.366932
32675081;-2.351593
32676090;-2.383806
32677077;-2.370000
32678078;-2.403748
32679077;-2.371534
32680078;-2.363864
32681077;-2.368466
32682078;-2.373068
32683081;-2.408350
32684077;-2.379204
32685081;-2.396078
32686094;-2.374602
32687081;-2.388408
32688077;-2.408350
32689081;-2.393010
32690076;-2.414486
32691080;-2.386874
32692080;-2.411418
32693077;-2.391476
32694078;-2.417554
32695077;-2.416020
32696091;-2.448233
32697077;-2.419088
32698079;-2.405282
32699081;-2.451301
32700079;-2.417554
32701080;-2.469709
32702077;-2.432894
32703078;-2.434427
32704077;-2.429826
32705078;-2.455903
32706077;-2.491185
32707093;-2.452835
32708081;-2.494253
32709077;-2.460505
32710081;-2.486583
32711081;-2.463573
32712079;-2.503457
32713080;-2.497321
32714078;-2.480447
32715079;-2.498855
32716077;-2.489651
32717092;-2.524932
32718077;-2.523398
32719081;-2.552544
32720077;-2.528000
32721080;-2.523398
32722076;-2.554078
32723080;-2.546408
32724081;-2.580156
32725079;-2.549476
32726080;-2.598563
32727078;-2.564816
32728092;-2.583224
32729081;-2.613903
32730077;-2.612369
32731080;-2.624641
32732076;-2.578622
32733079;-2.618505
32734080;-2.609301
32735079;-2.667593
32736080;-2.635379
32737078;-2.681398
32738091;-2.652253
32739080;-2.647651
32740081;-2.699806
32741079;-2.679864
32742080;-2.718214
32743078;-2.721282
32744079;-2.698272
32745077;-2.704408
32746079;-2.719748
32747077;-2.741224
32748093;-2.751962
32749079;-2.767301
32750077;-2.739690
32751078;-2.778039
32752076;-2.753496
32753078;-2.804117
32754076;-2.791845
32755078;-2.784175
32756081;-2.848602
32757077;-2.943709
32758080;-2.873146
32759092;-2.813321
32760080;-2.845534
32761076;-2.857806
32762079;-2.840933
32763081;-2.851670
32764079;-2.880816
32765080;-2.896156
32766078;-2.880816
32767079;-2.911496
32768077;-2.899224
32769094;-2.925302
32770076;-2.960583
32771078;-2.966719
32772076;-2.951379
32773077;-2.977457
32774081;-2.972855
32775077;-2.972855
32776080;-3.031146
32777081;-3.012738
32778079;-3.052622
32779091;-3.023476
32780076;-3.032680
32781080;-3.083302
32782080;-3.052622
32783079;-3.086370
32784080;-3.067962
32785078;-3.072564
32786079;-3.078700
32787077;-3.106311
32788079;3.118583
32789077;-3.130855
32790090;-3.141593
32791078;-3.129321
32792079;3.080234
32793077;3.129321
32794078;3.075632
32795077;3.094039
32796077;3.097107
32797081;3.078700
32798076;3.074098
32799080;3.018874
32800091;3.043418
32801079;3.006603
32802081;3.034214
32803079;3.012738
32804080;3.015806
32805078;2.977457
32806079;2.972855
32807077;2.959049
32808080;2.955981
32809081;2.963651
32810093;2.925302
32811081;2.919166
32812076;2.909962
32813080;2.902292
32814081;2.913030
32815080;2.886952
32816081;2.890020
32817080;2.817923
32818081;2.867010
32819080;2.813321
32820081;2.842467
32821092;2.825593
32822078;2.773437
32823077;2.784175
32824077;2.782641
32825077;2.819457
32826078;2.771903
32827077;2.782641
32828078;2.730486
32829077;2.742758
32830078;2.695204
32831090;2.724350
32832081;2.727418
32833080;2.707476
32834081;2.702874
32835080;2.650719
32836081;2.681398
32837080;2.684466
32838081;2.676796
32839080;2.666059
32840081;2.603165
32841080;2.632311
32842092;2.597029
32843077;2.626175
32844081;2.572486
32845077;2.615437
32846081;2.581690
32847077;2.570952
32848081;2.597029
32849081;2.563282
32850080;2.570952
32851076;2.538738
32852091;2.538738
32853081;2.494253
32854081;2.523398
32855081;2.521864
32856080;2.506525
32857081;2.497321
32858080;2.460505
32859076;2.451301
32860081;2.445165
32861081;2.463573
32862094;2.457437
32863077;2.435961
32864078;2.455903
32865077;2.477379
32866077;2.429826
32867077;2.405282
32868077;2.428292
32869077;2.385340
32870078;2.400680
32871077;2.370000
32872077;2.383806
32873090;2.393010
32874081;2.317845
32875081;2.376136
32876081;2.337787
32877080;2.354661
32878081;2.359262
32879080;2.343923
32880081;2.334719
32881080;2.294835
32882081;2.319379
32883093;2.284097
32884077;2.328583
32885077;2.305573
32886078;2.310175
32887077;2.268758
32888077;2.304039
32889081;2.271826
32890077;2.285631
32891077;2.291767
32892077;2.248816
32893089;2.258020
32894093;2.224272
32895077;2.256486
32896076;2.267224
32897077;2.268758
32898081;2.247282
32899078;2.205864
32900076;2.239612
32901077;2.225806
32902079;2.248816
32903077;2.230408
32904092;2.198195
32905080;2.219670
32906081;2.212000
32907079;2.231942
32908080;2.198195
32909078;2.225806
32910079;2.184389
32911077;2.199728
32912078;2.164447
32913077;2.199728
32914091;2.218136
32915078;2.159845
32916080;2.196661
32917077;2.156777
32918078;2.207398
32919077;2.199728
32920078;2.204330
32921077;2.178253
32922078;2.170583
32923077;2.187457
32924093;2.184389
32925078;2.196661
32926081;2.167515
32927077;2.193593
32928080;2.176719
32929081;2.175185
32930079;2.192059
32931081;2.190525
32932079;2.195127
32933079;2.144505
32934078;2.195127
32935093;2.147573
32936080;2.179787
32937081;2.195127
32938078;2.190525
32939079;2.188991
32940077;2.149107
32941078;2.198195
32942077;2.185923
32943078;2.207398
32944077;2.184389
32945090;2.184389
32946080;2.173651
32947078;2.199728
32948079;2.208932
32949077;2.179787
32950078;2.216602
32951077;2.167515
32952078;2.202796
32953077;2.192059
32954078;2.205864
32955077;2.216602
32956092;2.181321
32957079;2.224272
32958080;2.195127
32959078;2.230408
32960080;2.210466
32961077;2.241146
32962078;2.231942
32963077;2.207398
32964078;2.261088
32965077;2.230408
32966094;2.250350
32967081;2.241146
32968077;2.250350
32969081;2.126097
32970077;2.264156
32971081;2.261088
32972077;2.270292
32973081;2.282563
32974077;2.245748
32975081;2.241146
32976094;2.254952
32977092;2.293301
32978079;2.313243
32979076;2.325515
32980079;2.305573
32981080;2.299437
32982079;2.334719
32983080;2.310175
32984078;2.343923
32985079;2.337787
32986077;2.325515
32987091;2.317845
32988079;2.353127
32989080;2.368466
32990079;2.327049
32991080;2.385340
32992078;2.351593
32993079;2.380738
32994077;2.360796
32995079;2.396078
32996077;2.414486
32997093;2.371534
32998078;2.426758
32999077;2.396078
33000078;2.437495
33001076;2.445165
33002077;2.463573
33003080;2.451301
33004076;2.437495
33005080;2.462039
33006080;2.474311
33007085;2.497321
33008090;2.486583
33009078;2.511127
33010079;2.472777
33011077;2.511127
33012078;2.534136
33013076;2.543340
33014077;2.551010
33015080;2.503457
33016076;2.535670
33017079;2.524932
33018094;2.567884
33019078;2.595495
33020078;2.592427
33021077;2.597029
33022078;2.569418
33023076;2.624641
33024077;2.615437
33025081;2.644583
33026077;2.627709
33027080;2.629243
33028092;2.644583
33029080;2.659923
33030081;2.687534
33031079;2.643049
33032080;2.707476
33033079;2.661457
33034080;2.707476
33035078;2.682932
33036079;2.725884
33037077;2.753496
33038078;2.718214
33039093;2.748894
33040081;2.732020
33041077;2.785709
33042080;2.788777
33043076;2.810253
33044079;2.794913
33045080;2.791845
33046079;2.824059
33047080;2.820991
33048078;2.856272
33049094;2.840933
33050077;2.876214
33051078;2.853204
33052076;2.865476
33053078;2.897690
33054076;2.900758
33055077;2.908428
33056081;2.880816
33057077;2.923768
33058080;2.902292
33059076;2.951379
33060092;2.963651
33061080;2.980525
33062076;2.968253
33063080;2.966719
33064081;2.991263
33065079;2.995865
33066080;3.026544
33067079;2.991263
33068080;3.018874
33069078;3.000467
33070090;3.049554
33071080;3.044952
33072079;3.048020
33073080;3.058758
33074079;3.046486
33075080;3.095573
33076079;3.101709
33077080;3.103243
33078078;3.132389
33079080;3.100175
33080090;-3.136991
33081078;3.135457
33082079;-3.113981
33083079;-3.107845
33084079;-3.084836
33085079;-3.097107
33086079;-3.067962
33087078;-3.063360
33088078;-3.075632
33089077;-3.038816
33090078;-3.080234
33091094;-3.015806
33092079;-3.058758
33093079;-3.018874
33094079;-3.003535
33095079;-3.031146
33096080;-2.983593
33097078;-3.012738
33098078;-2.965185
33099078;-2.986661
33100078;-2.942175
33101090;-2.948311
33102081;-2.923768
33103080;-2.934505
33104081;-2.939107
33105081;-2.902292
33106081;-2.909962
33107080;-2.886952
33108081;-2.911496
33109081;-2.883884
33110081;-2.916098
33111080;-2.868544
33112092;-2.848602
33113078;-2.860874
33114077;-2.837865
33115078;-2.874680
33116077;-2.828661
33117077;-2.836331
33118077;-2.807185
33119077;-2.804117
33120077;-2.833263
33121078;-2.805651
33122090;-2.797981
33123080;-2.767301
33124079;-2.776505
33125081;-2.755030
33126079;-2.793379
33127080;-2.758098
33128078;-2.732020
33129080;-2.741224
33130078;-2.721282
33131080;-2.755030
33132094;-2.715146
33133077;-2.747360
33134078;-2.705942
33135077;-2.690602
33136078;-2.684466
33137076;-2.689068
33138077;-2.713612
33139076;-2.669127
33140077;-2.673729
33141081;-2.650719
33142077;-2.672195
33143094;-2.659923
33144079;-2.687534
33145077;-2.666059
33146079;-2.626175
33147078;-2.638447
33148079;-2.621573
33149078;-2.661457
33150080;-2.629243
33151079;-2.653787
33152079;-2.607767
33153090;-2.606233
33154078;-2.643049
33155080;-2.601631
33156078;-2.629243
33157079;-2.586292
33158078;-2.601631
33159079;-2.574020
33160078;-2.589360
33161079;-2.587826
33162078;-2.616971
33163094;-2.595495
33164079;-2.558680
33165077;-2.580156
33166079;-2.560214
33167081;-2.600097
33168077;-2.566350
33169081;-2.549476
33170077;-2.567884
33171081;-2.558680
33172077;-2.577088
33173081;-2.549476
33174092;-2.577088
33175080;-2.546408
33176080;-2.549476
33177077;-2.554078
33178078;-2.544874
33179077;-2.532602
33180078;-2.540272
33181081;-2.532602
33182077;-2.544874
33183080;-2.581690
33184091;-2.504991
33185078;-2.564816
33186079;-2.538738
33187077;-2.520330
33188078;-2.529534
33189077;-2.524932
33190078;-2.572486
33191077;-2.537204
33192078;-2.567884
33193077;-2.537204
33194091;-2.532602
33195077;-2.561748
33196080;-2.540272
33197081;-2.546408
33198078;-2.537204
33199079;-2.526466
33200078;-2.524932
33201079;-2.544874
33202077;-2.570952
33203079;-2.560214
33204077;-2.546408
33205093;-2.529534
33206081;-2.575554
33207077;-2.535670
33208080;-2.587826
33209081;-2.552544
33210079;-2.551010
33211081;-2.558680
33212079;-2.552544
33213079;-2.589360
33214077;-2.555612
33215093;-2.566350
33216081;-2.558680
33217076;-2.577088
33218079;-2.546408
33219081;-2.581690
33220079;-2.583224
33221080;-2.566350
33222077;-2.584758
33223078;-2.567884
33224077;-2.626175
33225090;-2.584758
33226078;-2.638447
33227079;-2.601631
33228077;-2.592427
33229079;-2.610835
33230077;-2.609301
33231078;-2.647651
33232077;-2.616971
33233078;-2.641515
33234077;-2.610835
33235079;-2.630777
33236090;-2.664525
33237077;-2.646117
33238078;-2.667593
33239076;-2.635379
33240077;-2.649185
33241081;-2.641515
33242076;-2.686000
33243080;-2.670661
33244081;-2.727418
33245079;-2.681398
33246091;-2.662991
33247079;-2.722816
33248079;-2.678330
33249078;-2.732020
33250079;-2.701340
33251077;-2.702874
33252078;-2.702874
33253077;-2.724350
33254078;-2.761165
33255076;-2.724350
33256103;-2.733554
33257077;-2.736622
33258081;-2.755030
33259077;-2.750428
33260080;-2.796447
33261076;-2.764233
33262080;-2.765767
33263080;-2.781107
33264079;-2.768835
33265080;-2.822525
33266078;-2.785709
33267089;-2.837865
33268077;-2.807185
33269079;-2.811787
33270077;-2.770369
33271078;-2.834797
33272076;-2.867010
33273078;-2.837865
33274076;-2.856272
33275077;-2.844001
33276080;-2.873146
33277092;-2.902292
33278080;-2.909962
33279076;-2.893088
33280079;-2.874680
33281080;-2.891554
33282078;-2.908428
33283080;-2.940641
33284078;-2.879282
33285079;-2.911496
33286077;-2.942175
33287078;-2.977457
33288091;-2.988195
33289077;-2.957515
33290081;-2.994331
33291077;-2.985127
33292081;-2.977457
33293077;-2.960583
33294080;-3.026544
33295076;-3.034214
33296079;-3.011204
33297080;-3.035748
33298078;-3.018874
33299092;-3.058758
33300080;-3.009670
33301081;-3.098641
33302079;-3.066428
33303080;-3.061826
33304079;-3.077166
33305080;-3.063360
33306078;-3.141593
33307079;-3.100175
33308077;3.130855
33309089;-3.089437
33310092;-3.121651
33311080;-3.130855
33312076;3.135457
33313079;3.098641
33314080;3.123185
33315079;3.094039
33316080;3.121651
33317078;3.094039
33318079;3.074098
33319077;3.057224
33320093;3.074098
33321079;3.077166
33322077;3.052622
33323079;3.058758
33324077;3.018874
33325078;3.026544
33326076;2.980525
33327077;2.997399
33328080;3.011204
33329077;2.957515
33330080;2.989729
33331092;2.946777
33332077;2.978991
33333081;2.971321
33334077;2.972855
33335081;2.942175
33336077;2.914564
33337081;2.906894
33338081;2.906894
33339081;2.923768
33340081;2.894622
33341090;2.902292
33342078;2.853204
33343080;2.876214
33344078;2.899224
33345080;2.848602
33346079;2.868544
33347078;2.817923
33348077;2.848602
33349078;2.797981
33350077;2.816389
33351078;2.817923
33352090;2.820991
33353081;2.801049
33354079;2.776505
33355081;2.791845
33356080;2.745826
33357081;2.785709
33358080;2.756564
33359081;2.744292
33360080;2.698272
33361081;2.730486
33362080;2.745826
33363092;2.715146
33364080;2.727418
33365081;2.667593
33366080;2.699806
33367080;2.658389
33368078;2.687534
33369079;2.682932
33370079;2.630777
33371079;2.662991
33372079;2.632311
33373080;2.661457
33374094;2.653787
33375079;2.641515
33376079;2.610835
33377079;2.595495
33378077;2.578622
33379079;2.592427
33380077;2.616971
33381078;2.578622
33382077;2.604699
33383078;2.551010
33384094;2.574020
33385079;2.584758
33386078;2.590894
33387079;2.555612
33388077;2.537204
33389078;2.541806
33390077;2.526466
33391078;2.540272
33392077;2.529534
33393078;2.537204
33394093;2.517262
33395081;2.494253
33396077;2.526466
33397080;2.477379
33398081;2.515728
33399080;2.495787
33400081;2.471243
33401079;2.494253
33402081;2.472777
33403080;2.492719
33404081;2.471243
33405090;2.481981
33406081;2.422156
33407079;2.448233
33408081;2.425224
33409080;2.452835
33410081;2.449767
33411080;2.397612
33412080;2.442097
33413079;2.408350
33414079;2.432894
33415092;2.419088
33416077;2.452835
33417081;2.414486
33418076;2.386874
33419081;2.379204
33420076;2.408350
33421080;2.416020
33422081;2.396078
33423081;2.412952
33424081;2.359262
33425091;2.391476
33426081;2.397612
33427079;2.389942
33428081;2.386874
33429079;2.343923
33430081;2.386874
33431079;2.376136
33432080;2.383806
33433077;2.385340
33434078;2.377670
33435090;2.379204
33436091;2.342389
33437077;2.380738
33438078;2.359262
33439077;2.376136
33440078;2.350059
33441077;2.345457
33442078;2.333185
33443077;2.343923
33444078;2.368466
33445077;2.356194
33446093;2.366932
33447080;2.316311
33448081;2.351593
33449079;2.319379
33450081;2.365398
33451080;2.353127
33452081;2.322447
33453079;2.348525
33454080;2.322447
33455078;2.368466
33456093;2.345457
33457078;2.368466
33458076;2.348525
33459079;2.328583
33460077;2.337787
33461078;2.350059
33462077;2.373068
33463078;2.320913
33464077;2.371534
33465078;2.325515
33466082;2.357728
33467091;2.376136
33468078;2.371534
33469080;2.365398
33470077;2.334719
33471078;2.360796
33472077;2.382272
33473078;2.380738
33474077;2.376136
33475078;2.388408
33476077;2.362330
33477093;2.379204
33478078;2.402214
33479081;2.382272
33480077;2.414486
33481081;2.376136
33482077;2.394544
33483081;2.356194
33484077;2.399146
33485081;2.409884
33486076;2.454369
33487079;2.455903
33488093;2.376136
33489081;2.414486
33490081;2.393010
33491080;2.419088
33492080;2.426758
33493078;2.432894
33494080;2.432894
33495078;2.419088
33496079;2.439029
33497077;2.429826
33498078;2.463573
33499093;2.437495
33500078;2.442097
33501077;2.412952
33502078;2.475845
33503076;2.483515
33504077;2.434427
33505080;2.478913
33506076;2.446699
33507080;2.485049
33508081;2.500389
33509079;2.509593
33510090;2.495787
33511078;2.469709
33512079;2.517262
33513077;2.494253
33514079;2.537204
33515077;2.526466
33516078;2.543340
33517081;2.560214
33518077;2.540272
33519080;2.561748
33520091;2.552544
33521079;2.574020
33522081;2.540272
33523079;2.566350
33524080;2.537204
33525078;2.575554
33526079;2.598563
33527077;2.616971
33528078;2.598563
33529076;2.572486
33530078;2.616971
33531094;2.592427
33532077;2.647651
33533078;2.624641
33534076;2.607767
33535078;2.610835
33536076;2.635379
33537077;2.678330
33538080;2.652253
33539076;2.675262
33540079;2.647651
33541094;2.679864
33542093;2.661457
33543076;2.698272
33544077;2.718214
33545081;2.704408
33546077;2.722816
33547080;2.690602
33548076;2.724350
33549079;2.738156
33550080;2.755030
33551090;2.753496
33552093;2.730486
33553076;2.761165
33554077;2.756564
33555081;2.788777
33556077;2.784175
33557080;2.808719
33558081;2.774971
33559079;2.802583
33560081;2.830195
33561079;2.816389
33562090;2.831729
33563076;2.816389
33564079;2.820991
33565080;2.816389
33566079;2.865476
33567079;2.885418
33568077;2.876214
33569079;2.882350
33570077;2.853204
33571078;2.902292
33572076;2.877748
33573094;2.908428
33574077;2.919166
33575078;2.896156
33576076;2.934505
33577077;2.920700
33578080;2.966719
33579077;2.949845
33580080;2.982059
33581081;2.951379
33582079;2.975923
33583090;2.960583
33584078;2.978991
33585079;3.020408
33586078;3.011204
33587079;3.034214
33588077;2.994331
33589078;3.034214
33590077;3.060292
33591078;3.051088
33592076;3.054156
33593077;3.034214
33594093;3.072564
33595079;3.048020
33596080;3.090971
33597081;-3.138525
33598080;3.103243
33599081;3.098641
33600081;3.113981
33601081;-3.135457
33602079;3.129321
33603081;-3.095573
33604094;3.118583
33605079;3.123185
33606077;3.126253
33607078;-3.129321
33608077;-3.095573
33609078;-3.101709
33610077;-3.078700
33611077;-3.113981
33612077;-3.092505
33613078;-3.109379
33614090;-3.066428
33615081;-3.048020
33616081;-3.083302
33617081;-3.034214
33618080;-3.037282
33619076;-3.020408
33620080;-3.011204
33621081;-2.997399
33622080;-3.000467
33623081;-3.032680
33624142;-3.025010
33625077;-3.015806
33626078;-2.969787
33627077;-2.977457
33628078;-2.954447
33629077;-2.977457
33630077;-2.965185
33631077;-2.939107
33632078;-2.945243
33633077;-2.903826
